Workbook
Name __JJ132: #REF!
Name __JK132: #REF!
Name __JN132: #REF!
Name __p1: #REF!
Name _95년_포상금_지급내역: #REF!
Name _JJ132: #REF!
Name _JK132: #REF!
Name _JN132: #REF!
Name _p1: #REF!
Name a: #REF!
Name alf: #REF!
Name b: #REF!
Name BOX형수로집계: #REF!
Name CV_1C: #REF!
Name CV_1C: #REF!
Name d: #REF!
Name N: #REF!
Name P: #REF!
Name Print_Area_MI: #REF!
Name Q: #REF!
Name SIZE: #REF!
Name SIZE: #REF!
Name 강감찬: #REF!
Name 경계점말뚝: #REF!
Name 계약단가: #REF!
Name 고급: #REF!
Name 공공시설: #REF!
Name 공사비: #REF!
Name 공업용뇌관2: #REF!
Name 교육: #REF!
Name 교통: #REF!
Name 기간: #REF!
Name 김유신: #REF!
Name 노임: #REF!
Name 노임: #REF!
Name 다이너마이트2: #REF!
Name 단가: #REF!
Name 단가: #REF!
Name 단순공종: #REF!
Name 대기질: #REF!
Name 대기질측정: #REF!
Name 대안설정: #REF!
Name 동식물상: #REF!
Name ㅁ1: #REF!
Name 명수: #REF!
Name 문화재: #REF!
Name 백색페인트: #REF!
Name 보정계수1: #REF!
Name 보정계수2: #REF!
Name 보정계수3: #REF!
Name 보조: #REF!
Name 보통공종: #REF!
Name 보통인부: #REF!
Name 복잡공종: #REF!
Name 비닐전화선: #REF!
Name 뿌로마이드: #REF!
Name 사정: #REF!
Name 사후환경조사: #REF!
Name 산업: #REF!
Name 선택: #REF!

Sheet 원가
A1: 원 가 계 산 서
A3: 공사명: | C3: 강릉시 입암동 통합공공임대주택 건립사업 신축공사(전기)
A4: 비 목 | C4: 구 분 | D4: 금 액 | E4: 구 성 비 | I4: 요율 | J4: 수량 | K4: 금액 | L4: 이윤 | M4: 끝자리 맞추기
B5: 재 료 비 | C5: 직 접 재 료 비 | D5: =옵션!$B$2 -> 344292005 | J5: 1 | K5: =D5*J5 -> 344292005
C6: 간 접 재 료 비 | K6: =D6*J6 -> 0
C7: ( 소 계 ) | D7: =SUM(D5:D6) -> 344292005 | K7: =D7*J7 -> 0
A8: 순 | B8: 노 무 비 | C8: 직 접 노 무 비 | D8: =옵션!$C$2 -> 897549290 | J8: 1 | K8: =D8*J8 -> 897549290
C9: 간 접 노 무 비 | D9: =TRUNC(D8*I9/100) -> 135529942 | E9: (직접 노무비) * 15.1 % | I9: 15.1 | J9: 1 | K9: =D9*J9 -> 135529942
C10: ( 소 계 ) | D10: =SUM(D8:D9) -> 1033079232 | K10: =D10*J10 -> 0
C11: 기 계 경 비 | D11: =옵션!$D$2 -> 542331 | J11: 1 | K11: =D11*J11 -> 542331
C12: 산 재 보 험 료 | D12: =TRUNC(D10*I12/100) -> 36777620 | E12: (노무비) * 3.56 % | I12: 3.56 | J12: 1 | K12: =D12*J12 -> 36777620
A13: 공 | C13: 고 용 보 험 료 | D13: =TRUNC(D10*I13/100) -> 10434100 | E13: (노무비) * 1.01 % | I13: 1.01 | J13: 1 | K13: =D13*J13 -> 10434100
B14: 경 | C14: 퇴 직 금 공 제 | D14: =TRUNC(D8*I14/100) -> 20643633 | E14: (직접 노무비) * 2.3 % | I14: 2.3 | J14: 1 | K14: =D14*J14 -> 20643633
C15: 안 전 관 리 비 | D15: =TRUNC((4325000+(D7+D8+D32/1.1))*I15/100) -> 32595894 | E15: (재료+직노) * 2.28 % | I15: 2.28 | J15: 1 | K15: =D15*J15 -> 32595894
C16: 기 타 경 비 | D16: =TRUNC((D7+D10)*I16/100) -> 70245933 | E16: (재료+노무) * 5.1 % | I16: 5.1 | J16: 1 | K16: =D16*J16 -> 70245933
C17: 건 강 보 험 료 | D17: =TRUNC(D8*I17/100) -> 32266896 | E17: (직접 노무비) * 3.595 % | I17: 3.595 | J17: 1 | K17: =D17*J17 -> 32266896
A18: 사 | C18: 연 금 보 험 료 | D18: =TRUNC(D8*I18/100) -> 42633591 | E18: (직접 노무비) * 4.75 % | I18: 4.75 | J18: 1 | K18: =D18*J18 -> 42633591
C19: 노인장기요양보험 | D19: =TRUNC(D17*I19/100) -> 4239870 | E19: (건강 보험료) * 13.14 % | I19: 13.14 | J19: 1 | K19: =D19*J19 -> 4239870
K20: =D20*J20 -> 0
K21: =D21*J21 -> 0
B22: 비 | K22: =D22*J22 -> 0
A23: 비 | K23: =D23*J23 -> 0
K24: =D24*J24 -> 0
C25: ( 소 계 ) | D25: =SUM(D11:D24) -> 250379868 | K25: =D25*J25 -> 0
B26: ( 순 공 사 비 계 ) | D26: =D7+D10+D25 -> 1627751105 | K26: =D26*J26 -> 0
A27: 일 반 관 리 비 | D27: =TRUNC((D7+D10+D25)*I27/100) -> 105803821 | E27: (재료+노무+경비) * 6.5 % | I27: 6.5 | J27: 1 | K27: =D27*J27 -> 105803821
A28: 이 윤 | D28: =TRUNC(((D10+D25+D27))*I28/100)-752 -> 208388686 | E28: (노무+경비+일반관리비) * 15 % | I28: 15 | J28: 1 | K28: =D28*J28 -> 208388686
A29: ( 총 원 가 ) | D29: =SUM(K5:K28) -> 1941943612 | K29: =D29*J29 -> 0
A30: 부 가 가 치 세 | D30: =TRUNC(D7*10%) -> 34429200 | E30: 재료비의10% | I30: 10 | J30: 1 | K30: =D30*J30 -> 34429200
D31: 0 | I31: 10 | J31: 1 | K31: =D31*J31 -> 0
A32: 도 급 자 관 급 | D32: =옵션!$F$3+999 -> 201826000 | J32: 1 | K32: =D32*J32 -> 201826000
A33: 관 급 자 관 급 | D33: =옵션!$F$4+787 -> 427708000 | J33: 1 | K33: =D33*J33 -> 427708000
A34: 한 전 불 입 금 | D34: =한전불입금및사용전검사비!J84 -> 14670000 | J34: 1 | K34: =D34*J34 -> 14670000
J35: 1 | K35: =D35*J35 -> 0
A36: ( 총 계 ) | D36: =K36 -> 2620576812 | K36: =SUM(K5:K35) -> 2620576812

Sheet 총괄표
A1: 총줄수-> | B1: 237 | D1: [ 강릉시 입암동 통합공공임대주택 건립사업 신축공사 ] | AA1: 연속견적가로형식
A2: 번호 | B2: 공종코드 | C2: … | D2: 공 종 명 | E2: 규격 | F2: 단위 | G2: 수량 | H2: 재료비 | J2: 노무비 | M2: 경비 | P2: 계 | Q2: 비고
H3: 단가 | I3: 금액 | J3: 수량 | K3: 단가 | L3: 금액 | M3: 단가 | N3: 금액 | O3: 단가
B4: 공종줄 | D4: 강릉시 입암동 통합공공임대주택 건립사업 신
B5: 01 | D5: 1.전기공사 | F5: 식 | G5: 1 | H5: =총괄표!I81 -> 344292005 | I5: =G5*H5 -> 344292005 | K5: =총괄표!L81 -> 897549290 | L5: =G5*K5 -> 897549290 | M5: =총괄표!N81 -> 542331 | N5: =G5*M5 -> 542331 | O5: =IF((H5+K5+M5)=0, "", (H5+K5+M5)) -> 1242383626 | P5: =SUM(I5,L5,N5) -> 1242383626
C29: Total | D29: ( 합 계 ) | I29: =TRUNC(SUM(I4:I28)) -> 344292005 | L29: =TRUNC(SUM(L4:L28)) -> 897549290 | N29: =TRUNC(SUM(N4:N28)) -> 542331 | O29: =IF((H29+K29+M29)=0, "", (H29+K29+M29)) | P29: =TRUNC(SUM(P4:P28)) -> 1242383626
B30: 공종줄 | D30: 강릉시 입암동 통합공공임대주택 건립사업 신
B31: 02 | D31: 2.도급자관급 | F31: 식 | G31: 1 | H31: =총괄표!I211 -> 201825001 | I31: =G31*H31 -> 201825001 | K31: =총괄표!L211 -> 0 | L31: =G31*K31 -> 0 | M31: =총괄표!N211 -> 0 | N31: =G31*M31 -> 0 | O31: =IF((H31+K31+M31)=0, "", (H31+K31+M31)) -> 201825001 | P31: =SUM(I31,L31,N31) -> 201825001
B32: 03 | D32: 3.관급자관급 | F32: 식 | G32: 1 | H32: =총괄표!I237 -> 424636881 | I32: =G32*H32 -> 424636881 | K32: =총괄표!L237 -> 0 | L32: =G32*K32 -> 0 | M32: =총괄표!N237 -> 3070332 | N32: =G32*M32 -> 3070332 | O32: =IF((H32+K32+M32)=0, "", (H32+K32+M32)) -> 427707213 | P32: =SUM(I32,L32,N32) -> 427707213
C55: Total | D55: ( 합 계 ) | I55: =TRUNC(SUM(I30:I54)) -> 626461882 | L55: =TRUNC(SUM(L30:L54)) -> 0 | N55: =TRUNC(SUM(N30:N54)) -> 3070332 | O55: =IF((H55+K55+M55)=0, "", (H55+K55+M55)) | P55: =TRUNC(SUM(P30:P54)) -> 629532214
B56: 공종줄 | D56: 1.전기공사
B57: 0101 | D57: 1-1.공동주택 | F57: 식 | G57: 1 | H57: =총괄표!I107 -> 189884042 | I57: =G57*H57 -> 189884042 | K57: =총괄표!L107 -> 644295815 | L57: =G57*K57 -> 644295815 | M57: =총괄표!N107 -> 2508 | N57: =G57*M57 -> 2508 | O57: =IF((H57+K57+M57)=0, "", (H57+K57+M57)) -> 834182365 | P57: =SUM(I57,L57,N57) -> 834182365
B58: 0102 | D58: 1-2.부대시설 | F58: 식 | G58: 1 | H58: =총괄표!I159 -> 17288143 | I58: =G58*H58 -> 17288143 | K58: =총괄표!L159 -> 44218688 | L58: =G58*K58 -> 44218688 | M58: =총괄표!N159 -> 0 | N58: =G58*M58 -> 0 | O58: =IF((H58+K58+M58)=0, "", (H58+K58+M58)) -> 61506831 | P58: =SUM(I58,L58,N58) -> 61506831
B59: 0103 | D59: 1-3.지하주차장 | F59: 식 | G59: 1 | H59: =총괄표!I185 -> 137119820 | I59: =G59*H59 -> 137119820 | K59: =총괄표!L185 -> 209034787 | L59: =G59*K59 -> 209034787 | M59: =총괄표!N185 -> 539823 | N59: =G59*M59 -> 539823 | O59: =IF((H59+K59+M59)=0, "", (H59+K59+M59)) -> 346694430 | P59: =SUM(I59,L59,N59) -> 346694430
B81: 01 | C81: Total | D81: ( 합 계 ) | I81: =TRUNC(SUM(I56:I80)) -> 344292005 | L81: =TRUNC(SUM(L56:L80)) -> 897549290 | N81: =TRUNC(SUM(N56:N80)) -> 542331 | O81: =IF((H81+K81+M81)=0, "", (H81+K81+M81)) | P81: =TRUNC(SUM(P56:P80)) -> 1242383626
B82: 공종줄 | D82: 1.전기공사::1-1.공동주택
B83: 010101 | D83: 1-1-1.전기단위세대공사 | F83: 식 | G83: 1 | H83: =총괄표!I133 -> 70170959 | I83: =G83*H83 -> 70170959 | K83: =총괄표!L133 -> 445848834 | L83: =G83*K83 -> 445848834 | M83: =총괄표!N133 -> 0 | N83: =G83*M83 -> 0 | O83: =IF((H83+K83+M83)=0, "", (H83+K83+M83)) -> 516019793 | P83: =SUM(I83,L83,N83) -> 516019793
B84: 010102 | D84: 1-1-2.전력간선설비공사 | F84: 식 | G84: 1 | H84: =내역서!I289 -> 51374819 | I84: =G84*H84 -> 51374819 | K84: =내역서!L289 -> 87042155 | L84: =G84*K84 -> 87042155 | M84: =내역서!N289 -> 0 | N84: =G84*M84 -> 0 | O84: =IF((H84+K84+M84)=0, "", (H84+K84+M84)) -> 138416974 | P84: =SUM(I84,L84,N84) -> 138416974
B85: 010103 | D85: 1-1-3.동력설비공사 | F85: 식 | G85: 1 | H85: =내역서!I315 -> 412004 | I85: =G85*H85 -> 412004 | K85: =내역서!L315 -> 1359615 | L85: =G85*K85 -> 1359615 | M85: =내역서!N315 -> 0 | N85: =G85*M85 -> 0 | O85: =IF((H85+K85+M85)=0, "", (H85+K85+M85)) -> 1771619 | P85: =SUM(I85,L85,N85) -> 1771619
B86: 010104 | D86: 1-1-4.전등설비공사 | F86: 식 | G86: 1 | H86: =내역서!I341 -> 3339695 | I86: =G86*H86 -> 3339695 | K86: =내역서!L341 -> 29974439 | L86: =G86*K86 -> 29974439 | M86: =내역서!N341 -> 0 | N86: =G86*M86 -> 0 | O86: =IF((H86+K86+M86)=0, "", (H86+K86+M86)) -> 33314134 | P86: =SUM(I86,L86,N86) -> 33314134
B87: 010105 | D87: 1-1-5.전열설비공사 | F87: 식 | G87: 1 | H87: =내역서!I367 -> 1815363 | I87: =G87*H87 -> 1815363 | K87: =내역서!L367 -> 8043692 | L87: =G87*K87 -> 8043692 | M87: =내역서!N367 -> 0 | N87: =G87*M87 -> 0 | O87: =IF((H87+K87+M87)=0, "", (H87+K87+M87)) -> 9859055 | P87: =SUM(I87,L87,N87) -> 9859055
B88: 010106 | D88: 1-1-6.피뢰설비공사 | F88: 식 | G88: 1 | H88: =내역서!I393 -> 8415881 | I88: =G88*H88 -> 8415881 | K88: =내역서!L393 -> 11631411 | L88: =G88*K88 -> 11631411 | M88: =내역서!N393 -> 2508 | N88: =G88*M88 -> 2508 | O88: =IF((H88+K88+M88)=0, "", (H88+K88+M88)) -> 20049800 | P88: =SUM(I88,L88,N88) -> 20049800
B89: 010107 | D89: 1-1-7.태양광설비공사 | F89: 식 | G89: 1 | H89: =내역서!I419 -> 4736754 | I89: =G89*H89 -> 4736754 | K89: =내역서!L419 -> 9995296 | L89: =G89*K89 -> 9995296 | M89: =내역서!N419 -> 0 | N89: =G89*M89 -> 0 | O89: =IF((H89+K89+M89)=0, "", (H89+K89+M89)) -> 14732050 | P89: =SUM(I89,L89,N89) -> 14732050
B90: 010108 | D90: 1-1-8.원격검침설비공사 | F90: 식 | G90: 1 | H90: =내역서!I445 -> 49618567 | I90: =G90*H90 -> 49618567 | K90: =내역서!L445 -> 50400373 | L90: =G90*K90 -> 50400373 | M90: =내역서!N445 -> 0 | N90: =G90*M90 -> 0 | O90: =IF((H90+K90+M90)=0, "", (H90+K90+M90)) -> 100018940 | P90: =SUM(I90,L90,N90) -> 100018940
B107: 0101 | C107: Total | D107: ( 합 계 ) | I107: =TRUNC(SUM(I82:I106)) -> 189884042 | L107: =TRUNC(SUM(L82:L106)) -> 644295815 | N107: =TRUNC(SUM(N82:N106)) -> 2508 | O107: =IF((H107+K107+M107)=0, "", (H107+K107+M107)) | P107: =TRUNC(SUM(P82:P106)) -> 834182365
B108: 공종줄 | D108: 1.전기공사::1-1.공동주택::1-1-1.전기단위세대공사
B109: 01010101 | D109: 1-1-1-1.전기단위세대(52㎡-4세대) | F109: 식 | G109: 1 | H109: =내역서!I55 -> 3695743 | I109: =G109*H109 -> 3695743 | K109: =내역서!L55 -> 24100672 | L109: =G109*K109 -> 24100672 | M109: =내역서!N55 -> 0 | N109: =G109*M109 -> 0 | O109: =IF((H109+K109+M109)=0, "", (H109+K109+M109)) -> 27796415 | P109: =SUM(I109,L109,N109) -> 27796415
B110: 01010102 | D110: 1-1-1-2.전기단위세대(51㎡-39세대) | F110: 식 | G110: 1 | H110: =내역서!I107 -> 36293190 | I110: =G110*H110 -> 36293190 | K110: =내역서!L107 -> 236792377 | L110: =G110*K110 -> 236792377 | M110: =내역서!N107 -> 0 | N110: =G110*M110 -> 0 | O110: =IF((H110+K110+M110)=0, "", (H110+K110+M110)) -> 273085567 | P110: =SUM(I110,L110,N110) -> 273085567
B111: 01010103 | D111: 1-1-1-3.전기단위세대(42㎡-17세대) | F111: 식 | G111: 1 | H111: =내역서!I159 -> 15770169 | I111: =G111*H111 -> 15770169 | K111: =내역서!L159 -> 103149180 | L111: =G111*K111 -> 103149180 | M111: =내역서!N159 -> 0 | N111: =G111*M111 -> 0 | O111: =IF((H111+K111+M111)=0, "", (H111+K111+M111)) -> 118919349 | P111: =SUM(I111,L111,N111) -> 118919349
B112: 01010104 | D112: 1-1-1-4.전기단위세대(20㎡-20세대) | F112: 식 | G112: 1 | H112: =내역서!I211 -> 14411857 | I112: =G112*H112 -> 14411857 | K112: =내역서!L211 -> 81806605 | L112: =G112*K112 -> 81806605 | M112: =내역서!N211 -> 0 | N112: =G112*M112 -> 0 | O112: =IF((H112+K112+M112)=0, "", (H112+K112+M112)) -> 96218462 | P112: =SUM(I112,L112,N112) -> 96218462
B133: 010101 | C133: Total | D133: ( 합 계 ) | I133: =TRUNC(SUM(I108:I132)) -> 70170959 | L133: =TRUNC(SUM(L108:L132)) -> 445848834 | N133: =TRUNC(SUM(N108:N132)) -> 0 | O133: =IF((H133+K133+M133)=0, "", (H133+K133+M133)) | P133: =TRUNC(SUM(P108:P132)) -> 516019793
B134: 공종줄 | D134: 1.전기공사::1-2.부대시설
B135: 010201 | D135: 1-2-1.전력간선설비공사 | F135: 식 | G135: 1 | H135: =내역서!I497 -> 8146951 | I135: =G135*H135 -> 8146951 | K135: =내역서!L497 -> 15234857 | L135: =G135*K135 -> 15234857 | M135: =내역서!N497 -> 0 | N135: =G135*M135 -> 0 | O135: =IF((H135+K135+M135)=0, "", (H135+K135+M135)) -> 23381808 | P135: =SUM(I135,L135,N135) -> 23381808
B136: 010202 | D136: 1-2-2.동력설비공사 | F136: 식 | G136: 1 | H136: =내역서!I549 -> 2800156 | I136: =G136*H136 -> 2800156 | K136: =내역서!L549 -> 9612794 | L136: =G136*K136 -> 9612794 | M136: =내역서!N549 -> 0 | N136: =G136*M136 -> 0 | O136: =IF((H136+K136+M136)=0, "", (H136+K136+M136)) -> 12412950 | P136: =SUM(I136,L136,N136) -> 12412950
B137: 010203 | D137: 1-2-3.전등설비공사 | F137: 식 | G137: 1 | H137: =내역서!I575 -> 4056614 | I137: =G137*H137 -> 4056614 | K137: =내역서!L575 -> 7981123 | L137: =G137*K137 -> 7981123 | M137: =내역서!N575 -> 0 | N137: =G137*M137 -> 0 | O137: =IF((H137+K137+M137)=0, "", (H137+K137+M137)) -> 12037737 | P137: =SUM(I137,L137,N137) -> 12037737
B138: 010204 | D138: 1-2-4.전열설비공사 | F138: 식 | G138: 1 | H138: =내역서!I601 -> 1527040 | I138: =G138*H138 -> 1527040 | K138: =내역서!L601 -> 10243086 | L138: =G138*K138 -> 10243086 | M138: =내역서!N601 -> 0 | N138: =G138*M138 -> 0 | O138: =IF((H138+K138+M138)=0, "", (H138+K138+M138)) -> 11770126 | P138: =SUM(I138,L138,N138) -> 11770126
B139: 010205 | D139: 1-2-5.원격검침설비공사 | F139: 식 | G139: 1 | H139: =내역서!I627 -> 757382 | I139: =G139*H139 -> 757382 | K139: =내역서!L627 -> 1146828 | L139: =G139*K139 -> 1146828 | M139: =내역서!N627 -> 0 | N139: =G139*M139 -> 0 | O139: =IF((H139+K139+M139)=0, "", (H139+K139+M139)) -> 1904210 | P139: =SUM(I139,L139,N139) -> 1904210
B159: 0102 | C159: Total | D159: ( 합 계 ) | I159: =TRUNC(SUM(I134:I158)) -> 17288143 | L159: =TRUNC(SUM(L134:L158)) -> 44218688 | N159: =TRUNC(SUM(N134:N158)) -> 0 | O159: =IF((H159+K159+M159)=0, "", (H159+K159+M159)) | P159: =TRUNC(SUM(P134:P158)) -> 61506831
B160: 공종줄 | D160: 1.전기공사::1-3.지하주차장
B161: 010301 | D161: 1-3-1.옥외보안등공사 | F161: 식 | G161: 1 | H161: =내역서!I653 -> 2462251 | I161: =G161*H161 -> 2462251 | K161: =내역서!L653 -> 4636151 | L161: =G161*K161 -> 4636151 | M161: =내역서!N653 -> 374879 | N161: =G161*M161 -> 374879 | O161: =IF((H161+K161+M161)=0, "", (H161+K161+M161)) -> 7473281 | P161: =SUM(I161,L161,N161) -> 7473281
B162: 010302 | D162: 1-3-2.수변전설비공사 | F162: 식 | G162: 1 | H162: =내역서!I705 -> 55118035 | I162: =G162*H162 -> 55118035 | K162: =내역서!L705 -> 34723280 | L162: =G162*K162 -> 34723280 | M162: =내역서!N705 -> 162312 | N162: =G162*M162 -> 162312 | O162: =IF((H162+K162+M162)=0, "", (H162+K162+M162)) -> 90003627 | P162: =SUM(I162,L162,N162) -> 90003627
B163: 010303 | D163: 1-3-3.전력간선설비공사 | F163: 식 | G163: 1 | H163: =내역서!I757 -> 10972715 | I163: =G163*H163 -> 10972715 | K163: =내역서!L757 -> 20456773 | L163: =G163*K163 -> 20456773 | M163: =내역서!N757 -> 0 | N163: =G163*M163 -> 0 | O163: =IF((H163+K163+M163)=0, "", (H163+K163+M163)) -> 31429488 | P163: =SUM(I163,L163,N163) -> 31429488
B164: 010304 | D164: 1-3-4.동력설비공사 | F164: 식 | G164: 1 | H164: =내역서!I835 -> 11665583 | I164: =G164*H164 -> 11665583 | K164: =내역서!L835 -> 29482634 | L164: =G164*K164 -> 29482634 | M164: =내역서!N835 -> 2632 | N164: =G164*M164 -> 2632 | O164: =IF((H164+K164+M164)=0, "", (H164+K164+M164)) -> 41150849 | P164: =SUM(I164,L164,N164) -> 41150849
B165: 010305 | D165: 1-3-5.전등설비공사 | F165: 식 | G165: 1 | H165: =내역서!I887 -> 4971116 | I165: =G165*H165 -> 4971116 | K165: =내역서!L887 -> 48170342 | L165: =G165*K165 -> 48170342 | M165: =내역서!N887 -> 0 | N165: =G165*M165 -> 0 | O165: =IF((H165+K165+M165)=0, "", (H165+K165+M165)) -> 53141458 | P165: =SUM(I165,L165,N165) -> 53141458
B166: 010306 | D166: 1-3-6.전열설비공사 | F166: 식 | G166: 1 | H166: =내역서!I913 -> 1833956 | I166: =G166*H166 -> 1833956 | K166: =내역서!L913 -> 8522658 | L166: =G166*K166 -> 8522658 | M166: =내역서!N913 -> 0 | N166: =G166*M166 -> 0 | O166: =IF((H166+K166+M166)=0, "", (H166+K166+M166)) -> 10356614 | P166: =SUM(I166,L166,N166) -> 10356614
B167: 010307 | D167: 1-3-7.접지설비공사 | F167: 식 | G167: 1 | H167: =내역서!I939 -> 11615988 | I167: =G167*H167 -> 11615988 | K167: =내역서!L939 -> 11438451 | L167: =G167*K167 -> 11438451 | M167: =내역서!N939 -> 0 | N167: =G167*M167 -> 0 | O167: =IF((H167+K167+M167)=0, "", (H167+K167+M167)) -> 23054439 | P167: =SUM(I167,L167,N167) -> 23054439
B168: 010308 | D168: 1-3-8.CABLE TRAY설비공사 | F168: 식 | G168: 1 | H168: =내역서!I965 -> 36320895 | I168: =G168*H168 -> 36320895 | K168: =내역서!L965 -> 47337607 | L168: =G168*K168 -> 47337607 | M168: =내역서!N965 -> 0 | N168: =G168*M168 -> 0 | O168: =IF((H168+K168+M168)=0, "", (H168+K168+M168)) -> 83658502 | P168: =SUM(I168,L168,N168) -> 83658502
B169: 010309 | D169: 1-3-9.빌딩자동제어공사 | F169: 식 | G169: 1 | H169: =내역서!I991 -> 2159281 | I169: =G169*H169 -> 2159281 | K169: =내역서!L991 -> 4266891 | L169: =G169*K169 -> 4266891 | M169: =내역서!N991 -> 0 | N169: =G169*M169 -> 0 | O169: =IF((H169+K169+M169)=0, "", (H169+K169+M169)) -> 6426172 | P169: =SUM(I169,L169,N169) -> 6426172
B185: 0103 | C185: Total | D185: ( 합 계 ) | I185: =TRUNC(SUM(I160:I184)) -> 137119820 | L185: =TRUNC(SUM(L160:L184)) -> 209034787 | N185: =TRUNC(SUM(N160:N184)) -> 539823 | O185: =IF((H185+K185+M185)=0, "", (H185+K185+M185)) | P185: =TRUNC(SUM(P160:P184)) -> 346694430
B186: 공종줄 | D186: 2.도급자관급
B187: 0201 | D187: 2-1.조명기구 | F187: 식 | G187: 1 | H187: =내역서!I1017 -> 88842171 | I187: =G187*H187 -> 88842171 | K187: =내역서!L1017 -> 0 | L187: =G187*K187 -> 0 | M187: =내역서!N1017 -> 0 | N187: =G187*M187 -> 0 | O187: =IF((H187+K187+M187)=0, "", (H187+K187+M187)) -> 88842171 | P187: =SUM(I187,L187,N187) -> 88842171
B188: 0202 | D188: 2-2.분전반 | F188: 식 | G188: 1 | H188: =내역서!I1069 -> 112982830 | I188: =G188*H188 -> 112982830 | K188: =내역서!L1069 -> 0 | L188: =G188*K188 -> 0 | M188: =내역서!N1069 -> 0 | N188: =G188*M188 -> 0 | O188: =IF((H188+K188+M188)=0, "", (H188+K188+M188)) -> 112982830 | P188: =SUM(I188,L188,N188) -> 112982830
B211: 02 | C211: Total | D211: ( 합 계 ) | I211: =TRUNC(SUM(I186:I210)) -> 201825001 | L211: =TRUNC(SUM(L186:L210)) -> 0 | N211: =TRUNC(SUM(N186:N210)) -> 0 | O211: =IF((H211+K211+M211)=0, "", (H211+K211+M211)) | P211: =TRUNC(SUM(P186:P210)) -> 201825001
B212: 공종줄 | D212: 3.관급자관급
B213: 0301 | D213: 3-1.수배전반 | F213: 식 | G213: 1 | H213: =내역서!I1095 -> 159090474 | I213: =G213*H213 -> 159090474 | K213: =내역서!L1095 -> 0 | L213: =G213*K213 -> 0 | M213: =내역서!N1095 -> 0 | N213: =G213*M213 -> 0 | O213: =IF((H213+K213+M213)=0, "", (H213+K213+M213)) -> 159090474 | P213: =SUM(I213,L213,N213) -> 159090474
B214: 0302 | D214: 3-2.발전기 | F214: 식 | G214: 1 | H214: =내역서!I1121 -> 56704560 | I214: =G214*H214 -> 56704560 | K214: =내역서!L1121 -> 0 | L214: =G214*K214 -> 0 | M214: =내역서!N1121 -> 0 | N214: =G214*M214 -> 0 | O214: =IF((H214+K214+M214)=0, "", (H214+K214+M214)) -> 56704560 | P214: =SUM(I214,L214,N214) -> 56704560
B215: 0303 | D215: 3-3.태양광설비 | F215: 식 | G215: 1 | H215: =내역서!I1147 -> 138739167 | I215: =G215*H215 -> 138739167 | K215: =내역서!L1147 -> 0 | L215: =G215*K215 -> 0 | M215: =내역서!N1147 -> 0 | N215: =G215*M215 -> 0 | O215: =IF((H215+K215+M215)=0, "", (H215+K215+M215)) -> 138739167 | P215: =SUM(I215,L215,N215) -> 138739167
B216: 0304 | D216: 3-4.빌딩자동제어 | F216: 식 | G216: 1 | H216: =내역서!I1173 -> 70102680 | I216: =G216*H216 -> 70102680 | K216: =내역서!L1173 -> 0 | L216: =G216*K216 -> 0 | M216: =내역서!N1173 -> 3070332 | N216: =G216*M216 -> 3070332 | O216: =IF((H216+K216+M216)=0, "", (H216+K216+M216)) -> 73173012 | P216: =SUM(I216,L216,N216) -> 73173012
B237: 03 | C237: Total | D237: ( 합 계 ) | I237: =TRUNC(SUM(I212:I236)) -> 424636881 | L237: =TRUNC(SUM(L212:L236)) -> 0 | N237: =TRUNC(SUM(N212:N236)) -> 3070332 | O237: =IF((H237+K237+M237)=0, "", (H237+K237+M237)) | P237: =TRUNC(SUM(P212:P236)) -> 427707213

Sheet 내역서
A1: 총줄수-> | B1: 1173 | D1: [ 강릉시 입암동 통합공공임대주택 건립사업 신축공사 ] | W1: 노임 계산 정보 | AA1: 부속재 및 손료
A2: 번호 | B2: 공종코드 | C2: 코드 | D2: 명 칭 | E2: 규 격 | F2: 단위 | G2: 수량 | H2: 재료비 | J2: 노무비 | M2: 경비 | P2: 계 | Q2: 비고 | W2: 노임계 | X2: 전체(%) | Y2: 공종별(%) | Z2: 노임 소수 | AA2: CD배관재 | AB2: 일반배관재 | AC2: 소모재 | AD2: 자재계 | AE2: 노임계
H3: 단가 | I3: 금액 | J3: 수량 | K3: 단가 | L3: 금액 | M3: 단가 | N3: 금액 | O3: 단가 | AD3: =IF(옵션!$C$11 =0, "1", 옵션!$C$11) -> 1 | AE3: =IF(옵션!$C$12 =0, "1", 옵션!$C$12) -> 1
B4: 공종줄 | D4: 1.전기공사::1-1.공동주택::1-1-1.전기단위세대공사::1-1-1-1.전기단위세대(52㎡-4세대)
A5: 59753A97002 | B5: 01010101 | C5: F59753097002 | D5: 합성수지제 가요전선관 | E5: CD-난연성 16㎜ | F5: M | G5: 589 | H5: =일대목차!I37 -> 449 | I5: =TRUNC(G5*H5) -> 264461 | J5: 589 | K5: =일대목차!L37 -> 9852 | L5: =TRUNC(G5*K5) -> 5802828 | M5: =일대목차!N37 -> 0 | N5: =TRUNC(G5*M5) -> 0 | O5: =IF((H5+K5+M5)=0, "", (H5+K5+M5)) -> 10301 | P5: =SUM(I5,L5,N5) -> 6067289 | Q5: 제 34호 | AA5: =I5 -> 264461 | AC5: =G5*H5 -> 264461 | AE5: =L5 -> 5802828
A6: 59753017043 | B6: 01010101 | C6: 3913170620174434 | D6: 1종금속제가요전선관 | E6: 커넥터, 16 mm 일반-비방수 | F6: 개 | G6: 120 | H6: =합산자재!H14 -> 340 | I6: =TRUNC(G6*H6) -> 40800 | J6: 120 | K6: =합산자재!I14 -> 0 | L6: =TRUNC(G6*K6) -> 0 | M6: =합산자재!J14 -> 0 | N6: =TRUNC(G6*M6) -> 0 | O6: =IF((H6+K6+M6)=0, "", (H6+K6+M6)) -> 340 | P6: =SUM(I6,L6,N6) -> 40800
A7: 56959000004 | B7: 01010101 | C7: F56959000004 | D7: 1종금속제가요전선관 | E7: 16 mm 고장력-비방수 | F7: M | G7: 34 | H7: =일대목차!I43 -> 691 | I7: =TRUNC(G7*H7) -> 23494 | J7: 34 | K7: =일대목차!L43 -> 10837 | L7: =TRUNC(G7*K7) -> 368458 | M7: =일대목차!N43 -> 0 | N7: =TRUNC(G7*M7) -> 0 | O7: =IF((H7+K7+M7)=0, "", (H7+K7+M7)) -> 11528 | P7: =SUM(I7,L7,N7) -> 391952 | Q7: 제 40호 | AC7: =G7*H7 -> 23494 | AE7: =L7 -> 368458
A8: 59753H67011 | B8: 01010101 | C8: F59753767011 | D8: 아우트렛박스 | E8: 8각 54㎜ | F8: 개 | G8: 44 | H8: =일대목차!I50 -> 1218 | I8: =TRUNC(G8*H8) -> 53592 | J8: 44 | K8: =일대목차!L50 -> 29557 | L8: =TRUNC(G8*K8) -> 1300508 | M8: =일대목차!N50 -> 0 | N8: =TRUNC(G8*M8) -> 0 | O8: =IF((H8+K8+M8)=0, "", (H8+K8+M8)) -> 30775 | P8: =SUM(I8,L8,N8) -> 1354100 | Q8: 제 47호 | AE8: =L8 -> 1300508
A9: 59753H77102 | B9: 01010101 | C9: F59753777102 | D9: 스위치박스 | E9: 1 개용 54 mm | F9: 개 | G9: 36 | H9: =일대목차!I52 -> 1577 | I9: =TRUNC(G9*H9) -> 56772 | J9: 36 | K9: =일대목차!L52 -> 49261 | L9: =TRUNC(G9*K9) -> 1773396 | M9: =일대목차!N52 -> 0 | N9: =TRUNC(G9*M9) -> 0 | O9: =IF((H9+K9+M9)=0, "", (H9+K9+M9)) -> 50838 | P9: =SUM(I9,L9,N9) -> 1830168 | Q9: 제 49호 | AE9: =L9 -> 1773396
A10: 59753H77111 | B10: 01010101 | C10: F59753777111 | D10: 스위치박스 | E10: 2 개용 54 mm | F10: 개 | G10: 28 | H10: =일대목차!I53 -> 1711 | I10: =TRUNC(G10*H10) -> 47908 | J10: 28 | K10: =일대목차!L53 -> 49261 | L10: =TRUNC(G10*K10) -> 1379308 | M10: =일대목차!N53 -> 0 | N10: =TRUNC(G10*M10) -> 0 | O10: =IF((H10+K10+M10)=0, "", (H10+K10+M10)) -> 50972 | P10: =SUM(I10,L10,N10) -> 1427216 | Q10: 제 50호 | AE10: =L10 -> 1379308
A11: 56959000016 | B11: 01010101 | C11: F56959000016 | D11: 연결박스 | E11: 4각 44㎜ | F11: 개 | G11: 36 | H11: =일대목차!I54 -> 921 | I11: =TRUNC(G11*H11) -> 33156 | J11: 36 | K11: =일대목차!L54 -> 9852 | L11: =TRUNC(G11*K11) -> 354672 | M11: =일대목차!N54 -> 0 | N11: =TRUNC(G11*M11) -> 0 | O11: =IF((H11+K11+M11)=0, "", (H11+K11+M11)) -> 10773 | P11: =SUM(I11,L11,N11) -> 387828 | Q11: 제 51호 | AE11: =L11 -> 354672
A12: 59753767221 | B12: 01010101 | C12: 3912130820174712 | D12: 아우트렛박스 커버 | E12: 커버, 8각, 둥근구멍(평) | F12: 개 | G12: 44 | H12: =합산자재!H45 -> 282 | I12: =TRUNC(G12*H12) -> 12408 | J12: 44 | K12: =합산자재!I45 -> 0 | L12: =TRUNC(G12*K12) -> 0 | M12: =합산자재!J45 -> 0 | N12: =TRUNC(G12*M12) -> 0 | O12: =IF((H12+K12+M12)=0, "", (H12+K12+M12)) -> 282 | P12: =SUM(I12,L12,N12) -> 12408
A13: 59753767281 | B13: 01010101 | C13: 3912130820174718 | D13: 아우트렛박스 커버 | E13: 커버, 4각,2개용S/W (오목) | F13: 개 | G13: 28 | H13: =합산자재!H47 -> 283 | I13: =TRUNC(G13*H13) -> 7924 | J13: 28 | K13: =합산자재!I47 -> 0 | L13: =TRUNC(G13*K13) -> 0 | M13: =합산자재!J47 -> 0 | N13: =TRUNC(G13*M13) -> 0 | O13: =IF((H13+K13+M13)=0, "", (H13+K13+M13)) -> 283 | P13: =SUM(I13,L13,N13) -> 7924
A14: 59753I57001 | B14: 01010101 | C14: F59753857001 | D14: 풀박스 | E14: 100×100×50 | F14: 개 | G14: 4 | H14: =일대목차!I57 -> 3121 | I14: =TRUNC(G14*H14) -> 12484 | J14: 4 | K14: =일대목차!L57 -> 41872 | L14: =TRUNC(G14*K14) -> 167488 | M14: =일대목차!N57 -> 0 | N14: =TRUNC(G14*M14) -> 0 | O14: =IF((H14+K14+M14)=0, "", (H14+K14+M14)) -> 44993 | P14: =SUM(I14,L14,N14) -> 179972 | Q14: 제 54호 | AE14: =L14 -> 167488
A15: 56959000020 | B15: 01010101 | C15: F56959000020 | D15: 450/750V 내열비닐절연전선 | E15: HFIX 1.78mm(2.5㎟) | F15: M | G15: 2238 | H15: =일대목차!I73 -> 590 | I15: =TRUNC(G15*H15) -> 1320420 | J15: 2238 | K15: =일대목차!L73 -> 2353 | L15: =TRUNC(G15*K15) -> 5266014 | M15: =일대목차!N73 -> 0 | N15: =TRUNC(G15*M15) -> 0 | O15: =IF((H15+K15+M15)=0, "", (H15+K15+M15)) -> 2943 | P15: =SUM(I15,L15,N15) -> 6586434 | Q15: 제 70호 | AC15: =G15*H15 -> 1320420 | AE15: =L15 -> 5266014
A16: 59301F17001 | B16: 01010101 | C16: F59301517001 | D16: 매입스위치 | E16: 250V 1로1구 | F16: 개 | G16: 16 | H16: =일대목차!I111 -> 1789 | I16: =TRUNC(G16*H16) -> 28624 | J16: 16 | K16: =일대목차!L111 -> 23262 | L16: =TRUNC(G16*K16) -> 372192 | M16: =일대목차!N111 -> 0 | N16: =TRUNC(G16*M16) -> 0 | O16: =IF((H16+K16+M16)=0, "", (H16+K16+M16)) -> 25051 | P16: =SUM(I16,L16,N16) -> 400816 | Q16: 제 108호 | AE16: =L16 -> 372192
A17: 59301F17002 | B17: 01010101 | C17: F59301517002 | D17: 매입스위치 | E17: 250V 1로2구 | F17: 개 | G17: 4 | H17: =일대목차!I112 -> 2318 | I17: =TRUNC(G17*H17) -> 9272 | J17: 4 | K17: =일대목차!L112 -> 23262 | L17: =TRUNC(G17*K17) -> 93048 | M17: =일대목차!N112 -> 0 | N17: =TRUNC(G17*M17) -> 0 | O17: =IF((H17+K17+M17)=0, "", (H17+K17+M17)) -> 25580 | P17: =SUM(I17,L17,N17) -> 102320 | Q17: 제 109호 | AE17: =L17 -> 93048
A18: 59301F17003 | B18: 01010101 | C18: F59301517003 | D18: 매입스위치 | E18: 250V 1로3구 | F18: 개 | G18: 4 | H18: =일대목차!I113 -> 2860 | I18: =TRUNC(G18*H18) -> 11440 | J18: 4 | K18: =일대목차!L113 -> 23262 | L18: =TRUNC(G18*K18) -> 93048 | M18: =일대목차!N113 -> 0 | N18: =TRUNC(G18*M18) -> 0 | O18: =IF((H18+K18+M18)=0, "", (H18+K18+M18)) -> 26122 | P18: =SUM(I18,L18,N18) -> 104488 | Q18: 제 110호 | AE18: =L18 -> 93048
A19: 59350D17205 | B19: 01010101 | C19: F59350317205 | D19: 콘센트 | E19: 매입-접지형, 250V 1구 | F19: 개 | G19: 12 | H19: =일대목차!I116 -> 1372 | I19: =TRUNC(G19*H19) -> 16464 | J19: 12 | K19: =일대목차!L116 -> 21894 | L19: =TRUNC(G19*K19) -> 262728 | M19: =일대목차!N116 -> 0 | N19: =TRUNC(G19*M19) -> 0 | O19: =IF((H19+K19+M19)=0, "", (H19+K19+M19)) -> 23266 | P19: =SUM(I19,L19,N19) -> 279192 | Q19: 제 113호 | AE19: =L19 -> 262728
A20: 59350D17206 | B20: 01010101 | C20: F59350317206 | D20: 콘센트 | E20: 매입-접지형, 250V 2구 | F20: 개 | G20: 44 | H20: =일대목차!I117 -> 1822 | I20: =TRUNC(G20*H20) -> 80168 | J20: 44 | K20: =일대목차!L117 -> 21894 | L20: =TRUNC(G20*K20) -> 963336 | M20: =일대목차!N117 -> 0 | N20: =TRUNC(G20*M20) -> 0 | O20: =IF((H20+K20+M20)=0, "", (H20+K20+M20)) -> 23716 | P20: =SUM(I20,L20,N20) -> 1043504 | Q20: 제 114호 | AE20: =L20 -> 963336
A21: 59350D17207 | B21: 01010101 | C21: F59350317207 | D21: 방우콘센트 | E21: 매입-접지형, 250V 1구 | F21: 개 | G21: 8 | H21: =일대목차!I118 -> 2474 | I21: =TRUNC(G21*H21) -> 19792 | J21: 8 | K21: =일대목차!L118 -> 21894 | L21: =TRUNC(G21*K21) -> 175152 | M21: =일대목차!N118 -> 0 | N21: =TRUNC(G21*M21) -> 0 | O21: =IF((H21+K21+M21)=0, "", (H21+K21+M21)) -> 24368 | P21: =SUM(I21,L21,N21) -> 194944 | Q21: 제 115호 | AE21: =L21 -> 175152
A22: 59350D17208 | B22: 01010101 | C22: F59350317208 | D22: 방우콘센트 | E22: 매입-접지형, 250V 2구 | F22: 개 | G22: 4 | H22: =일대목차!I119 -> 2560 | I22: =TRUNC(G22*H22) -> 10240 | J22: 4 | K22: =일대목차!L119 -> 21894 | L22: =TRUNC(G22*K22) -> 87576 | M22: =일대목차!N119 -> 0 | N22: =TRUNC(G22*M22) -> 0 | O22: =IF((H22+K22+M22)=0, "", (H22+K22+M22)) -> 24454 | P22: =SUM(I22,L22,N22) -> 97816 | Q22: 제 116호 | AE22: =L22 -> 87576
A23: 56953100927 | B23: 01010101 | C23: EAB110540000 | D23: 석고따기 | E23: 측벽 | F23: 식 | G23: 36 | H23: =일대목차!I27 -> 224 | I23: =TRUNC(G23*H23) -> 8064 | J23: 36 | K23: =일대목차!L27 -> 11220 | L23: =TRUNC(G23*K23) -> 403920 | M23: =일대목차!N27 -> 0 | N23: =TRUNC(G23*M23) -> 0 | O23: =IF((H23+K23+M23)=0, "", (H23+K23+M23)) -> 11444 | P23: =SUM(I23,L23,N23) -> 411984 | Q23: 제 24호 | AE23: =L23 -> 403920
A24: 5695C100010 | B24: 01010101 | C24: F5695C100010 | D24: 다운라이트구멍따기 | F24: 개소 | G24: 8 | H24: =일대목차!I29 -> 224 | I24: =TRUNC(G24*H24) -> 1792 | J24: 8 | K24: =일대목차!L29 -> 11220 | L24: =TRUNC(G24*K24) -> 89760 | M24: =일대목차!N29 -> 0 | N24: =TRUNC(G24*M24) -> 0 | O24: =IF((H24+K24+M24)=0, "", (H24+K24+M24)) -> 11444 | P24: =SUM(I24,L24,N24) -> 91552 | Q24: 제 26호 | AE24: =L24 -> 89760
A25: 56959000048 | B25: 01010101 | C25: F56959000048 | D25: 통합콘센트 | E25: 일반4구/전화2/TV | F25: 개 | G25: 4 | H25: =일대목차!I150 -> 45437 | I25: =TRUNC(G25*H25) -> 181748 | J25: 4 | K25: =일대목차!L150 -> 21894 | L25: =TRUNC(G25*K25) -> 87576 | M25: =일대목차!N150 -> 0 | N25: =TRUNC(G25*M25) -> 0 | O25: =IF((H25+K25+M25)=0, "", (H25+K25+M25)) -> 67331 | P25: =SUM(I25,L25,N25) -> 269324 | Q25: 제 147호 | AE25: =L25 -> 87576
A26: 56959000052 | B26: 01010101 | C26: F56959000052 | D26: 통합콘센트 | E26: 일반2/전화2/TV | F26: 개 | G26: 8 | H26: =일대목차!I152 -> 35437 | I26: =TRUNC(G26*H26) -> 283496 | J26: 8 | K26: =일대목차!L152 -> 21894 | L26: =TRUNC(G26*K26) -> 175152 | M26: =일대목차!N152 -> 0 | N26: =TRUNC(G26*M26) -> 0 | O26: =IF((H26+K26+M26)=0, "", (H26+K26+M26)) -> 57331 | P26: =SUM(I26,L26,N26) -> 458648 | Q26: 제 149호 | AE26: =L26 -> 175152
A27: 56959000058 | B27: 01010101 | C27: F56959000058 | D27: 통합BOX | E27: 일반2/전화2/TV | F27: 개 | G27: 4 | H27: =일대목차!I155 -> 4985 | I27: =TRUNC(G27*H27) -> 19940 | J27: 4 | K27: =일대목차!L155 -> 49261 | L27: =TRUNC(G27*K27) -> 197044 | M27: =일대목차!N155 -> 0 | N27: =TRUNC(G27*M27) -> 0 | O27: =IF((H27+K27+M27)=0, "", (H27+K27+M27)) -> 54246 | P27: =SUM(I27,L27,N27) -> 216984 | Q27: 제 152호 | AE27: =L27 -> 197044
A28: 56959000060 | B28: 01010101 | C28: F56959000060 | D28: 결로 통합BOX | E28: 일반4구/전화2/TV | F28: 개 | G28: 4 | H28: =일대목차!I156 -> 2485 | I28: =TRUNC(G28*H28) -> 9940 | J28: 4 | K28: =일대목차!L156 -> 49261 | L28: =TRUNC(G28*K28) -> 197044 | M28: =일대목차!N156 -> 0 | N28: =TRUNC(G28*M28) -> 0 | O28: =IF((H28+K28+M28)=0, "", (H28+K28+M28)) -> 51746 | P28: =SUM(I28,L28,N28) -> 206984 | Q28: 제 153호 | AE28: =L28 -> 197044
A29: 56959000062 | B29: 01010101 | C29: F56959000062 | D29: 결로 통합BOX | E29: 일반2/전화2/TV | F29: 개 | G29: 4 | H29: =일대목차!I157 -> 2485 | I29: =TRUNC(G29*H29) -> 9940 | J29: 4 | K29: =일대목차!L157 -> 49261 | L29: =TRUNC(G29*K29) -> 197044 | M29: =일대목차!N157 -> 0 | N29: =TRUNC(G29*M29) -> 0 | O29: =IF((H29+K29+M29)=0, "", (H29+K29+M29)) -> 51746 | P29: =SUM(I29,L29,N29) -> 206984 | Q29: 제 154호 | AE29: =L29 -> 197044
A30: 56959000064 | B30: 01010101 | C30: F56959000064 | D30: 콘센트 | E30: 가로-접지형,15A 250V 2구 | F30: 개 | G30: 4 | H30: =일대목차!I158 -> 1782 | I30: =TRUNC(G30*H30) -> 7128 | J30: 4 | K30: =일대목차!L158 -> 21894 | L30: =TRUNC(G30*K30) -> 87576 | M30: =일대목차!N158 -> 0 | N30: =TRUNC(G30*M30) -> 0 | O30: =IF((H30+K30+M30)=0, "", (H30+K30+M30)) -> 23676 | P30: =SUM(I30,L30,N30) -> 94704 | Q30: 제 155호 | AE30: =L30 -> 87576
A31: 56959000066 | B31: 01010101 | C31: F56959000066 | D31: 결로BOX | E31: 1구 | F31: 개 | G31: 16 | H31: =일대목차!I159 -> 2285 | I31: =TRUNC(G31*H31) -> 36560 | J31: 16 | K31: =일대목차!L159 -> 49261 | L31: =TRUNC(G31*K31) -> 788176 | M31: =일대목차!N159 -> 0 | N31: =TRUNC(G31*M31) -> 0 | O31: =IF((H31+K31+M31)=0, "", (H31+K31+M31)) -> 51546 | P31: =SUM(I31,L31,N31) -> 824736 | Q31: 제 156호 | AE31: =L31 -> 788176
A32: 56959000068 | B32: 01010101 | C32: F56959000068 | D32: 결로BOX | E32: 2구 | F32: 개 | G32: 12 | H32: =일대목차!I160 -> 2485 | I32: =TRUNC(G32*H32) -> 29820 | J32: 12 | K32: =일대목차!L160 -> 49261 | L32: =TRUNC(G32*K32) -> 591132 | M32: =일대목차!N160 -> 0 | N32: =TRUNC(G32*M32) -> 0 | O32: =IF((H32+K32+M32)=0, "", (H32+K32+M32)) -> 51746 | P32: =SUM(I32,L32,N32) -> 620952 | Q32: 제 157호 | AE32: =L32 -> 591132
A33: MMH15519080 | B33: 01010101 | C33: InMastDBNonCode | D33: 실외기단자대 | F33: EA | G33: 4 | H33: =합산자재!H221 -> 50000 | I33: =TRUNC(G33*H33) -> 200000 | J33: 4 | K33: =합산자재!I221 -> 0 | L33: =TRUNC(G33*K33) -> 0 | M33: =합산자재!J221 -> 0 | N33: =TRUNC(G33*M33) -> 0 | O33: =IF((H33+K33+M33)=0, "", (H33+K33+M33)) -> 50000 | P33: =SUM(I33,L33,N33) -> 200000
A34: 56959000074 | B34: 01010101 | C34: F56959000074 | D34: 세대분전반 | E34: 8회로+APU | F34: 면 | G34: 4 | H34: =일대목차!I163 -> 205221 | I34: =TRUNC(G34*H34) -> 820884 | J34: 4 | K34: =일대목차!L163 -> 243571 | L34: =TRUNC(G34*K34) -> 974284 | M34: =일대목차!N163 -> 0 | N34: =TRUNC(G34*M34) -> 0 | O34: =IF((H34+K34+M34)=0, "", (H34+K34+M34)) -> 448792 | P34: =SUM(I34,L34,N34) -> 1795168 | Q34: 제 160호 | AE34: =L34 -> 974284
A35: 56959000178 | B35: 01010101 | C35: F56959000178 | D35: 조명기구 TYPE 세대-@관급자재 | E35: LED50W(침실직부) | F35: SET | G35: 12 | H35: =일대목차!I215 -> 1247 | I35: =TRUNC(G35*H35) -> 14964 | J35: 12 | K35: =일대목차!L215 -> 62398 | L35: =TRUNC(G35*K35) -> 748776 | M35: =일대목차!N215 -> 0 | N35: =TRUNC(G35*M35) -> 0 | O35: =IF((H35+K35+M35)=0, "", (H35+K35+M35)) -> 63645 | P35: =SUM(I35,L35,N35) -> 763740 | Q35: 제 212호 | AE35: =L35 -> 748776
A36: 56959000176 | B36: 01010101 | C36: F56959000176 | D36: 조명기구 TYPE 세대-@관급자재 | E36: LED40W(주방직부) | F36: SET | G36: 4 | H36: =일대목차!I214 -> 1083 | I36: =TRUNC(G36*H36) -> 4332 | J36: 4 | K36: =일대목차!L214 -> 54187 | L36: =TRUNC(G36*K36) -> 216748 | M36: =일대목차!N214 -> 0 | N36: =TRUNC(G36*M36) -> 0 | O36: =IF((H36+K36+M36)=0, "", (H36+K36+M36)) -> 55270 | P36: =SUM(I36,L36,N36) -> 221080 | Q36: 제 211호 | AE36: =L36 -> 216748
A37: 56959000174 | B37: 01010101 | C37: F56959000174 | D37: 조명기구 TYPE 세대-@관급자재 | E37: LED30W(욕실매입) | F37: SET | G37: 4 | H37: =일대목차!I213 -> 1187 | I37: =TRUNC(G37*H37) -> 4748 | J37: 4 | K37: =일대목차!L213 -> 59387 | L37: =TRUNC(G37*K37) -> 237548 | M37: =일대목차!N213 -> 0 | N37: =TRUNC(G37*M37) -> 0 | O37: =IF((H37+K37+M37)=0, "", (H37+K37+M37)) -> 60574 | P37: =SUM(I37,L37,N37) -> 242296 | Q37: 제 210호 | AE37: =L37 -> 237548
A38: 56959000172 | B38: 01010101 | C38: F56959000172 | D38: 조명기구 TYPE 세대-@관급자재 | E38: LED10W(현관센서) | F38: SET | G38: 4 | H38: =일대목차!I212 -> 574 | I38: =TRUNC(G38*H38) -> 2296 | J38: 4 | K38: =일대목차!L212 -> 28735 | L38: =TRUNC(G38*K38) -> 114940 | M38: =일대목차!N212 -> 0 | N38: =TRUNC(G38*M38) -> 0 | O38: =IF((H38+K38+M38)=0, "", (H38+K38+M38)) -> 29309 | P38: =SUM(I38,L38,N38) -> 117236 | Q38: 제 209호 | AE38: =L38 -> 114940
A39: 56959000168 | B39: 01010101 | C39: F56959000168 | D39: 조명기구 TYPE 세대-@관급자재 | E39: LED10W(세대직부) | F39: SET | G39: 8 | H39: =일대목차!I210 -> 574 | I39: =TRUNC(G39*H39) -> 4592 | J39: 8 | K39: =일대목차!L210 -> 28735 | L39: =TRUNC(G39*K39) -> 229880 | M39: =일대목차!N210 -> 0 | N39: =TRUNC(G39*M39) -> 0 | O39: =IF((H39+K39+M39)=0, "", (H39+K39+M39)) -> 29309 | P39: =SUM(I39,L39,N39) -> 234472 | Q39: 제 207호 | AE39: =L39 -> 229880
A40: 56959000166 | B40: 01010101 | C40: F56959000166 | D40: 조명기구 TYPE 세대-@관급자재 | E40: LED10W(세대D.L) | F40: SET | G40: 4 | H40: =일대목차!I209 -> 760 | I40: =TRUNC(G40*H40) -> 3040 | J40: 4 | K40: =일대목차!L209 -> 38040 | L40: =TRUNC(G40*K40) -> 152160 | M40: =일대목차!N209 -> 0 | N40: =TRUNC(G40*M40) -> 0 | O40: =IF((H40+K40+M40)=0, "", (H40+K40+M40)) -> 38800 | P40: =SUM(I40,L40,N40) -> 155200 | Q40: 제 206호 | AE40: =L40 -> 152160
A41: 56959000164 | B41: 01010101 | C41: F56959000164 | D41: 조명기구 TYPE 세대-@관급자재 | E41: LED10W(비상D.L) | F41: SET | G41: 4 | H41: =일대목차!I208 -> 760 | I41: =TRUNC(G41*H41) -> 3040 | J41: 4 | K41: =일대목차!L208 -> 38040 | L41: =TRUNC(G41*K41) -> 152160 | M41: =일대목차!N208 -> 0 | N41: =TRUNC(G41*M41) -> 0 | O41: =IF((H41+K41+M41)=0, "", (H41+K41+M41)) -> 38800 | P41: =SUM(I41,L41,N41) -> 155200 | Q41: 제 205호 | AE41: =L41 -> 152160
AE42: =TRUNC(SUM(AE4:AE41)) -> 24100672
B55: 합계줄 | D55: ( 합 계 ) | I55: =TRUNC(SUM(I4:I54)) -> 3695743 | L55: =TRUNC(SUM(L4:L54)) -> 24100672 | N55: =TRUNC(SUM(N4:N54)) -> 0 | O55: =IF((H55+K55+M55)=0, "", (H55+K55+M55)) | P55: =TRUNC(SUM(P4:P54)) -> 27796415
B56: 공종줄 | D56: 1.전기공사::1-1.공동주택::1-1-1.전기단위세대공사::1-1-1-2.전기단위세대(51㎡-39세대)
A57: 59753A97002 | B57: 01010102 | C57: F59753097002 | D57: 합성수지제 가요전선관 | E57: CD-난연성 16㎜ | F57: M | G57: 5701 | H57: =일대목차!I37 -> 449 | I57: =TRUNC(G57*H57) -> 2559749 | J57: 5701 | K57: =일대목차!L37 -> 9852 | L57: =TRUNC(G57*K57) -> 56166252 | M57: =일대목차!N37 -> 0 | N57: =TRUNC(G57*M57) -> 0 | O57: =IF((H57+K57+M57)=0, "", (H57+K57+M57)) -> 10301 | P57: =SUM(I57,L57,N57) -> 58726001 | Q57: 제 34호 | AA57: =I57 -> 2559749 | AC57: =G57*H57 -> 2559749 | AE57: =L57 -> 56166252
A58: 59753017043 | B58: 01010102 | C58: 3913170620174434 | D58: 1종금속제가요전선관 | E58: 커넥터, 16 mm 일반-비방수 | F58: 개 | G58: 1248 | H58: =합산자재!H14 -> 340 | I58: =TRUNC(G58*H58) -> 424320 | J58: 1248 | K58: =합산자재!I14 -> 0 | L58: =TRUNC(G58*K58) -> 0 | M58: =합산자재!J14 -> 0 | N58: =TRUNC(G58*M58) -> 0 | O58: =IF((H58+K58+M58)=0, "", (H58+K58+M58)) -> 340 | P58: =SUM(I58,L58,N58) -> 424320
A59: 56959000004 | B59: 01010102 | C59: F56959000004 | D59: 1종금속제가요전선관 | E59: 16 mm 고장력-비방수 | F59: M | G59: 358 | H59: =일대목차!I43 -> 691 | I59: =TRUNC(G59*H59) -> 247378 | J59: 358 | K59: =일대목차!L43 -> 10837 | L59: =TRUNC(G59*K59) -> 3879646 | M59: =일대목차!N43 -> 0 | N59: =TRUNC(G59*M59) -> 0 | O59: =IF((H59+K59+M59)=0, "", (H59+K59+M59)) -> 11528 | P59: =SUM(I59,L59,N59) -> 4127024 | Q59: 제 40호 | AC59: =G59*H59 -> 247378 | AE59: =L59 -> 3879646
A60: 59753H67011 | B60: 01010102 | C60: F59753767011 | D60: 아우트렛박스 | E60: 8각 54㎜ | F60: 개 | G60: 468 | H60: =일대목차!I50 -> 1218 | I60: =TRUNC(G60*H60) -> 570024 | J60: 468 | K60: =일대목차!L50 -> 29557 | L60: =TRUNC(G60*K60) -> 13832676 | M60: =일대목차!N50 -> 0 | N60: =TRUNC(G60*M60) -> 0 | O60: =IF((H60+K60+M60)=0, "", (H60+K60+M60)) -> 30775 | P60: =SUM(I60,L60,N60) -> 14402700 | Q60: 제 47호 | AE60: =L60 -> 13832676
A61: 59753H77102 | B61: 01010102 | C61: F59753777102 | D61: 스위치박스 | E61: 1 개용 54 mm | F61: 개 | G61: 351 | H61: =일대목차!I52 -> 1577 | I61: =TRUNC(G61*H61) -> 553527 | J61: 351 | K61: =일대목차!L52 -> 49261 | L61: =TRUNC(G61*K61) -> 17290611 | M61: =일대목차!N52 -> 0 | N61: =TRUNC(G61*M61) -> 0 | O61: =IF((H61+K61+M61)=0, "", (H61+K61+M61)) -> 50838 | P61: =SUM(I61,L61,N61) -> 17844138 | Q61: 제 49호 | AE61: =L61 -> 17290611
A62: 59753H77111 | B62: 01010102 | C62: F59753777111 | D62: 스위치박스 | E62: 2 개용 54 mm | F62: 개 | G62: 312 | H62: =일대목차!I53 -> 1711 | I62: =TRUNC(G62*H62) -> 533832 | J62: 312 | K62: =일대목차!L53 -> 49261 | L62: =TRUNC(G62*K62) -> 15369432 | M62: =일대목차!N53 -> 0 | N62: =TRUNC(G62*M62) -> 0 | O62: =IF((H62+K62+M62)=0, "", (H62+K62+M62)) -> 50972 | P62: =SUM(I62,L62,N62) -> 15903264 | Q62: 제 50호 | AE62: =L62 -> 15369432
A63: 56959000016 | B63: 01010102 | C63: F56959000016 | D63: 연결박스 | E63: 4각 44㎜ | F63: 개 | G63: 273 | H63: =일대목차!I54 -> 921 | I63: =TRUNC(G63*H63) -> 251433 | J63: 273 | K63: =일대목차!L54 -> 9852 | L63: =TRUNC(G63*K63) -> 2689596 | M63: =일대목차!N54 -> 0 | N63: =TRUNC(G63*M63) -> 0 | O63: =IF((H63+K63+M63)=0, "", (H63+K63+M63)) -> 10773 | P63: =SUM(I63,L63,N63) -> 2941029 | Q63: 제 51호 | AE63: =L63 -> 2689596
A64: 59753767221 | B64: 01010102 | C64: 3912130820174712 | D64: 아우트렛박스 커버 | E64: 커버, 8각, 둥근구멍(평) | F64: 개 | G64: 468 | H64: =합산자재!H45 -> 282 | I64: =TRUNC(G64*H64) -> 131976 | J64: 468 | K64: =합산자재!I45 -> 0 | L64: =TRUNC(G64*K64) -> 0 | M64: =합산자재!J45 -> 0 | N64: =TRUNC(G64*M64) -> 0 | O64: =IF((H64+K64+M64)=0, "", (H64+K64+M64)) -> 282 | P64: =SUM(I64,L64,N64) -> 131976
A65: 59753767281 | B65: 01010102 | C65: 3912130820174718 | D65: 아우트렛박스 커버 | E65: 커버, 4각,2개용S/W (오목) | F65: 개 | G65: 312 | H65: =합산자재!H47 -> 283 | I65: =TRUNC(G65*H65) -> 88296 | J65: 312 | K65: =합산자재!I47 -> 0 | L65: =TRUNC(G65*K65) -> 0 | M65: =합산자재!J47 -> 0 | N65: =TRUNC(G65*M65) -> 0 | O65: =IF((H65+K65+M65)=0, "", (H65+K65+M65)) -> 283 | P65: =SUM(I65,L65,N65) -> 88296
A66: 59753I57001 | B66: 01010102 | C66: F59753857001 | D66: 풀박스 | E66: 100×100×50 | F66: 개 | G66: 39 | H66: =일대목차!I57 -> 3121 | I66: =TRUNC(G66*H66) -> 121719 | J66: 39 | K66: =일대목차!L57 -> 41872 | L66: =TRUNC(G66*K66) -> 1633008 | M66: =일대목차!N57 -> 0 | N66: =TRUNC(G66*M66) -> 0 | O66: =IF((H66+K66+M66)=0, "", (H66+K66+M66)) -> 44993 | P66: =SUM(I66,L66,N66) -> 1754727 | Q66: 제 54호 | AE66: =L66 -> 1633008
A67: 56959000020 | B67: 01010102 | C67: F56959000020 | D67: 450/750V 내열비닐절연전선 | E67: HFIX 1.78mm(2.5㎟) | F67: M | G67: 22035 | H67: =일대목차!I73 -> 590 | I67: =TRUNC(G67*H67) -> 13000650 | J67: 22035 | K67: =일대목차!L73 -> 2353 | L67: =TRUNC(G67*K67) -> 51848355 | M67: =일대목차!N73 -> 0 | N67: =TRUNC(G67*M67) -> 0 | O67: =IF((H67+K67+M67)=0, "", (H67+K67+M67)) -> 2943 | P67: =SUM(I67,L67,N67) -> 64849005 | Q67: 제 70호 | AC67: =G67*H67 -> 13000650 | AE67: =L67 -> 51848355
A68: 59301F17001 | B68: 01010102 | C68: F59301517001 | D68: 매입스위치 | E68: 250V 1로1구 | F68: 개 | G68: 156 | H68: =일대목차!I111 -> 1789 | I68: =TRUNC(G68*H68) -> 279084 | J68: 156 | K68: =일대목차!L111 -> 23262 | L68: =TRUNC(G68*K68) -> 3628872 | M68: =일대목차!N111 -> 0 | N68: =TRUNC(G68*M68) -> 0 | O68: =IF((H68+K68+M68)=0, "", (H68+K68+M68)) -> 25051 | P68: =SUM(I68,L68,N68) -> 3907956 | Q68: 제 108호 | AE68: =L68 -> 3628872
A69: 59301F17003 | B69: 01010102 | C69: F59301517003 | D69: 매입스위치 | E69: 250V 1로3구 | F69: 개 | G69: 78 | H69: =일대목차!I113 -> 2860 | I69: =TRUNC(G69*H69) -> 223080 | J69: 78 | K69: =일대목차!L113 -> 23262 | L69: =TRUNC(G69*K69) -> 1814436 | M69: =일대목차!N113 -> 0 | N69: =TRUNC(G69*M69) -> 0 | O69: =IF((H69+K69+M69)=0, "", (H69+K69+M69)) -> 26122 | P69: =SUM(I69,L69,N69) -> 2037516 | Q69: 제 110호 | AE69: =L69 -> 1814436
A70: 59350D17205 | B70: 01010102 | C70: F59350317205 | D70: 콘센트 | E70: 매입-접지형, 250V 1구 | F70: 개 | G70: 117 | H70: =일대목차!I116 -> 1372 | I70: =TRUNC(G70*H70) -> 160524 | J70: 117 | K70: =일대목차!L116 -> 21894 | L70: =TRUNC(G70*K70) -> 2561598 | M70: =일대목차!N116 -> 0 | N70: =TRUNC(G70*M70) -> 0 | O70: =IF((H70+K70+M70)=0, "", (H70+K70+M70)) -> 23266 | P70: =SUM(I70,L70,N70) -> 2722122 | Q70: 제 113호 | AE70: =L70 -> 2561598
A71: 59350D17206 | B71: 01010102 | C71: F59350317206 | D71: 콘센트 | E71: 매입-접지형, 250V 2구 | F71: 개 | G71: 429 | H71: =일대목차!I117 -> 1822 | I71: =TRUNC(G71*H71) -> 781638 | J71: 429 | K71: =일대목차!L117 -> 21894 | L71: =TRUNC(G71*K71) -> 9392526 | M71: =일대목차!N117 -> 0 | N71: =TRUNC(G71*M71) -> 0 | O71: =IF((H71+K71+M71)=0, "", (H71+K71+M71)) -> 23716 | P71: =SUM(I71,L71,N71) -> 10174164 | Q71: 제 114호 | AE71: =L71 -> 9392526
A72: 59350D17207 | B72: 01010102 | C72: F59350317207 | D72: 방우콘센트 | E72: 매입-접지형, 250V 1구 | F72: 개 | G72: 78 | H72: =일대목차!I118 -> 2474 | I72: =TRUNC(G72*H72) -> 192972 | J72: 78 | K72: =일대목차!L118 -> 21894 | L72: =TRUNC(G72*K72) -> 1707732 | M72: =일대목차!N118 -> 0 | N72: =TRUNC(G72*M72) -> 0 | O72: =IF((H72+K72+M72)=0, "", (H72+K72+M72)) -> 24368 | P72: =SUM(I72,L72,N72) -> 1900704 | Q72: 제 115호 | AE72: =L72 -> 1707732
A73: 59350D17208 | B73: 01010102 | C73: F59350317208 | D73: 방우콘센트 | E73: 매입-접지형, 250V 2구 | F73: 개 | G73: 39 | H73: =일대목차!I119 -> 2560 | I73: =TRUNC(G73*H73) -> 99840 | J73: 39 | K73: =일대목차!L119 -> 21894 | L73: =TRUNC(G73*K73) -> 853866 | M73: =일대목차!N119 -> 0 | N73: =TRUNC(G73*M73) -> 0 | O73: =IF((H73+K73+M73)=0, "", (H73+K73+M73)) -> 24454 | P73: =SUM(I73,L73,N73) -> 953706 | Q73: 제 116호 | AE73: =L73 -> 853866
A74: 56953100927 | B74: 01010102 | C74: EAB110540000 | D74: 석고따기 | E74: 측벽 | F74: 식 | G74: 273 | H74: =일대목차!I27 -> 224 | I74: =TRUNC(G74*H74) -> 61152 | J74: 273 | K74: =일대목차!L27 -> 11220 | L74: =TRUNC(G74*K74) -> 3063060 | M74: =일대목차!N27 -> 0 | N74: =TRUNC(G74*M74) -> 0 | O74: =IF((H74+K74+M74)=0, "", (H74+K74+M74)) -> 11444 | P74: =SUM(I74,L74,N74) -> 3124212 | Q74: 제 24호 | AE74: =L74 -> 3063060
A75: 5695C100010 | B75: 01010102 | C75: F5695C100010 | D75: 다운라이트구멍따기 | F75: 개소 | G75: 117 | H75: =일대목차!I29 -> 224 | I75: =TRUNC(G75*H75) -> 26208 | J75: 117 | K75: =일대목차!L29 -> 11220 | L75: =TRUNC(G75*K75) -> 1312740 | M75: =일대목차!N29 -> 0 | N75: =TRUNC(G75*M75) -> 0 | O75: =IF((H75+K75+M75)=0, "", (H75+K75+M75)) -> 11444 | P75: =SUM(I75,L75,N75) -> 1338948 | Q75: 제 26호 | AE75: =L75 -> 1312740
A76: 56959000048 | B76: 01010102 | C76: F56959000048 | D76: 통합콘센트 | E76: 일반4구/전화2/TV | F76: 개 | G76: 39 | H76: =일대목차!I150 -> 45437 | I76: =TRUNC(G76*H76) -> 1772043 | J76: 39 | K76: =일대목차!L150 -> 21894 | L76: =TRUNC(G76*K76) -> 853866 | M76: =일대목차!N150 -> 0 | N76: =TRUNC(G76*M76) -> 0 | O76: =IF((H76+K76+M76)=0, "", (H76+K76+M76)) -> 67331 | P76: =SUM(I76,L76,N76) -> 2625909 | Q76: 제 147호 | AE76: =L76 -> 853866
A77: 56959000052 | B77: 01010102 | C77: F56959000052 | D77: 통합콘센트 | E77: 일반2/전화2/TV | F77: 개 | G77: 78 | H77: =일대목차!I152 -> 35437 | I77: =TRUNC(G77*H77) -> 2764086 | J77: 78 | K77: =일대목차!L152 -> 21894 | L77: =TRUNC(G77*K77) -> 1707732 | M77: =일대목차!N152 -> 0 | N77: =TRUNC(G77*M77) -> 0 | O77: =IF((H77+K77+M77)=0, "", (H77+K77+M77)) -> 57331 | P77: =SUM(I77,L77,N77) -> 4471818 | Q77: 제 149호 | AE77: =L77 -> 1707732
A78: 56959000058 | B78: 01010102 | C78: F56959000058 | D78: 통합BOX | E78: 일반2/전화2/TV | F78: 개 | G78: 78 | H78: =일대목차!I155 -> 4985 | I78: =TRUNC(G78*H78) -> 388830 | J78: 78 | K78: =일대목차!L155 -> 49261 | L78: =TRUNC(G78*K78) -> 3842358 | M78: =일대목차!N155 -> 0 | N78: =TRUNC(G78*M78) -> 0 | O78: =IF((H78+K78+M78)=0, "", (H78+K78+M78)) -> 54246 | P78: =SUM(I78,L78,N78) -> 4231188 | Q78: 제 152호 | AE78: =L78 -> 3842358
A79: 56959000060 | B79: 01010102 | C79: F56959000060 | D79: 결로 통합BOX | E79: 일반4구/전화2/TV | F79: 개 | G79: 39 | H79: =일대목차!I156 -> 2485 | I79: =TRUNC(G79*H79) -> 96915 | J79: 39 | K79: =일대목차!L156 -> 49261 | L79: =TRUNC(G79*K79) -> 1921179 | M79: =일대목차!N156 -> 0 | N79: =TRUNC(G79*M79) -> 0 | O79: =IF((H79+K79+M79)=0, "", (H79+K79+M79)) -> 51746 | P79: =SUM(I79,L79,N79) -> 2018094 | Q79: 제 153호 | AE79: =L79 -> 1921179
A80: 56959000064 | B80: 01010102 | C80: F56959000064 | D80: 콘센트 | E80: 가로-접지형,15A 250V 2구 | F80: 개 | G80: 39 | H80: =일대목차!I158 -> 1782 | I80: =TRUNC(G80*H80) -> 69498 | J80: 39 | K80: =일대목차!L158 -> 21894 | L80: =TRUNC(G80*K80) -> 853866 | M80: =일대목차!N158 -> 0 | N80: =TRUNC(G80*M80) -> 0 | O80: =IF((H80+K80+M80)=0, "", (H80+K80+M80)) -> 23676 | P80: =SUM(I80,L80,N80) -> 923364 | Q80: 제 155호 | AE80: =L80 -> 853866
A81: 56959000066 | B81: 01010102 | C81: F56959000066 | D81: 결로BOX | E81: 1구 | F81: 개 | G81: 156 | H81: =일대목차!I159 -> 2285 | I81: =TRUNC(G81*H81) -> 356460 | J81: 156 | K81: =일대목차!L159 -> 49261 | L81: =TRUNC(G81*K81) -> 7684716 | M81: =일대목차!N159 -> 0 | N81: =TRUNC(G81*M81) -> 0 | O81: =IF((H81+K81+M81)=0, "", (H81+K81+M81)) -> 51546 | P81: =SUM(I81,L81,N81) -> 8041176 | Q81: 제 156호 | AE81: =L81 -> 7684716
A82: 56959000068 | B82: 01010102 | C82: F56959000068 | D82: 결로BOX | E82: 2구 | F82: 개 | G82: 78 | H82: =일대목차!I160 -> 2485 | I82: =TRUNC(G82*H82) -> 193830 | J82: 78 | K82: =일대목차!L160 -> 49261 | L82: =TRUNC(G82*K82) -> 3842358 | M82: =일대목차!N160 -> 0 | N82: =TRUNC(G82*M82) -> 0 | O82: =IF((H82+K82+M82)=0, "", (H82+K82+M82)) -> 51746 | P82: =SUM(I82,L82,N82) -> 4036188 | Q82: 제 157호 | AE82: =L82 -> 3842358
A83: MMH15519080 | B83: 01010102 | C83: InMastDBNonCode | D83: 실외기단자대 | F83: EA | G83: 39 | H83: =합산자재!H221 -> 50000 | I83: =TRUNC(G83*H83) -> 1950000 | J83: 39 | K83: =합산자재!I221 -> 0 | L83: =TRUNC(G83*K83) -> 0 | M83: =합산자재!J221 -> 0 | N83: =TRUNC(G83*M83) -> 0 | O83: =IF((H83+K83+M83)=0, "", (H83+K83+M83)) -> 50000 | P83: =SUM(I83,L83,N83) -> 1950000
A84: 56959000074 | B84: 01010102 | C84: F56959000074 | D84: 세대분전반 | E84: 8회로+APU | F84: 면 | G84: 39 | H84: =일대목차!I163 -> 205221 | I84: =TRUNC(G84*H84) -> 8003619 | J84: 39 | K84: =일대목차!L163 -> 243571 | L84: =TRUNC(G84*K84) -> 9499269 | M84: =일대목차!N163 -> 0 | N84: =TRUNC(G84*M84) -> 0 | O84: =IF((H84+K84+M84)=0, "", (H84+K84+M84)) -> 448792 | P84: =SUM(I84,L84,N84) -> 17502888 | Q84: 제 160호 | AE84: =L84 -> 9499269
A85: 56959000178 | B85: 01010102 | C85: F56959000178 | D85: 조명기구 TYPE 세대-@관급자재 | E85: LED50W(침실직부) | F85: SET | G85: 117 | H85: =일대목차!I215 -> 1247 | I85: =TRUNC(G85*H85) -> 145899 | J85: 117 | K85: =일대목차!L215 -> 62398 | L85: =TRUNC(G85*K85) -> 7300566 | M85: =일대목차!N215 -> 0 | N85: =TRUNC(G85*M85) -> 0 | O85: =IF((H85+K85+M85)=0, "", (H85+K85+M85)) -> 63645 | P85: =SUM(I85,L85,N85) -> 7446465 | Q85: 제 212호 | AE85: =L85 -> 7300566
A86: 56959000176 | B86: 01010102 | C86: F56959000176 | D86: 조명기구 TYPE 세대-@관급자재 | E86: LED40W(주방직부) | F86: SET | G86: 39 | H86: =일대목차!I214 -> 1083 | I86: =TRUNC(G86*H86) -> 42237 | J86: 39 | K86: =일대목차!L214 -> 54187 | L86: =TRUNC(G86*K86) -> 2113293 | M86: =일대목차!N214 -> 0 | N86: =TRUNC(G86*M86) -> 0 | O86: =IF((H86+K86+M86)=0, "", (H86+K86+M86)) -> 55270 | P86: =SUM(I86,L86,N86) -> 2155530 | Q86: 제 211호 | AE86: =L86 -> 2113293
A87: 56959000174 | B87: 01010102 | C87: F56959000174 | D87: 조명기구 TYPE 세대-@관급자재 | E87: LED30W(욕실매입) | F87: SET | G87: 39 | H87: =일대목차!I213 -> 1187 | I87: =TRUNC(G87*H87) -> 46293 | J87: 39 | K87: =일대목차!L213 -> 59387 | L87: =TRUNC(G87*K87) -> 2316093 | M87: =일대목차!N213 -> 0 | N87: =TRUNC(G87*M87) -> 0 | O87: =IF((H87+K87+M87)=0, "", (H87+K87+M87)) -> 60574 | P87: =SUM(I87,L87,N87) -> 2362386 | Q87: 제 210호 | AE87: =L87 -> 2316093
A88: 56959000172 | B88: 01010102 | C88: F56959000172 | D88: 조명기구 TYPE 세대-@관급자재 | E88: LED10W(현관센서) | F88: SET | G88: 39 | H88: =일대목차!I212 -> 574 | I88: =TRUNC(G88*H88) -> 22386 | J88: 39 | K88: =일대목차!L212 -> 28735 | L88: =TRUNC(G88*K88) -> 1120665 | M88: =일대목차!N212 -> 0 | N88: =TRUNC(G88*M88) -> 0 | O88: =IF((H88+K88+M88)=0, "", (H88+K88+M88)) -> 29309 | P88: =SUM(I88,L88,N88) -> 1143051 | Q88: 제 209호 | AE88: =L88 -> 1120665
A89: 56959000168 | B89: 01010102 | C89: F56959000168 | D89: 조명기구 TYPE 세대-@관급자재 | E89: LED10W(세대직부) | F89: SET | G89: 78 | H89: =일대목차!I210 -> 574 | I89: =TRUNC(G89*H89) -> 44772 | J89: 78 | K89: =일대목차!L210 -> 28735 | L89: =TRUNC(G89*K89) -> 2241330 | M89: =일대목차!N210 -> 0 | N89: =TRUNC(G89*M89) -> 0 | O89: =IF((H89+K89+M89)=0, "", (H89+K89+M89)) -> 29309 | P89: =SUM(I89,L89,N89) -> 2286102 | Q89: 제 207호 | AE89: =L89 -> 2241330
A90: 56959000166 | B90: 01010102 | C90: F56959000166 | D90: 조명기구 TYPE 세대-@관급자재 | E90: LED10W(세대D.L) | F90: SET | G90: 39 | H90: =일대목차!I209 -> 760 | I90: =TRUNC(G90*H90) -> 29640 | J90: 39 | K90: =일대목차!L209 -> 38040 | L90: =TRUNC(G90*K90) -> 1483560 | M90: =일대목차!N209 -> 0 | N90: =TRUNC(G90*M90) -> 0 | O90: =IF((H90+K90+M90)=0, "", (H90+K90+M90)) -> 38800 | P90: =SUM(I90,L90,N90) -> 1513200 | Q90: 제 206호 | AE90: =L90 -> 1483560
A91: 56959000164 | B91: 01010102 | C91: F56959000164 | D91: 조명기구 TYPE 세대-@관급자재 | E91: LED10W(비상D.L) | F91: SET | G91: 39 | H91: =일대목차!I208 -> 760 | I91: =TRUNC(G91*H91) -> 29640 | J91: 39 | K91: =일대목차!L208 -> 38040 | L91: =TRUNC(G91*K91) -> 1483560 | M91: =일대목차!N208 -> 0 | N91: =TRUNC(G91*M91) -> 0 | O91: =IF((H91+K91+M91)=0, "", (H91+K91+M91)) -> 38800 | P91: =SUM(I91,L91,N91) -> 1513200 | Q91: 제 205호 | AE91: =L91 -> 1483560
A92: 56959000170 | B92: 01010102 | C92: F56959000170 | D92: 조명기구 TYPE 세대-@관급자재 | E92: LED10W(욕실D.L) | F92: SET | G92: 39 | H92: =일대목차!I211 -> 760 | I92: =TRUNC(G92*H92) -> 29640 | J92: 39 | K92: =일대목차!L211 -> 38040 | L92: =TRUNC(G92*K92) -> 1483560 | M92: =일대목차!N211 -> 0 | N92: =TRUNC(G92*M92) -> 0 | O92: =IF((H92+K92+M92)=0, "", (H92+K92+M92)) -> 38800 | P92: =SUM(I92,L92,N92) -> 1513200 | Q92: 제 208호 | AE92: =L92 -> 1483560
AE93: =TRUNC(SUM(AE56:AE92)) -> 236792377
B107: 합계줄 | D107: ( 합 계 ) | I107: =TRUNC(SUM(I56:I106)) -> 36293190 | L107: =TRUNC(SUM(L56:L106)) -> 236792377 | N107: =TRUNC(SUM(N56:N106)) -> 0 | O107: =IF((H107+K107+M107)=0, "", (H107+K107+M107)) | P107: =TRUNC(SUM(P56:P106)) -> 273085567
B108: 공종줄 | D108: 1.전기공사::1-1.공동주택::1-1-1.전기단위세대공사::1-1-1-3.전기단위세대(42㎡-17세대)
A109: 59753A97002 | B109: 01010103 | C109: F59753097002 | D109: 합성수지제 가요전선관 | E109: CD-난연성 16㎜ | F109: M | G109: 2125 | H109: =일대목차!I37 -> 449 | I109: =TRUNC(G109*H109) -> 954125 | J109: 2125 | K109: =일대목차!L37 -> 9852 | L109: =TRUNC(G109*K109) -> 20935500 | M109: =일대목차!N37 -> 0 | N109: =TRUNC(G109*M109) -> 0 | O109: =IF((H109+K109+M109)=0, "", (H109+K109+M109)) -> 10301 | P109: =SUM(I109,L109,N109) -> 21889625 | Q109: 제 34호 | AA109: =I109 -> 954125 | AC109: =G109*H109 -> 954125 | AE109: =L109 -> 20935500
A110: 59753017043 | B110: 01010103 | C110: 3913170620174434 | D110: 1종금속제가요전선관 | E110: 커넥터, 16 mm 일반-비방수 | F110: 개 | G110: 704 | H110: =합산자재!H14 -> 340 | I110: =TRUNC(G110*H110) -> 239360 | J110: 704 | K110: =합산자재!I14 -> 0 | L110: =TRUNC(G110*K110) -> 0 | M110: =합산자재!J14 -> 0 | N110: =TRUNC(G110*M110) -> 0 | O110: =IF((H110+K110+M110)=0, "", (H110+K110+M110)) -> 340 | P110: =SUM(I110,L110,N110) -> 239360
A111: 56959000004 | B111: 01010103 | C111: F56959000004 | D111: 1종금속제가요전선관 | E111: 16 mm 고장력-비방수 | F111: M | G111: 373 | H111: =일대목차!I43 -> 691 | I111: =TRUNC(G111*H111) -> 257743 | J111: 373 | K111: =일대목차!L43 -> 10837 | L111: =TRUNC(G111*K111) -> 4042201 | M111: =일대목차!N43 -> 0 | N111: =TRUNC(G111*M111) -> 0 | O111: =IF((H111+K111+M111)=0, "", (H111+K111+M111)) -> 11528 | P111: =SUM(I111,L111,N111) -> 4299944 | Q111: 제 40호 | AC111: =G111*H111 -> 257743 | AE111: =L111 -> 4042201
A112: 59753H67011 | B112: 01010103 | C112: F59753767011 | D112: 아우트렛박스 | E112: 8각 54㎜ | F112: 개 | G112: 204 | H112: =일대목차!I50 -> 1218 | I112: =TRUNC(G112*H112) -> 248472 | J112: 204 | K112: =일대목차!L50 -> 29557 | L112: =TRUNC(G112*K112) -> 6029628 | M112: =일대목차!N50 -> 0 | N112: =TRUNC(G112*M112) -> 0 | O112: =IF((H112+K112+M112)=0, "", (H112+K112+M112)) -> 30775 | P112: =SUM(I112,L112,N112) -> 6278100 | Q112: 제 47호 | AE112: =L112 -> 6029628
A113: 59753H77102 | B113: 01010103 | C113: F59753777102 | D113: 스위치박스 | E113: 1 개용 54 mm | F113: 개 | G113: 153 | H113: =일대목차!I52 -> 1577 | I113: =TRUNC(G113*H113) -> 241281 | J113: 153 | K113: =일대목차!L52 -> 49261 | L113: =TRUNC(G113*K113) -> 7536933 | M113: =일대목차!N52 -> 0 | N113: =TRUNC(G113*M113) -> 0 | O113: =IF((H113+K113+M113)=0, "", (H113+K113+M113)) -> 50838 | P113: =SUM(I113,L113,N113) -> 7778214 | Q113: 제 49호 | AE113: =L113 -> 7536933
A114: 59753H77111 | B114: 01010103 | C114: F59753777111 | D114: 스위치박스 | E114: 2 개용 54 mm | F114: 개 | G114: 34 | H114: =일대목차!I53 -> 1711 | I114: =TRUNC(G114*H114) -> 58174 | J114: 34 | K114: =일대목차!L53 -> 49261 | L114: =TRUNC(G114*K114) -> 1674874 | M114: =일대목차!N53 -> 0 | N114: =TRUNC(G114*M114) -> 0 | O114: =IF((H114+K114+M114)=0, "", (H114+K114+M114)) -> 50972 | P114: =SUM(I114,L114,N114) -> 1733048 | Q114: 제 50호 | AE114: =L114 -> 1674874
A115: 56959000016 | B115: 01010103 | C115: F56959000016 | D115: 연결박스 | E115: 4각 44㎜ | F115: 개 | G115: 221 | H115: =일대목차!I54 -> 921 | I115: =TRUNC(G115*H115) -> 203541 | J115: 221 | K115: =일대목차!L54 -> 9852 | L115: =TRUNC(G115*K115) -> 2177292 | M115: =일대목차!N54 -> 0 | N115: =TRUNC(G115*M115) -> 0 | O115: =IF((H115+K115+M115)=0, "", (H115+K115+M115)) -> 10773 | P115: =SUM(I115,L115,N115) -> 2380833 | Q115: 제 51호 | AE115: =L115 -> 2177292
A116: 59753767221 | B116: 01010103 | C116: 3912130820174712 | D116: 아우트렛박스 커버 | E116: 커버, 8각, 둥근구멍(평) | F116: 개 | G116: 204 | H116: =합산자재!H45 -> 282 | I116: =TRUNC(G116*H116) -> 57528 | J116: 204 | K116: =합산자재!I45 -> 0 | L116: =TRUNC(G116*K116) -> 0 | M116: =합산자재!J45 -> 0 | N116: =TRUNC(G116*M116) -> 0 | O116: =IF((H116+K116+M116)=0, "", (H116+K116+M116)) -> 282 | P116: =SUM(I116,L116,N116) -> 57528
A117: 59753767281 | B117: 01010103 | C117: 3912130820174718 | D117: 아우트렛박스 커버 | E117: 커버, 4각,2개용S/W (오목) | F117: 개 | G117: 34 | H117: =합산자재!H47 -> 283 | I117: =TRUNC(G117*H117) -> 9622 | J117: 34 | K117: =합산자재!I47 -> 0 | L117: =TRUNC(G117*K117) -> 0 | M117: =합산자재!J47 -> 0 | N117: =TRUNC(G117*M117) -> 0 | O117: =IF((H117+K117+M117)=0, "", (H117+K117+M117)) -> 283 | P117: =SUM(I117,L117,N117) -> 9622
A118: 59753I57001 | B118: 01010103 | C118: F59753857001 | D118: 풀박스 | E118: 100×100×50 | F118: 개 | G118: 17 | H118: =일대목차!I57 -> 3121 | I118: =TRUNC(G118*H118) -> 53057 | J118: 17 | K118: =일대목차!L57 -> 41872 | L118: =TRUNC(G118*K118) -> 711824 | M118: =일대목차!N57 -> 0 | N118: =TRUNC(G118*M118) -> 0 | O118: =IF((H118+K118+M118)=0, "", (H118+K118+M118)) -> 44993 | P118: =SUM(I118,L118,N118) -> 764881 | Q118: 제 54호 | AE118: =L118 -> 711824
A119: 56959000020 | B119: 01010103 | C119: F56959000020 | D119: 450/750V 내열비닐절연전선 | E119: HFIX 1.78mm(2.5㎟) | F119: M | G119: 9171 | H119: =일대목차!I73 -> 590 | I119: =TRUNC(G119*H119) -> 5410890 | J119: 9171 | K119: =일대목차!L73 -> 2353 | L119: =TRUNC(G119*K119) -> 21579363 | M119: =일대목차!N73 -> 0 | N119: =TRUNC(G119*M119) -> 0 | O119: =IF((H119+K119+M119)=0, "", (H119+K119+M119)) -> 2943 | P119: =SUM(I119,L119,N119) -> 26990253 | Q119: 제 70호 | AC119: =G119*H119 -> 5410890 | AE119: =L119 -> 21579363
A120: 59301F17001 | B120: 01010103 | C120: F59301517001 | D120: 매입스위치 | E120: 250V 1로1구 | F120: 개 | G120: 68 | H120: =일대목차!I111 -> 1789 | I120: =TRUNC(G120*H120) -> 121652 | J120: 68 | K120: =일대목차!L111 -> 23262 | L120: =TRUNC(G120*K120) -> 1581816 | M120: =일대목차!N111 -> 0 | N120: =TRUNC(G120*M120) -> 0 | O120: =IF((H120+K120+M120)=0, "", (H120+K120+M120)) -> 25051 | P120: =SUM(I120,L120,N120) -> 1703468 | Q120: 제 108호 | AE120: =L120 -> 1581816
A121: 59301F17003 | B121: 01010103 | C121: F59301517003 | D121: 매입스위치 | E121: 250V 1로3구 | F121: 개 | G121: 34 | H121: =일대목차!I113 -> 2860 | I121: =TRUNC(G121*H121) -> 97240 | J121: 34 | K121: =일대목차!L113 -> 23262 | L121: =TRUNC(G121*K121) -> 790908 | M121: =일대목차!N113 -> 0 | N121: =TRUNC(G121*M121) -> 0 | O121: =IF((H121+K121+M121)=0, "", (H121+K121+M121)) -> 26122 | P121: =SUM(I121,L121,N121) -> 888148 | Q121: 제 110호 | AE121: =L121 -> 790908
A122: 59350D17205 | B122: 01010103 | C122: F59350317205 | D122: 콘센트 | E122: 매입-접지형, 250V 1구 | F122: 개 | G122: 51 | H122: =일대목차!I116 -> 1372 | I122: =TRUNC(G122*H122) -> 69972 | J122: 51 | K122: =일대목차!L116 -> 21894 | L122: =TRUNC(G122*K122) -> 1116594 | M122: =일대목차!N116 -> 0 | N122: =TRUNC(G122*M122) -> 0 | O122: =IF((H122+K122+M122)=0, "", (H122+K122+M122)) -> 23266 | P122: =SUM(I122,L122,N122) -> 1186566 | Q122: 제 113호 | AE122: =L122 -> 1116594
A123: 59350D17206 | B123: 01010103 | C123: F59350317206 | D123: 콘센트 | E123: 매입-접지형, 250V 2구 | F123: 개 | G123: 187 | H123: =일대목차!I117 -> 1822 | I123: =TRUNC(G123*H123) -> 340714 | J123: 187 | K123: =일대목차!L117 -> 21894 | L123: =TRUNC(G123*K123) -> 4094178 | M123: =일대목차!N117 -> 0 | N123: =TRUNC(G123*M123) -> 0 | O123: =IF((H123+K123+M123)=0, "", (H123+K123+M123)) -> 23716 | P123: =SUM(I123,L123,N123) -> 4434892 | Q123: 제 114호 | AE123: =L123 -> 4094178
A124: 59350D17207 | B124: 01010103 | C124: F59350317207 | D124: 방우콘센트 | E124: 매입-접지형, 250V 1구 | F124: 개 | G124: 34 | H124: =일대목차!I118 -> 2474 | I124: =TRUNC(G124*H124) -> 84116 | J124: 34 | K124: =일대목차!L118 -> 21894 | L124: =TRUNC(G124*K124) -> 744396 | M124: =일대목차!N118 -> 0 | N124: =TRUNC(G124*M124) -> 0 | O124: =IF((H124+K124+M124)=0, "", (H124+K124+M124)) -> 24368 | P124: =SUM(I124,L124,N124) -> 828512 | Q124: 제 115호 | AE124: =L124 -> 744396
A125: 59350D17208 | B125: 01010103 | C125: F59350317208 | D125: 방우콘센트 | E125: 매입-접지형, 250V 2구 | F125: 개 | G125: 17 | H125: =일대목차!I119 -> 2560 | I125: =TRUNC(G125*H125) -> 43520 | J125: 17 | K125: =일대목차!L119 -> 21894 | L125: =TRUNC(G125*K125) -> 372198 | M125: =일대목차!N119 -> 0 | N125: =TRUNC(G125*M125) -> 0 | O125: =IF((H125+K125+M125)=0, "", (H125+K125+M125)) -> 24454 | P125: =SUM(I125,L125,N125) -> 415718 | Q125: 제 116호 | AE125: =L125 -> 372198
...

Sheet 일대목차
B1: 237 | C1: [ 강릉시 입암동 통합공공임대주택 건립사업 신축공사 ] - 일위대가목차
A2: 번호 | B2: … | C2: 코드 | D2: 명 칭 | E2: 규 격 | F2: 단위 | G2: 수량 | H2: 재료비 | J2: 노무비 | M2: 경비 | O2: 계 | P2: 계 | Q2: 비고
H3: 단가 | I3: 금액 | J3: 수량 | K3: 단가 | L3: 금액 | M3: 단가 | N3: 금액 | O3: 단가
A4: 56930220020 | B4: ABB103200000 | C4: 제 1호 | D4: 터파기(기계80%,인력20%) | E4: 보통토사 | F4: ㎥ | H4: =일위대가!I7 -> 341 | I4: =H4 -> 341 | K4: =일위대가!L7 -> 7929 | L4: =K4 -> 7929 | M4: =일위대가!N7 -> 418 | N4: =M4 -> 418 | O4: =IF((H4+K4+M4)=0, "", (H4+K4+M4)) -> 8688 | P4: =SUM(I4,L4,N4) -> 8688
A5: 56930220052 | B5: ABB104200000 | C5: 제 2호 | D5: 되메우기(기계80%,인력20%) | E5: 보통토사 | F5: ㎥ | H5: =일위대가!I12 -> 341 | I5: =H5 -> 341 | K5: =일위대가!L12 -> 4488 | L5: =K5 -> 4488 | M5: =일위대가!N12 -> 418 | N5: =M5 -> 418 | O5: =IF((H5+K5+M5)=0, "", (H5+K5+M5)) -> 5247 | P5: =SUM(I5,L5,N5) -> 5247
A6: 56950120016 | B6: EAA110110000 | C6: 제 3호 | D6: 파이프행가 | E6: 16 C | F6: 식 | H6: =일위대가!I22 -> 19534 | I6: =H6 -> 19534 | K6: =일위대가!L22 -> 9852 | L6: =K6 -> 9852 | M6: =일위대가!N22 -> 0 | N6: =M6 -> 0 | O6: =IF((H6+K6+M6)=0, "", (H6+K6+M6)) -> 29386 | P6: =SUM(I6,L6,N6) -> 29386
A7: 56950120022 | B7: EAA110120000 | C7: 제 4호 | D7: 파이프행가 | E7: 22 C | F7: 식 | H7: =일위대가!I32 -> 19539 | I7: =H7 -> 19539 | K7: =일위대가!L32 -> 9852 | L7: =K7 -> 9852 | M7: =일위대가!N32 -> 0 | N7: =M7 -> 0 | O7: =IF((H7+K7+M7)=0, "", (H7+K7+M7)) -> 29391 | P7: =SUM(I7,L7,N7) -> 29391
A8: 56950120028 | B8: EAA110130000 | C8: 제 5호 | D8: 파이프행가 | E8: 28 C | F8: 식 | H8: =일위대가!I42 -> 19561 | I8: =H8 -> 19561 | K8: =일위대가!L42 -> 9852 | L8: =K8 -> 9852 | M8: =일위대가!N42 -> 0 | N8: =M8 -> 0 | O8: =IF((H8+K8+M8)=0, "", (H8+K8+M8)) -> 29413 | P8: =SUM(I8,L8,N8) -> 29413
A9: 56950120036 | B9: EAA110140000 | C9: 제 6호 | D9: 파이프행가 | E9: 36 C | F9: 식 | H9: =일위대가!I52 -> 19585 | I9: =H9 -> 19585 | K9: =일위대가!L52 -> 9852 | L9: =K9 -> 9852 | M9: =일위대가!N52 -> 0 | N9: =M9 -> 0 | O9: =IF((H9+K9+M9)=0, "", (H9+K9+M9)) -> 29437 | P9: =SUM(I9,L9,N9) -> 29437
A10: 56950120042 | B10: EAA110150000 | C10: 제 7호 | D10: 파이프행가 | E10: 42 C | F10: 식 | H10: =일위대가!I62 -> 19622 | I10: =H10 -> 19622 | K10: =일위대가!L62 -> 9852 | L10: =K10 -> 9852 | M10: =일위대가!N62 -> 0 | N10: =M10 -> 0 | O10: =IF((H10+K10+M10)=0, "", (H10+K10+M10)) -> 29474 | P10: =SUM(I10,L10,N10) -> 29474
A11: 56950120054 | B11: EAA110160000 | C11: 제 8호 | D11: 파이프행가 | E11: 54 C | F11: 식 | H11: =일위대가!I72 -> 19816 | I11: =H11 -> 19816 | K11: =일위대가!L72 -> 9852 | L11: =K11 -> 9852 | M11: =일위대가!N72 -> 0 | N11: =M11 -> 0 | O11: =IF((H11+K11+M11)=0, "", (H11+K11+M11)) -> 29668 | P11: =SUM(I11,L11,N11) -> 29668
A12: 56950120070 | B12: EAA110170000 | C12: 제 9호 | D12: 파이프행가 | E12: 70 C | F12: 식 | H12: =일위대가!I82 -> 19866 | I12: =H12 -> 19866 | K12: =일위대가!L82 -> 9852 | L12: =K12 -> 9852 | M12: =일위대가!N82 -> 0 | N12: =M12 -> 0 | O12: =IF((H12+K12+M12)=0, "", (H12+K12+M12)) -> 29718 | P12: =SUM(I12,L12,N12) -> 29718
A13: 56950160200 | B13: EAA110420000 | C13: 제 10호 | D13: 케이블트레이지지대 | E13: W200-1단 | F13: 식 | H13: =일위대가!I93 -> 40646 | I13: =H13 -> 40646 | K13: =일위대가!L93 -> 19704 | L13: =K13 -> 19704 | M13: =일위대가!N93 -> 0 | N13: =M13 -> 0 | O13: =IF((H13+K13+M13)=0, "", (H13+K13+M13)) -> 60350 | P13: =SUM(I13,L13,N13) -> 60350
A14: 56950160300 | B14: EAA110430000 | C14: 제 11호 | D14: 케이블트레이지지대 | E14: W300-1단 | F14: 식 | H14: =일위대가!I104 -> 41036 | I14: =H14 -> 41036 | K14: =일위대가!L104 -> 19704 | L14: =K14 -> 19704 | M14: =일위대가!N104 -> 0 | N14: =M14 -> 0 | O14: =IF((H14+K14+M14)=0, "", (H14+K14+M14)) -> 60740 | P14: =SUM(I14,L14,N14) -> 60740
A15: 56950160800 | B15: EAA110478000 | C15: 제 12호 | D15: 케이블트레이지지대 | E15: W800-1단 | F15: 식 | H15: =일위대가!I115 -> 42986 | I15: =H15 -> 42986 | K15: =일위대가!L115 -> 19704 | L15: =K15 -> 19704 | M15: =일위대가!N115 -> 0 | N15: =M15 -> 0 | O15: =IF((H15+K15+M15)=0, "", (H15+K15+M15)) -> 62690 | P15: =SUM(I15,L15,N15) -> 62690
A16: 56950170119 | B16: EAA110690000 | C16: 제 13호 | D16: EPS SUPPORT | E16: W800-1단 | F16: 식 | H16: =일위대가!I126 -> 41332 | I16: =H16 -> 41332 | K16: =일위대가!L126 -> 19704 | L16: =K16 -> 19704 | M16: =일위대가!N126 -> 0 | N16: =M16 -> 0 | O16: =IF((H16+K16+M16)=0, "", (H16+K16+M16)) -> 61036 | P16: =SUM(I16,L16,N16) -> 61036
A17: 56950180028 | B17: EAA110830000 | C17: 제 14호 | D17: 동력배관지지가대 | E17: 28C | F17: 식 | H17: =일위대가!I138 -> 41309 | I17: =H17 -> 41309 | K17: =일위대가!L138 -> 251781 | L17: =K17 -> 251781 | M17: =일위대가!N138 -> 0 | N17: =M17 -> 0 | O17: =IF((H17+K17+M17)=0, "", (H17+K17+M17)) -> 293090 | P17: =SUM(I17,L17,N17) -> 293090
A18: 56950180036 | B18: EAA110840000 | C18: 제 15호 | D18: 동력배관지지가대 | E18: 36C | F18: 식 | H18: =일위대가!I150 -> 41357 | I18: =H18 -> 41357 | K18: =일위대가!L150 -> 251781 | L18: =K18 -> 251781 | M18: =일위대가!N150 -> 0 | N18: =M18 -> 0 | O18: =IF((H18+K18+M18)=0, "", (H18+K18+M18)) -> 293138 | P18: =SUM(I18,L18,N18) -> 293138
A19: 56950180042 | B19: EAA110850000 | C19: 제 16호 | D19: 동력배관지지가대 | E19: 42C | F19: 식 | H19: =일위대가!I162 -> 41395 | I19: =H19 -> 41395 | K19: =일위대가!L162 -> 251781 | L19: =K19 -> 251781 | M19: =일위대가!N162 -> 0 | N19: =M19 -> 0 | O19: =IF((H19+K19+M19)=0, "", (H19+K19+M19)) -> 293176 | P19: =SUM(I19,L19,N19) -> 293176
A20: 56950180054 | B20: EAA110860000 | C20: 제 17호 | D20: 동력배관지지가대 | E20: 54C | F20: 식 | H20: =일위대가!I174 -> 41422 | I20: =H20 -> 41422 | K20: =일위대가!L174 -> 251781 | L20: =K20 -> 251781 | M20: =일위대가!N174 -> 0 | N20: =M20 -> 0 | O20: =IF((H20+K20+M20)=0, "", (H20+K20+M20)) -> 293203 | P20: =SUM(I20,L20,N20) -> 293203
A21: 56950200520 | B21: EAC110160000 | C21: 제 18호 | D21: 맨 홀 | E21: 1000x1000x1000 | F21: 식 | H21: =일위대가!I198 -> 785665 | I21: =H21 -> 785665 | K21: =일위대가!L198 -> 1574291 | L21: =K21 -> 1574291 | M21: =일위대가!N198 -> 54822 | N21: =M21 -> 54822 | O21: =IF((H21+K21+M21)=0, "", (H21+K21+M21)) -> 2414778 | P21: =SUM(I21,L21,N21) -> 2414778
A22: 56950200530 | B22: EAC110170000 | C22: 제 19호 | D22: 맨 홀 | E22: 1500x1500x1500 | F22: 식 | H22: =일위대가!I217 -> 922035 | I22: =H22 -> 922035 | K22: =일위대가!L217 -> 1843024 | L22: =K22 -> 1843024 | M22: =일위대가!N217 -> 59838 | N22: =M22 -> 59838 | O22: =IF((H22+K22+M22)=0, "", (H22+K22+M22)) -> 2824897 | P22: =SUM(I22,L22,N22) -> 2824897
A23: 56950220302 | B23: EAD110121000 | C23: 제 20호 | D23: 접지공사 | E23: TEST | F23: 식 | H23: =일위대가!I229 -> 32327 | I23: =H23 -> 32327 | K23: =일위대가!L229 -> 125021 | L23: =K23 -> 125021 | M23: =일위대가!N229 -> 1254 | N23: =M23 -> 1254 | O23: =IF((H23+K23+M23)=0, "", (H23+K23+M23)) -> 158602 | P23: =SUM(I23,L23,N23) -> 158602
A24: 56950240050 | B24: EAF110120000 | C24: 제 21호 | D24: 관로구방수 | E24: D50 | F24: 식 | H24: =일위대가!I239 -> 36750 | I24: =H24 -> 36750 | K24: =일위대가!L239 -> 80874 | L24: =K24 -> 80874 | M24: =일위대가!N239 -> 0 | N24: =M24 -> 0 | O24: =IF((H24+K24+M24)=0, "", (H24+K24+M24)) -> 117624 | P24: =SUM(I24,L24,N24) -> 117624
A25: 56950240065 | B25: EAF110130000 | C25: 제 22호 | D25: 관로구방수 | E25: D65 | F25: 식 | H25: =일위대가!I249 -> 38656 | I25: =H25 -> 38656 | K25: =일위대가!L249 -> 80874 | L25: =K25 -> 80874 | M25: =일위대가!N249 -> 0 | N25: =M25 -> 0 | O25: =IF((H25+K25+M25)=0, "", (H25+K25+M25)) -> 119530 | P25: =SUM(I25,L25,N25) -> 119530
A26: 56950240150 | B26: EAF110170000 | C26: 제 23호 | D26: 관로구방수 | E26: D150 | F26: 식 | H26: =일위대가!I259 -> 68241 | I26: =H26 -> 68241 | K26: =일위대가!L259 -> 80874 | L26: =K26 -> 80874 | M26: =일위대가!N259 -> 0 | N26: =M26 -> 0 | O26: =IF((H26+K26+M26)=0, "", (H26+K26+M26)) -> 149115 | P26: =SUM(I26,L26,N26) -> 149115
A27: 56953100927 | B27: EAB110540000 | C27: 제 24호 | D27: 석고따기 | E27: 측벽 | F27: 식 | H27: =일위대가!I264 -> 224 | I27: =H27 -> 224 | K27: =일위대가!L264 -> 11220 | L27: =K27 -> 11220 | M27: =일위대가!N264 -> 0 | N27: =M27 -> 0 | O27: =IF((H27+K27+M27)=0, "", (H27+K27+M27)) -> 11444 | P27: =SUM(I27,L27,N27) -> 11444
A28: 56959J99110 | B28: 56959J991100 | C28: 제 25호 | D28: 조명기구 설치(POLE LIGHT)-강관,AL | E28: 5m-7m 이하(기계화시공) | F28: 개소 | H28: =일위대가!I270 -> 1696 | I28: =H28 -> 1696 | K28: =일위대가!L270 -> 84839 | L28: =K28 -> 84839 | M28: =일위대가!N270 -> 37543 | N28: =M28 -> 37543 | O28: =IF((H28+K28+M28)=0, "", (H28+K28+M28)) -> 124078 | P28: =SUM(I28,L28,N28) -> 124078
A29: 5695C100010 | B29: F5695C100010 | C29: 제 26호 | D29: 다운라이트구멍따기 | F29: 개소 | H29: =일위대가!I275 -> 224 | I29: =H29 -> 224 | K29: =일위대가!L275 -> 11220 | L29: =K29 -> 11220 | M29: =일위대가!N275 -> 0 | N29: =M29 -> 0 | O29: =IF((H29+K29+M29)=0, "", (H29+K29+M29)) -> 11444 | P29: =SUM(I29,L29,N29) -> 11444
A30: 5695FIR0200 | B30: F5695F8R0200 | C30: 제 27호 | D30: 방화구획(내화충전) | E30: W 200 | F30: 개소 | H30: =일위대가!I281 -> 20109 | I30: =H30 -> 20109 | K30: =일위대가!L281 -> 42187 | L30: =K30 -> 42187 | M30: =일위대가!N281 -> 0 | N30: =M30 -> 0 | O30: =IF((H30+K30+M30)=0, "", (H30+K30+M30)) -> 62296 | P30: =SUM(I30,L30,N30) -> 62296
A31: 5695FIR0300 | B31: F5695F8R0300 | C31: 제 28호 | D31: 방화구획(내화충전) | E31: W 300 | F31: 개소 | H31: =일위대가!I287 -> 30034 | I31: =H31 -> 30034 | K31: =일위대가!L287 -> 63006 | L31: =K31 -> 63006 | M31: =일위대가!N287 -> 0 | N31: =M31 -> 0 | O31: =IF((H31+K31+M31)=0, "", (H31+K31+M31)) -> 93040 | P31: =SUM(I31,L31,N31) -> 93040
A32: 5695FIR0800 | B32: F5695F8R0800 | C32: 제 29호 | D32: 방화구획(내화충전) | E32: W 800 | F32: 개소 | H32: =일위대가!I293 -> 80178 | I32: =H32 -> 80178 | K32: =일위대가!L293 -> 168201 | L32: =K32 -> 168201 | M32: =일위대가!N293 -> 0 | N32: =M32 -> 0 | O32: =IF((H32+K32+M32)=0, "", (H32+K32+M32)) -> 248379 | P32: =SUM(I32,L32,N32) -> 248379
A33: 59751E67012 | B33: F59751467012 | C33: 제 30호 | D33: 경질비닐전선관 | E33: HI 16 mm | F33: M | H33: =일위대가!I301 -> 613 | I33: =H33 -> 613 | K33: =일위대가!L301 -> 12315 | L33: =K33 -> 12315 | M33: =일위대가!N301 -> 0 | N33: =M33 -> 0 | O33: =IF((H33+K33+M33)=0, "", (H33+K33+M33)) -> 12928 | P33: =SUM(I33,L33,N33) -> 12928
A34: 59751E67014 | B34: F59751467014 | C34: 제 31호 | D34: 경질비닐전선관 | E34: HI 28 mm | F34: M | H34: =일위대가!I309 -> 1269 | I34: =H34 -> 1269 | K34: =일위대가!L309 -> 19704 | L34: =K34 -> 19704 | M34: =일위대가!N309 -> 0 | N34: =M34 -> 0 | O34: =IF((H34+K34+M34)=0, "", (H34+K34+M34)) -> 20973 | P34: =SUM(I34,L34,N34) -> 20973
A35: 59751E67015 | B35: F59751467015 | C35: 제 32호 | D35: 경질비닐전선관 | E35: HI 36 mm | F35: M | H35: =일위대가!I317 -> 1751 | I35: =H35 -> 1751 | K35: =일위대가!L317 -> 24630 | L35: =K35 -> 24630 | M35: =일위대가!N317 -> 0 | N35: =M35 -> 0 | O35: =IF((H35+K35+M35)=0, "", (H35+K35+M35)) -> 26381 | P35: =SUM(I35,L35,N35) -> 26381
A36: 59751E67016 | B36: F59751467016 | C36: 제 33호 | D36: 경질비닐전선관 | E36: HI 42 mm | F36: M | H36: =일위대가!I325 -> 2196 | I36: =H36 -> 2196 | K36: =일위대가!L325 -> 32020 | L36: =K36 -> 32020 | M36: =일위대가!N325 -> 0 | N36: =M36 -> 0 | O36: =IF((H36+K36+M36)=0, "", (H36+K36+M36)) -> 34216 | P36: =SUM(I36,L36,N36) -> 34216
A37: 59753A97002 | B37: F59753097002 | C37: 제 34호 | D37: 합성수지제 가요전선관 | E37: CD-난연성 16㎜ | F37: M.. | H37: =일위대가!I333 -> 449 | I37: =H37 -> 449 | K37: =일위대가!L333 -> 9852 | L37: =K37 -> 9852 | M37: =일위대가!N333 -> 0 | N37: =M37 -> 0 | O37: =IF((H37+K37+M37)=0, "", (H37+K37+M37)) -> 10301 | P37: =SUM(I37,L37,N37) -> 10301
A38: 59753A97003 | B38: F59753097003 | C38: 제 35호 | D38: 합성수지제 가요전선관 | E38: CD-난연성 22㎜ | F38: M.. | H38: =일위대가!I341 -> 615 | I38: =H38 -> 615 | K38: =일위대가!L341 -> 11822 | L38: =K38 -> 11822 | M38: =일위대가!N341 -> 0 | N38: =M38 -> 0 | O38: =IF((H38+K38+M38)=0, "", (H38+K38+M38)) -> 12437 | P38: =SUM(I38,L38,N38) -> 12437
A39: 59753B78001 | B39: F59753178001 | C39: 제 36호 | D39: 파상형 폴리에틸렌 전선관 | E39: 30㎜ | F39: M | H39: =일위대가!I350 -> 502 | I39: =H39 -> 502 | K39: =일위대가!L350 -> 4898 | L39: =K39 -> 4898 | M39: =일위대가!N350 -> 0 | N39: =M39 -> 0 | O39: =IF((H39+K39+M39)=0, "", (H39+K39+M39)) -> 5400 | P39: =SUM(I39,L39,N39) -> 5400
A40: 59753B78002 | B40: F59753178002 | C40: 제 37호 | D40: 파상형 폴리에틸렌 전선관 | E40: 40㎜ | F40: M | H40: =일위대가!I359 -> 737 | I40: =H40 -> 737 | K40: =일위대가!L359 -> 6001 | L40: =K40 -> 6001 | M40: =일위대가!N359 -> 0 | N40: =M40 -> 0 | O40: =IF((H40+K40+M40)=0, "", (H40+K40+M40)) -> 6738 | P40: =SUM(I40,L40,N40) -> 6738
A41: 59753B78004 | B41: F59753178004 | C41: 제 38호 | D41: 파상형 폴리에틸렌 전선관 | E41: 65㎜ | F41: M | H41: =일위대가!I368 -> 1318 | I41: =H41 -> 1318 | K41: =일위대가!L368 -> 7520 | L41: =K41 -> 7520 | M41: =일위대가!N368 -> 0 | N41: =M41 -> 0 | O41: =IF((H41+K41+M41)=0, "", (H41+K41+M41)) -> 8838 | P41: =SUM(I41,L41,N41) -> 8838
A42: 56959000002 | B42: F56959000002 | C42: 제 39호 | D42: 파상형 폴리에틸렌 전선관 | E42: 125㎜-2열 포설 | F42: M | H42: =일위대가!I377 -> 3567 | I42: =H42 -> 3567 | K42: =일위대가!L377 -> 13408 | L42: =K42 -> 13408 | M42: =일위대가!N377 -> 0 | N42: =M42 -> 0 | O42: =IF((H42+K42+M42)=0, "", (H42+K42+M42)) -> 16975 | P42: =SUM(I42,L42,N42) -> 16975
A43: 56959000004 | B43: F56959000004 | C43: 제 40호 | D43: 1종금속제가요전선관 | E43: 16 mm 고장력-비방수 | F43: M | H43: =일위대가!I384 -> 691 | I43: =H43 -> 691 | K43: =일위대가!L384 -> 10837 | L43: =K43 -> 10837 | M43: =일위대가!N384 -> 0 | N43: =M43 -> 0 | O43: =IF((H43+K43+M43)=0, "", (H43+K43+M43)) -> 11528 | P43: =SUM(I43,L43,N43) -> 11528
A44: 56959000006 | B44: F56959000006 | C44: 제 41호 | D44: 1종금속제가요전선관 | E44: 28 mm 고장력-비방수 | F44: M | H44: =일위대가!I391 -> 1132 | I44: =H44 -> 1132 | K44: =일위대가!L391 -> 17734 | L44: =K44 -> 17734 | M44: =일위대가!N391 -> 0 | N44: =M44 -> 0 | O44: =IF((H44+K44+M44)=0, "", (H44+K44+M44)) -> 18866 | P44: =SUM(I44,L44,N44) -> 18866
A45: 56959000008 | B45: F56959000008 | C45: 제 42호 | D45: 1종금속제가요전선관 | E45: 36 mm 고장력-비방수 | F45: M | H45: =일위대가!I398 -> 1367 | I45: =H45 -> 1367 | K45: =일위대가!L398 -> 21428 | L45: =K45 -> 21428 | M45: =일위대가!N398 -> 0 | N45: =M45 -> 0 | O45: =IF((H45+K45+M45)=0, "", (H45+K45+M45)) -> 22795 | P45: =SUM(I45,L45,N45) -> 22795
A46: 56959000010 | B46: F56959000010 | C46: 제 43호 | D46: 1종금속제가요전선관 | E46: 28 mm 고장력-방수 | F46: M | H46: =일위대가!I405 -> 2499 | I46: =H46 -> 2499 | K46: =일위대가!L405 -> 17734 | L46: =K46 -> 17734 | M46: =일위대가!N405 -> 0 | N46: =M46 -> 0 | O46: =IF((H46+K46+M46)=0, "", (H46+K46+M46)) -> 20233 | P46: =SUM(I46,L46,N46) -> 20233
A47: 56959000012 | B47: F56959000012 | C47: 제 44호 | D47: 1종금속제가요전선관 | E47: 36 mm 고장력-방수 | F47: M | H47: =일위대가!I412 -> 3409 | I47: =H47 -> 3409 | K47: =일위대가!L412 -> 21428 | L47: =K47 -> 21428 | M47: =일위대가!N412 -> 0 | N47: =M47 -> 0 | O47: =IF((H47+K47+M47)=0, "", (H47+K47+M47)) -> 24837 | P47: =SUM(I47,L47,N47) -> 24837
A48: 56959000014 | B48: F56959000014 | C48: 제 45호 | D48: 1종금속제가요전선관 | E48: 42 mm 고장력-방수 | F48: M | H48: =일위대가!I419 -> 4439 | I48: =H48 -> 4439 | K48: =일위대가!L419 -> 25616 | L48: =K48 -> 25616 | M48: =일위대가!N419 -> 0 | N48: =M48 -> 0 | O48: =IF((H48+K48+M48)=0, "", (H48+K48+M48)) -> 30055 | P48: =SUM(I48,L48,N48) -> 30055
A49: 59759A17043 | B49: F59759017043 | C49: 제 46호 | D49: 강제전선관용 부품 | E49: 위샤캡, 28 C | F49: 개 | H49: =일위대가!I425 -> 3207 | I49: =H49 -> 3207 | K49: =일위대가!L425 -> 8210 | L49: =K49 -> 8210 | M49: =일위대가!N425 -> 0 | N49: =M49 -> 0 | O49: =IF((H49+K49+M49)=0, "", (H49+K49+M49)) -> 11417 | P49: =SUM(I49,L49,N49) -> 11417
A50: 59753H67011 | B50: F59753767011 | C50: 제 47호 | D50: 아우트렛박스 | E50: 8각 54㎜ | F50: 개 | H50: =일위대가!I431 -> 1218 | I50: =H50 -> 1218 | K50: =일위대가!L431 -> 29557 | L50: =K50 -> 29557 | M50: =일위대가!N431 -> 0 | N50: =M50 -> 0 | O50: =IF((H50+K50+M50)=0, "", (H50+K50+M50)) -> 30775 | P50: =SUM(I50,L50,N50) -> 30775
A51: 59753H67041 | B51: F59753767041 | C51: 제 48호 | D51: 아우트렛박스 | E51: 중형4각 54㎜ | F51: 개 | H51: =일위대가!I437 -> 1321 | I51: =H51 -> 1321 | K51: =일위대가!L437 -> 29557 | L51: =K51 -> 29557 | M51: =일위대가!N437 -> 0 | N51: =M51 -> 0 | O51: =IF((H51+K51+M51)=0, "", (H51+K51+M51)) -> 30878 | P51: =SUM(I51,L51,N51) -> 30878
A52: 59753H77102 | B52: F59753777102 | C52: 제 49호 | D52: 스위치박스 | E52: 1 개용 54 mm | F52: 개 | H52: =일위대가!I443 -> 1577 | I52: =H52 -> 1577 | K52: =일위대가!L443 -> 49261 | L52: =K52 -> 49261 | M52: =일위대가!N443 -> 0 | N52: =M52 -> 0 | O52: =IF((H52+K52+M52)=0, "", (H52+K52+M52)) -> 50838 | P52: =SUM(I52,L52,N52) -> 50838
A53: 59753H77111 | B53: F59753777111 | C53: 제 50호 | D53: 스위치박스 | E53: 2 개용 54 mm | F53: 개 | H53: =일위대가!I449 -> 1711 | I53: =H53 -> 1711 | K53: =일위대가!L449 -> 49261 | L53: =K53 -> 49261 | M53: =일위대가!N449 -> 0 | N53: =M53 -> 0 | O53: =IF((H53+K53+M53)=0, "", (H53+K53+M53)) -> 50972 | P53: =SUM(I53,L53,N53) -> 50972
A54: 56959000016 | B54: F56959000016 | C54: 제 51호 | D54: 연결박스 | E54: 4각 44㎜ | F54: 개 | H54: =일위대가!I455 -> 921 | I54: =H54 -> 921 | K54: =일위대가!L455 -> 9852 | L54: =K54 -> 9852 | M54: =일위대가!N455 -> 0 | N54: =M54 -> 0 | O54: =IF((H54+K54+M54)=0, "", (H54+K54+M54)) -> 10773 | P54: =SUM(I54,L54,N54) -> 10773
A55: 59350A67031 | B55: F59350067031 | C55: 제 52호 | D55: 시스템 박스 | E55: Con'매입용 | F55: 개 | H55: =일위대가!I461 -> 27298 | I55: =H55 -> 27298 | K55: =일위대가!L461 -> 172415 | L55: =K55 -> 172415 | M55: =일위대가!N461 -> 0 | N55: =M55 -> 0 | O55: =IF((H55+K55+M55)=0, "", (H55+K55+M55)) -> 199713 | P55: =SUM(I55,L55,N55) -> 199713
A56: 61455B37894 | B56: F61455137894 | C56: 제 53호 | D56: 정션 박스 | E56: 100*100*50 | F56: EA | H56: =일위대가!I467 -> 2887 | I56: =H56 -> 2887 | K56: =일위대가!L467 -> 9852 | L56: =K56 -> 9852 | M56: =일위대가!N467 -> 0 | N56: =M56 -> 0 | O56: =IF((H56+K56+M56)=0, "", (H56+K56+M56)) -> 12739 | P56: =SUM(I56,L56,N56) -> 12739
A57: 59753I57001 | B57: F59753857001 | C57: 제 54호 | D57: 풀박스 | E57: 100×100×50 | F57: 개 | H57: =일위대가!I473 -> 3121 | I57: =H57 -> 3121 | K57: =일위대가!L473 -> 41872 | L57: =K57 -> 41872 | M57: =일위대가!N473 -> 0 | N57: =M57 -> 0 | O57: =IF((H57+K57+M57)=0, "", (H57+K57+M57)) -> 44993 | P57: =SUM(I57,L57,N57) -> 44993
A58: 59753I57031 | B58: F59753857031 | C58: 제 55호 | D58: 풀박스 | E58: 150×150×100 | F58: 개 | H58: =일위대가!I479 -> 5563 | I58: =H58 -> 5563 | K58: =일위대가!L479 -> 135469 | L58: =K58 -> 135469 | M58: =일위대가!N479 -> 0 | N58: =M58 -> 0 | O58: =IF((H58+K58+M58)=0, "", (H58+K58+M58)) -> 141032 | P58: =SUM(I58,L58,N58) -> 141032
A59: 59753I57211 | B59: F59753857211 | C59: 제 56호 | D59: 풀박스 | E59: 600×600×300 | F59: 개 | H59: =일위대가!I485 -> 52202 | I59: =H59 -> 52202 | K59: =일위대가!L485 -> 233992 | L59: =K59 -> 233992 | M59: =일위대가!N485 -> 0 | N59: =M59 -> 0 | O59: =IF((H59+K59+M59)=0, "", (H59+K59+M59)) -> 286194 | P59: =SUM(I59,L59,N59) -> 286194
A60: 59750I97001 | B60: F59750897001 | C60: 제 57호 | D60: 레이스웨이 | E60: BODY, 40×40 | F60: m | H60: =일위대가!I491 -> 3718 | I60: =H60 -> 3718 | K60: =일위대가!L491 -> 54735 | L60: =K60 -> 54735 | M60: =일위대가!N491 -> 0 | N60: =M60 -> 0 | O60: =IF((H60+K60+M60)=0, "", (H60+K60+M60)) -> 58453 | P60: =SUM(I60,L60,N60) -> 58453
A61: 59750I97281 | B61: F59750897281 | C61: 제 58호 | D61: 레이스웨이 | E61: JOINT BOX, 40 x 40 | F61: 개 | H61: =일위대가!I497 -> 1198 | I61: =H61 -> 1198 | K61: =일위대가!L497 -> 10947 | L61: =K61 -> 10947 | M61: =일위대가!N497 -> 0 | N61: =M61 -> 0 | O61: =IF((H61+K61+M61)=0, "", (H61+K61+M61)) -> 12145 | P61: =SUM(I61,L61,N61) -> 12145
A62: 59750I97311 | B62: F59750897311 | C62: 제 59호 | D62: 레이스웨이 | E62: JUNC.BOX - 2 방, 40×40 | F62: 개 | H62: =일위대가!I503 -> 2552 | I62: =H62 -> 2552 | K62: =일위대가!L503 -> 10947 | L62: =K62 -> 10947 | M62: =일위대가!N503 -> 0 | N62: =M62 -> 0 | O62: =IF((H62+K62+M62)=0, "", (H62+K62+M62)) -> 13499 | P62: =SUM(I62,L62,N62) -> 13499
A63: 59751I17253 | B63: F59751817253 | C63: 제 60호 | D63: 케이블트레이 | E63: STRAIGHT,St W800x100Hx2.3t | F63: m | H63: =일위대가!I509 -> 34904 | I63: =H63 -> 34904 | K63: =일위대가!L509 -> 131364 | L63: =K63 -> 131364 | M63: =일위대가!N509 -> 0 | N63: =M63 -> 0 | O63: =IF((H63+K63+M63)=0, "", (H63+K63+M63)) -> 166268 | P63: =SUM(I63,L63,N63) -> 166268
A64: 59754J67028 | B64: F59754967028 | C64: 제 61호 | D64: 케이블트레이부속품 | E64: H. ELBOW, St,W800x100Hx2.3t | F64: 개 | H64: =일위대가!I515 -> 48857 | I64: =H64 -> 48857 | K64: =일위대가!L515 -> 131364 | L64: =K64 -> 131364 | M64: =일위대가!N515 -> 0 | N64: =M64 -> 0 | O64: =IF((H64+K64+M64)=0, "", (H64+K64+M64)) -> 180221 | P64: =SUM(I64,L64,N64) -> 180221
A65: 59754J67128 | B65: F59754967128 | C65: 제 62호 | D65: 케이블트레이부속품 | E65: V. ELBOW, St,W800x100Hx2.3t | F65: 개 | H65: =일위대가!I521 -> 48857 | I65: =H65 -> 48857 | K65: =일위대가!L521 -> 131364 | L65: =K65 -> 131364 | M65: =일위대가!N521 -> 0 | N65: =M65 -> 0 | O65: =IF((H65+K65+M65)=0, "", (H65+K65+M65)) -> 180221 | P65: =SUM(I65,L65,N65) -> 180221
A66: 59751I17131 | B66: F59751817131 | C66: 제 63호 | D66: 케이블트레이 | E66: AL, 2.0txW300 x H70 | F66: m | H66: =일위대가!I527 -> 12499 | I66: =H66 -> 12499 | K66: =일위대가!L527 -> 43788 | L66: =K66 -> 43788 | M66: =일위대가!N527 -> 0 | N66: =M66 -> 0 | O66: =IF((H66+K66+M66)=0, "", (H66+K66+M66)) -> 56287 | P66: =SUM(I66,L66,N66) -> 56287
A67: 59754J67916 | B67: F59754967916 | C67: 제 64호 | D67: 케이블트레이부속품 | E67: AL HOR. ELBOW, W300 x H70 | F67: 개 | H67: =일위대가!I533 -> 13785 | I67: =H67 -> 13785 | K67: =일위대가!L533 -> 43788 | L67: =K67 -> 43788 | M67: =일위대가!N533 -> 0 | N67: =M67 -> 0 | O67: =IF((H67+K67+M67)=0, "", (H67+K67+M67)) -> 57573 | P67: =SUM(I67,L67,N67) -> 57573
A68: 59754J68016 | B68: F59754968016 | C68: 제 65호 | D68: 케이블트레이부속품 | E68: AL HOR. TEE, W300 x H70 | F68: 개 | H68: =일위대가!I539 -> 19075 | I68: =H68 -> 19075 | K68: =일위대가!L539 -> 43788 | L68: =K68 -> 43788 | M68: =일위대가!N539 -> 0 | N68: =M68 -> 0 | O68: =IF((H68+K68+M68)=0, "", (H68+K68+M68)) -> 62863 | P68: =SUM(I68,L68,N68) -> 62863
A69: 59754J77011 | B69: F59754977011 | C69: 제 66호 | D69: 덕트형 케이블트레이 | E69: DUCT, W 200 x H 100 | F69: m | H69: =일위대가!I545 -> 16311 | I69: =H69 -> 16311 | K69: =일위대가!L545 -> 123154 | L69: =K69 -> 123154 | M69: =일위대가!N545 -> 0 | N69: =M69 -> 0 | O69: =IF((H69+K69+M69)=0, "", (H69+K69+M69)) -> 139465 | P69: =SUM(I69,L69,N69) -> 139465
A70: 59754J87011 | B70: F59754987011 | C70: 제 67호 | D70: 덕트형 케이블트레이부속 | E70: HOR. ELBOW, W 200 | F70: 개 | H70: =일위대가!I551 -> 20560 | I70: =H70 -> 20560 | K70: =일위대가!L551 -> 123154 | L70: =K70 -> 123154 | M70: =일위대가!N551 -> 0 | N70: =M70 -> 0 | O70: =IF((H70+K70+M70)=0, "", (H70+K70+M70)) -> 143714 | P70: =SUM(I70,L70,N70) -> 143714
A71: 59754J87111 | B71: F59754987111 | C71: 제 68호 | D71: 덕트형 케이블트레이부속 | E71: VER. ELBOW, W 200 | F71: 개 | H71: =일위대가!I557 -> 20560 | I71: =H71 -> 20560 | K71: =일위대가!L557 -> 123154 | L71: =K71 -> 123154 | M71: =일위대가!N557 -> 0 | N71: =M71 -> 0 | O71: =IF((H71+K71+M71)=0, "", (H71+K71+M71)) -> 143714 | P71: =SUM(I71,L71,N71) -> 143714
A72: 56959000018 | B72: F56959000018 | C72: 제 69호 | D72: 450/750V 내열비닐절연전선 | E72: HFIX 1.38mm(1.5㎟) | F72: M | H72: =일위대가!I564 -> 411 | I72: =H72 -> 411 | K72: =일위대가!L564 -> 2353 | L72: =K72 -> 2353 | M72: =일위대가!N564 -> 0 | N72: =M72 -> 0 | O72: =IF((H72+K72+M72)=0, "", (H72+K72+M72)) -> 2764 | P72: =SUM(I72,L72,N72) -> 2764
A73: 56959000020 | B73: F56959000020 | C73: 제 70호 | D73: 450/750V 내열비닐절연전선 | E73: HFIX 1.78mm(2.5㎟) | F73: M | H73: =일위대가!I571 -> 590 | I73: =H73 -> 590 | K73: =일위대가!L571 -> 2353 | L73: =K73 -> 2353 | M73: =일위대가!N571 -> 0 | N73: =M73 -> 0 | O73: =IF((H73+K73+M73)=0, "", (H73+K73+M73)) -> 2943 | P73: =SUM(I73,L73,N73) -> 2943
A74: E1450G67003 | B74: FE1450667003 | C74: 제 71호 | D74: 450/750V 내열비닐절연전선 | E74: HFIX 2.25mm(4㎟) | F74: M | H74: =일위대가!I578 -> 879 | I74: =H74 -> 879 | K74: =일위대가!L578 -> 2353 | L74: =K74 -> 2353 | M74: =일위대가!N578 -> 0 | N74: =M74 -> 0 | O74: =IF((H74+K74+M74)=0, "", (H74+K74+M74)) -> 3232 | P74: =SUM(I74,L74,N74) -> 3232
A75: E1450J27202 | B75: FE1450927202 | C75: 제 72호 | D75: 접지용비닐절연전선(F-GV) | E75: 4㎟ | F75: M | H75: =일위대가!I585 -> 1066 | I75: =H75 -> 1066 | K75: =일위대가!L585 -> 2463 | L75: =K75 -> 2463 | M75: =일위대가!N585 -> 0 | N75: =M75 -> 0 | O75: =IF((H75+K75+M75)=0, "", (H75+K75+M75)) -> 3529 | P75: =SUM(I75,L75,N75) -> 3529
A76: E1450J27203 | B76: FE1450927203 | C76: 제 73호 | D76: 접지용비닐절연전선(F-GV) | E76: 6㎟ | F76: M | H76: =일위대가!I592 -> 1183 | I76: =H76 -> 1183 | K76: =일위대가!L592 -> 2463 | L76: =K76 -> 2463 | M76: =일위대가!N592 -> 0 | N76: =M76 -> 0 | O76: =IF((H76+K76+M76)=0, "", (H76+K76+M76)) -> 3646 | P76: =SUM(I76,L76,N76) -> 3646
A77: E1450J27204 | B77: FE1450927204 | C77: 제 74호 | D77: 접지용비닐절연전선(F-GV) | E77: 10㎟ | F77: M | H77: =일위대가!I599 -> 2106 | I77: =H77 -> 2106 | K77: =일위대가!L599 -> 2463 | L77: =K77 -> 2463 | M77: =일위대가!N599 -> 0 | N77: =M77 -> 0 | O77: =IF((H77+K77+M77)=0, "", (H77+K77+M77)) -> 4569 | P77: =SUM(I77,L77,N77) -> 4569
A78: E1450J27205 | B78: FE1450927205 | C78: 제 75호 | D78: 접지용비닐절연전선(F-GV) | E78: 16㎟ | F78: M | H78: =일위대가!I606 -> 2658 | I78: =H78 -> 2658 | K78: =일위대가!L606 -> 2873 | L78: =K78 -> 2873 | M78: =일위대가!N606 -> 0 | N78: =M78 -> 0 | O78: =IF((H78+K78+M78)=0, "", (H78+K78+M78)) -> 5531 | P78: =SUM(I78,L78,N78) -> 5531
A79: E1450J27206 | B79: FE1450927206 | C79: 제 76호 | D79: 접지용비닐절연전선(F-GV) | E79: 25㎟ | F79: M | H79: =일위대가!I613 -> 4233 | I79: =H79 -> 4233 | K79: =일위대가!L613 -> 2873 | L79: =K79 -> 2873 | M79: =일위대가!N613 -> 0 | N79: =M79 -> 0 | O79: =IF((H79+K79+M79)=0, "", (H79+K79+M79)) -> 7106 | P79: =SUM(I79,L79,N79) -> 7106
A80: E1450J27208 | B80: FE1450927208 | C80: 제 77호 | D80: 접지용비닐절연전선(F-GV) | E80: 35㎟ | F80: M | H80: =일위대가!I620 -> 5972 | I80: =H80 -> 5972 | K80: =일위대가!L620 -> 2873 | L80: =K80 -> 2873 | M80: =일위대가!N620 -> 0 | N80: =M80 -> 0 | O80: =IF((H80+K80+M80)=0, "", (H80+K80+M80)) -> 8845 | P80: =SUM(I80,L80,N80) -> 8845
A81: E1450J27209 | B81: FE1450927209 | C81: 제 78호 | D81: 접지용비닐절연전선(F-GV) | E81: 50㎟ | F81: M | H81: =일위대가!I627 -> 7856 | I81: =H81 -> 7856 | K81: =일위대가!L627 -> 3284 | L81: =K81 -> 3284 | M81: =일위대가!N627 -> 0 | N81: =M81 -> 0 | O81: =IF((H81+K81+M81)=0, "", (H81+K81+M81)) -> 11140 | P81: =SUM(I81,L81,N81) -> 11140
A82: E1450J27211 | B82: FE1450927211 | C82: 제 79호 | D82: 접지용비닐절연전선(F-GV) | E82: 70㎟ | F82: M | H82: =일위대가!I634 -> 11129 | I82: =H82 -> 11129 | K82: =일위대가!L634 -> 3284 | L82: =K82 -> 3284 | M82: =일위대가!N634 -> 0 | N82: =M82 -> 0 | O82: =IF((H82+K82+M82)=0, "", (H82+K82+M82)) -> 14413 | P82: =SUM(I82,L82,N82) -> 14413
A83: E1450J27212 | B83: FE1450927212 | C83: 제 80호 | D83: 접지용비닐절연전선(F-GV) | E83: 95㎟ | F83: M | H83: =일위대가!I641 -> 14906 | I83: =H83 -> 14906 | K83: =일위대가!L641 -> 3284 | L83: =K83 -> 3284 | M83: =일위대가!N641 -> 0 | N83: =M83 -> 0 | O83: =IF((H83+K83+M83)=0, "", (H83+K83+M83)) -> 18190 | P83: =SUM(I83,L83,N83) -> 18190
A84: E1450J27213 | B84: FE1450927213 | C84: 제 81호 | D84: 접지용비닐절연전선(F-GV) | E84: 120㎟ | F84: M | H84: =일위대가!I648 -> 18751 | I84: =H84 -> 18751 | K84: =일위대가!L648 -> 4515 | L84: =K84 -> 4515 | M84: =일위대가!N648 -> 0 | N84: =M84 -> 0 | O84: =IF((H84+K84+M84)=0, "", (H84+K84+M84)) -> 23266 | P84: =SUM(I84,L84,N84) -> 23266
A85: 56959000022 | B85: F56959000022 | C85: 제 82호 | D85: 전기용 연동연선(BC) | E85: 50㎟ | F85: M | H85: =일위대가!I655 -> 8374 | I85: =H85 -> 8374 | K85: =일위대가!L655 -> 2189 | L85: =K85 -> 2189 | M85: =일위대가!N655 -> 0 | N85: =M85 -> 0 | O85: =IF((H85+K85+M85)=0, "", (H85+K85+M85)) -> 10563 | P85: =SUM(I85,L85,N85) -> 10563
A86: 56959000024 | B86: F56959000024 | C86: 제 83호 | D86: 폴리에틸렌 난연케이블-2열/옥내 | E86: 0.6/1kv F-CV 1C×70㎟ | F86: M | H86: =일위대가!I662 -> 13057 | I86: =H86 -> 13057 | K86: =일위대가!L662 -> 15603 | L86: =K86 -> 15603 | M86: =일위대가!N662 -> 0 | N86: =M86 -> 0 | O86: =IF((H86+K86+M86)=0, "", (H86+K86+M86)) -> 28660 | P86: =SUM(I86,L86,N86) -> 28660
A87: 56959000026 | B87: F56959000026 | C87: 제 84호 | D87: 폴리에틸렌 난연케이블-4열/옥내 | E87: 0.6/1kv F-CV 1C×50㎟ | F87: M | H87: =일위대가!I669 -> 9299 | I87: =H87 -> 9299 | K87: =일위대가!L669 -> 11101 | L87: =K87 -> 11101 | M87: =일위대가!N669 -> 0 | N87: =M87 -> 0 | O87: =IF((H87+K87+M87)=0, "", (H87+K87+M87)) -> 20400 | P87: =SUM(I87,L87,N87) -> 20400
A88: 56959000028 | B88: F56959000028 | C88: 제 85호 | D88: 폴리에틸렌 난연케이블-4열/옥내 | E88: 0.6/1kv F-CV 1C×70㎟ | F88: M | H88: =일위대가!I676 -> 13040 | I88: =H88 -> 13040 | K88: =일위대가!L676 -> 14721 | L88: =K88 -> 14721 | M88: =일위대가!N676 -> 0 | N88: =M88 -> 0 | O88: =IF((H88+K88+M88)=0, "", (H88+K88+M88)) -> 27761 | P88: =SUM(I88,L88,N88) -> 27761
A89: E1450C87522 | B89: FE1450287522 | C89: 제 86호 | D89: 폴리에틸렌 난연케이블 | E89: 0.6/1kv F-CV 2C×4㎟ | F89: M | H89: =일위대가!I683 -> 2308 | I89: =H89 -> 2308 | K89: =일위대가!L683 -> 4866 | L89: =K89 -> 4866 | M89: =일위대가!N683 -> 0 | N89: =M89 -> 0 | O89: =IF((H89+K89+M89)=0, "", (H89+K89+M89)) -> 7174 | P89: =SUM(I89,L89,N89) -> 7174
A90: E1450C87523 | B90: FE1450287523 | C90: 제 87호 | D90: 폴리에틸렌 난연케이블 | E90: 0.6/1kv F-CV 2C×6㎟ | F90: M | H90: =일위대가!I690 -> 3020 | I90: =H90 -> 3020 | K90: =일위대가!L690 -> 5474 | L90: =K90 -> 5474 | M90: =일위대가!N690 -> 0 | N90: =M90 -> 0 | O90: =IF((H90+K90+M90)=0, "", (H90+K90+M90)) -> 8494 | P90: =SUM(I90,L90,N90) -> 8494
A91: E1450C87524 | B91: FE1450287524 | C91: 제 88호 | D91: 폴리에틸렌 난연케이블 | E91: 0.6/1kv F-CV 2C×10㎟ | F91: M | H91: =일위대가!I697 -> 4458 | I91: =H91 -> 4458 | K91: =일위대가!L697 -> 7603 | L91: =K91 -> 7603 | M91: =일위대가!N697 -> 0 | N91: =M91 -> 0 | O91: =IF((H91+K91+M91)=0, "", (H91+K91+M91)) -> 12061 | P91: =SUM(I91,L91,N91) -> 12061
A92: E1450C87539 | B92: FE1450287539 | C92: 제 89호 | D92: 폴리에틸렌 난연케이블 | E92: 0.6/1kv F-CV 3C×4㎟ | F92: M | H92: =일위대가!I704 -> 3073 | I92: =H92 -> 3073 | K92: =일위대가!L704 -> 6691 | L92: =K92 -> 6691 | M92: =일위대가!N704 -> 0 | N92: =M92 -> 0 | O92: =IF((H92+K92+M92)=0, "", (H92+K92+M92)) -> 9764 | P92: =SUM(I92,L92,N92) -> 9764
A93: E1450C87540 | B93: FE1450287540 | C93: 제 90호 | D93: 폴리에틸렌 난연케이블 | E93: 0.6/1kv F-CV 3C×6㎟ | F93: M | H93: =일위대가!I711 -> 4155 | I93: =H93 -> 4155 | K93: =일위대가!L711 -> 7908 | L93: =K93 -> 7908 | M93: =일위대가!N711 -> 0 | N93: =M93 -> 0 | O93: =IF((H93+K93+M93)=0, "", (H93+K93+M93)) -> 12063 | P93: =SUM(I93,L93,N93) -> 12063
A94: E1450C87563 | B94: FE1450287563 | C94: 제 91호 | D94: 폴리에틸렌 난연케이블 | E94: 0.6/1kv F-CV 4C×6㎟ | F94: M | H94: =일위대가!I718 -> 5347 | I94: =H94 -> 5347 | K94: =일위대가!L718 -> 10341 | L94: =K94 -> 10341 | M94: =일위대가!N718 -> 0 | N94: =M94 -> 0 | O94: =IF((H94+K94+M94)=0, "", (H94+K94+M94)) -> 15688 | P94: =SUM(I94,L94,N94) -> 15688
A95: E1450C87564 | B95: FE1450287564 | C95: 제 92호 | D95: 폴리에틸렌 난연케이블 | E95: 0.6/1kv F-CV 4C×10㎟ | F95: M | H95: =일위대가!I725 -> 8341 | I95: =H95 -> 8341 | K95: =일위대가!L725 -> 14903 | L95: =K95 -> 14903 | M95: =일위대가!N725 -> 0 | N95: =M95 -> 0 | O95: =IF((H95+K95+M95)=0, "", (H95+K95+M95)) -> 23244 | P95: =SUM(I95,L95,N95) -> 23244
A96: E1450C87565 | B96: FE1450287565 | C96: 제 93호 | D96: 폴리에틸렌 난연케이블 | E96: 0.6/1kv F-CV 4C×16㎟ | F96: M | H96: =일위대가!I732 -> 13750 | I96: =H96 -> 13750 | K96: =일위대가!L732 -> 18188 | L96: =K96 -> 18188 | M96: =일위대가!N732 -> 0 | N96: =M96 -> 0 | O96: =IF((H96+K96+M96)=0, "", (H96+K96+M96)) -> 31938 | P96: =SUM(I96,L96,N96) -> 31938
A97: E1450C87566 | B97: FE1450287566 | C97: 제 94호 | D97: 폴리에틸렌 난연케이블 | E97: 0.6/1kv F-CV 4C×25㎟ | F97: M | H97: =일위대가!I739 -> 21124 | I97: =H97 -> 21124 | K97: =일위대가!L739 -> 23724 | L97: =K97 -> 23724 | M97: =일위대가!N739 -> 0 | N97: =M97 -> 0 | O97: =IF((H97+K97+M97)=0, "", (H97+K97+M97)) -> 44848 | P97: =SUM(I97,L97,N97) -> 44848
A98: E1450C87568 | B98: FE1450287568 | C98: 제 95호 | D98: 폴리에틸렌 난연케이블 | E98: 0.6/1kv F-CV 4C×35㎟ | F98: M | H98: =일위대가!I746 -> 21899 | I98: =H98 -> 21899 | K98: =일위대가!L746 -> 28469 | L98: =K98 -> 28469 | M98: =일위대가!N746 -> 0 | N98: =M98 -> 0 | O98: =IF((H98+K98+M98)=0, "", (H98+K98+M98)) -> 50368 | P98: =SUM(I98,L98,N98) -> 50368
A99: 56959000030 | B99: F56959000030 | C99: 제 96호 | D99: 소방용내화전선(F-FR-8) | E99: 1C×240㎟-4열/옥내 | F99: M | H99: =일위대가!I753 -> 40058 | I99: =H99 -> 40058 | K99: =일위대가!L753 -> 35160 | L99: =K99 -> 35160 | M99: =일위대가!N753 -> 0 | N99: =M99 -> 0 | O99: =IF((H99+K99+M99)=0, "", (H99+K99+M99)) -> 75218 | P99: =SUM(I99,L99,N99) -> 75218
A100: E1450B37202 | B100: FE1450137202 | C100: 제 97호 | D100: 소방용내화전선(F-FR-8) | E100: 2C×4㎟ | F100: M | H100: =일위대가!I760 -> 3573 | I100: =H100 -> 3573 | K100: =일위대가!L760 -> 4866 | L100: =K100 -> 4866 | M100: =일위대가!N760 -> 0 | N100: =M100 -> 0 | O100: =IF((H100+K100+M100)=0, "", (H100+K100+M100)) -> 8439 | P100: =SUM(I100,L100,N100) -> 8439
...

Sheet 일위대가
B1: 1511 | D1: [ 강릉시 입암동 통합공공임대주택 건립사업 신축공사 ] - 일위대가표 | W1: 노임 계산 정보 | AA1: 부속재 및 손료
A2: 번호 | B2: 목차코드 | C2: 코드 | D2: 명 칭 | E2: 규 격 | F2: 단위 | G2: 수량 | H2: 재료비 | J2: 노무비 | M2: 경비 | P2: 계 | Q2: 비고 | W2: 노임계 | X2: 전체(%) | Y2: 공종별(%) | Z2: 노임 소수 | AA2: CD배관재 | AB2: 일반배관재 | AC2: 소모재 | AD2: 자재계 | AE2: 노임계
H3: 단가 | I3: 금액 | J3: 수량 | K3: 단가 | L3: 금액 | M3: 단가 | N3: 금액 | O3: 단가 | AD3: 1 | AE3: 1
A4: 56930220020 | B4: 일목줄 | C4: ABB103200000 | D4: [제 1호] 터파기(기계80%,인력20%) 보통토사 [㎥]
A5: 56930210010 | B5: 제 1호 | C5: ABB111100000 | D5: 인력터파기 | E5: 보통토사0-1m | F5: ㎥_ | G5: 0.2 | H5: =일대목차!H216 -> 0 | I5: =IF(G5*H5<>0, TRUNC(G5*H5, 1), "") | J5: 0.2 | K5: =일대목차!K216 -> 34413 | L5: =IF(G5*K5<>0, TRUNC(G5*K5, 1), "") -> 6882.6 | M5: =일대목차!M216 -> 0 | N5: =IF(G5*M5<>0, TRUNC(G5*M5, 1), "") | O5: =IF((H5+K5+M5)=0, "", (H5+K5+M5)) -> 34413 | P5: =IF(SUM(I5,L5,N5)<>0,SUM(I5,L5,N5),"") -> 6882.6 | Q5: 제 213호 | R5: ILD
A6: CA565826042 | B6: 제 1호 | C6: ECA565826042 | D6: 기계터파기 | E6: 보통토사(0.6㎥/43.6) | F6: ㎥ | G6: 0.8 | H6: =합산자재!H338 -> 427 | I6: =IF(G6*H6<>0, TRUNC(G6*H6, 1), "") -> 341.6 | J6: 0.8 | K6: =합산자재!I338 -> 1309 | L6: =IF(G6*K6<>0, TRUNC(G6*K6, 1), "") -> 1047.2 | M6: =합산자재!J338 -> 523 | N6: =IF(G6*M6<>0, TRUNC(G6*M6, 1), "") -> 418.4 | O6: =IF((H6+K6+M6)=0, "", (H6+K6+M6)) -> 2259 | P6: =IF(SUM(I6,L6,N6)<>0,SUM(I6,L6,N6),"") -> 1807.2 | Q6: 182-하 | R6: ILD
B7: 합계줄 | D7: ( 합 계 ) | I7: =TRUNC(SUM(I4:I6)) -> 341 | L7: =TRUNC(SUM(L4:L6)) -> 7929 | N7: =TRUNC(SUM(N4:N6)) -> 418 | O7: =IF((H7+K7+M7)=0, "", (H7+K7+M7)) | P7: =IF(SUM(I7,L7,N7)<>0,SUM(I7,L7,N7),"") -> 8688
A9: 56930220052 | B9: 일목줄 | C9: ABB104200000 | D9: [제 2호] 되메우기(기계80%,인력20%) 보통토사 [㎥]
A10: 56930210021 | B10: 제 2호 | C10: ABD100001000 | D10: 인력되메우기 | E10: 보통토사0-1m | F10: ㎥_ | G10: 0.2 | H10: =일대목차!H217 -> 0 | I10: =IF(G10*H10<>0, TRUNC(G10*H10, 1), "") | J10: 0.2 | K10: =일대목차!K217 -> 17206 | L10: =IF(G10*K10<>0, TRUNC(G10*K10, 1), "") -> 3441.2 | M10: =일대목차!M217 -> 0 | N10: =IF(G10*M10<>0, TRUNC(G10*M10, 1), "") | O10: =IF((H10+K10+M10)=0, "", (H10+K10+M10)) -> 17206 | P10: =IF(SUM(I10,L10,N10)<>0,SUM(I10,L10,N10),"") -> 3441.2 | Q10: 제 214호 | R10: ILD
A11: CA565826051 | B11: 제 2호 | C11: ECA565826051 | D11: 기계되메우기 | E11: 보통토사(0.6㎥/43.6) | F11: ㎥ | G11: 0.8 | H11: =합산자재!H339 -> 427 | I11: =IF(G11*H11<>0, TRUNC(G11*H11, 1), "") -> 341.6 | J11: 0.8 | K11: =합산자재!I339 -> 1309 | L11: =IF(G11*K11<>0, TRUNC(G11*K11, 1), "") -> 1047.2 | M11: =합산자재!J339 -> 523 | N11: =IF(G11*M11<>0, TRUNC(G11*M11, 1), "") -> 418.4 | O11: =IF((H11+K11+M11)=0, "", (H11+K11+M11)) -> 2259 | P11: =IF(SUM(I11,L11,N11)<>0,SUM(I11,L11,N11),"") -> 1807.2 | Q11: 187-하 | R11: ILD
B12: 합계줄 | D12: ( 합 계 ) | I12: =TRUNC(SUM(I9:I11)) -> 341 | L12: =TRUNC(SUM(L9:L11)) -> 4488 | N12: =TRUNC(SUM(N9:N11)) -> 418 | O12: =IF((H12+K12+M12)=0, "", (H12+K12+M12)) | P12: =IF(SUM(I12,L12,N12)<>0,SUM(I12,L12,N12),"") -> 5247
A14: 56950120016 | B14: 일목줄 | C14: EAA110110000 | D14: [제 3호] 파이프행가 16 C [식]
A15: 59759017111 | B15: 제 3호 | C15: 3913170810036357 | D15: 강재전선관용 부품 | E15: 파이프행거, 16 C | F15: 개 | G15: 1 | H15: =합산자재!H82 -> 343 | I15: =IF(G15*H15<>0, TRUNC(G15*H15, 1), "") -> 343 | J15: 1 | K15: =합산자재!I82 -> 0 | L15: =IF(G15*K15<>0, TRUNC(G15*K15, 1), "") | M15: =합산자재!J82 -> 0 | N15: =IF(G15*M15<>0, TRUNC(G15*M15, 1), "") | O15: =IF((H15+K15+M15)=0, "", (H15+K15+M15)) -> 343 | P15: =IF(SUM(I15,L15,N15)<>0,SUM(I15,L15,N15),"") -> 343
A16: 53060327011 | B16: 제 3호 | C16: 3116169820135160 | D16: 행거볼트 | E16: M10×1000㎜ | F16: 개 | G16: 1 | H16: =합산자재!H91 -> 920 | I16: =IF(G16*H16<>0, TRUNC(G16*H16, 1), "") -> 920 | J16: 1 | K16: =합산자재!I91 -> 0 | L16: =IF(G16*K16<>0, TRUNC(G16*K16, 1), "") | M16: =합산자재!J91 -> 0 | N16: =IF(G16*M16<>0, TRUNC(G16*M16, 1), "") | O16: =IF((H16+K16+M16)=0, "", (H16+K16+M16)) -> 920 | P16: =IF(SUM(I16,L16,N16)<>0,SUM(I16,L16,N16),"") -> 920
A17: 53060807001 | B17: 제 3호 | C17: 3116210220135769 | D17: 스트롱앵커(내진) | E17: 3/8 | F17: 개 | G17: 1 | H17: =합산자재!H90 -> 18000 | I17: =IF(G17*H17<>0, TRUNC(G17*H17, 1), "") -> 18000 | J17: 1 | K17: =합산자재!I90 -> 0 | L17: =IF(G17*K17<>0, TRUNC(G17*K17, 1), "") | M17: =합산자재!J90 -> 0 | N17: =IF(G17*M17<>0, TRUNC(G17*M17, 1), "") | O17: =IF((H17+K17+M17)=0, "", (H17+K17+M17)) -> 18000 | P17: =IF(SUM(I17,L17,N17)<>0,SUM(I17,L17,N17),"") -> 18000
A18: 53100028501 | B18: 제 3호 | C18: 3116172710023970 | D18: 6각너트 | E18: 3/8,M10 | F18: EA | G18: 2 | H18: =합산자재!H173 -> 28 | I18: =IF(G18*H18<>0, TRUNC(G18*H18, 1), "") -> 56 | J18: 2 | K18: =합산자재!I173 -> 0 | L18: =IF(G18*K18<>0, TRUNC(G18*K18, 1), "") | M18: =합산자재!J173 -> 0 | N18: =IF(G18*M18<>0, TRUNC(G18*M18, 1), "") | O18: =IF((H18+K18+M18)=0, "", (H18+K18+M18)) -> 28 | P18: =IF(SUM(I18,L18,N18)<>0,SUM(I18,L18,N18),"") -> 56
A19: 52100327001 | B19: 제 3호 | C19: 3116181120136195 | D19: 스프링와샤 | E19: D10 | F19: EA | G19: 2 | H19: =합산자재!H174 -> 9 | I19: =IF(G19*H19<>0, TRUNC(G19*H19, 1), "") -> 18 | J19: 2 | K19: =합산자재!I174 -> 0 | L19: =IF(G19*K19<>0, TRUNC(G19*K19, 1), "") | M19: =합산자재!J174 -> 0 | N19: =IF(G19*M19<>0, TRUNC(G19*M19, 1), "") | O19: =IF((H19+K19+M19)=0, "", (H19+K19+M19)) -> 9 | P19: =IF(SUM(I19,L19,N19)<>0,SUM(I19,L19,N19),"") -> 18
A20: 56900017016 | B20: 제 3호 | C20: L001010101000075 | D20: 노 무 비 | E20: 내선전공 | F20: 인 | G20: =일위노임!G6 -> 0.036 | H20: =합산자재!H345 -> 0 | I20: =IF(G20*H20<>0, TRUNC(G20*H20, 1), "") | J20: 0.036 | K20: =합산자재!I345 -> 273676 | L20: =IF(G20*K20<>0, TRUNC(G20*K20, 1), "") -> 9852.3 | M20: =합산자재!J345 -> 0 | N20: =IF(G20*M20<>0, TRUNC(G20*M20, 1), "") | O20: =IF((H20+K20+M20)=0, "", (H20+K20+M20)) -> 273676 | P20: =IF(SUM(I20,L20,N20)<>0,SUM(I20,L20,N20),"") -> 9852.3
A21: A0300000000 | B21: 제 3호 | C21: RENT000000000006 | D21: [ 공 구 손 료 ] | E21: 노무비의 2 % | F21: 식 | G21: 1 | H21: 197 | I21: =IF(G21*H21<>0, TRUNC(G21*H21, 1), "") -> 197 | J21: 1 | L21: =IF(G21*K21<>0, TRUNC(G21*K21, 1), "") | N21: =IF(G21*M21<>0, TRUNC(G21*M21, 1), "") | O21: =IF((H21+K21+M21)=0, "", (H21+K21+M21)) -> 197 | P21: =IF(SUM(I21,L21,N21)<>0,SUM(I21,L21,N21),"") -> 197
B22: 합계줄 | D22: ( 합 계 ) | I22: =TRUNC(SUM(I14:I21)) -> 19534 | L22: =TRUNC(SUM(L14:L21)) -> 9852 | N22: =TRUNC(SUM(N14:N21)) -> 0 | O22: =IF((H22+K22+M22)=0, "", (H22+K22+M22)) | P22: =IF(SUM(I22,L22,N22)<>0,SUM(I22,L22,N22),"") -> 29386
A24: 56950120022 | B24: 일목줄 | C24: EAA110120000 | D24: [제 4호] 파이프행가 22 C [식]
A25: 59759017112 | B25: 제 4호 | C25: 3913170810036358 | D25: 강재전선관용 부품 | E25: 파이프행거, 22 C | F25: 개 | G25: 1 | H25: =합산자재!H83 -> 348 | I25: =IF(G25*H25<>0, TRUNC(G25*H25, 1), "") -> 348 | J25: 1 | K25: =합산자재!I83 -> 0 | L25: =IF(G25*K25<>0, TRUNC(G25*K25, 1), "") | M25: =합산자재!J83 -> 0 | N25: =IF(G25*M25<>0, TRUNC(G25*M25, 1), "") | O25: =IF((H25+K25+M25)=0, "", (H25+K25+M25)) -> 348 | P25: =IF(SUM(I25,L25,N25)<>0,SUM(I25,L25,N25),"") -> 348
A26: 53060327011 | B26: 제 4호 | C26: 3116169820135160 | D26: 행거볼트 | E26: M10×1000㎜ | F26: 개 | G26: 1 | H26: =합산자재!H91 -> 920 | I26: =IF(G26*H26<>0, TRUNC(G26*H26, 1), "") -> 920 | J26: 1 | K26: =합산자재!I91 -> 0 | L26: =IF(G26*K26<>0, TRUNC(G26*K26, 1), "") | M26: =합산자재!J91 -> 0 | N26: =IF(G26*M26<>0, TRUNC(G26*M26, 1), "") | O26: =IF((H26+K26+M26)=0, "", (H26+K26+M26)) -> 920 | P26: =IF(SUM(I26,L26,N26)<>0,SUM(I26,L26,N26),"") -> 920
A27: 53060807001 | B27: 제 4호 | C27: 3116210220135769 | D27: 스트롱앵커(내진) | E27: 3/8 | F27: 개 | G27: 1 | H27: =합산자재!H90 -> 18000 | I27: =IF(G27*H27<>0, TRUNC(G27*H27, 1), "") -> 18000 | J27: 1 | K27: =합산자재!I90 -> 0 | L27: =IF(G27*K27<>0, TRUNC(G27*K27, 1), "") | M27: =합산자재!J90 -> 0 | N27: =IF(G27*M27<>0, TRUNC(G27*M27, 1), "") | O27: =IF((H27+K27+M27)=0, "", (H27+K27+M27)) -> 18000 | P27: =IF(SUM(I27,L27,N27)<>0,SUM(I27,L27,N27),"") -> 18000
A28: 53100028501 | B28: 제 4호 | C28: 3116172710023970 | D28: 6각너트 | E28: 3/8,M10 | F28: EA | G28: 2 | H28: =합산자재!H173 -> 28 | I28: =IF(G28*H28<>0, TRUNC(G28*H28, 1), "") -> 56 | J28: 2 | K28: =합산자재!I173 -> 0 | L28: =IF(G28*K28<>0, TRUNC(G28*K28, 1), "") | M28: =합산자재!J173 -> 0 | N28: =IF(G28*M28<>0, TRUNC(G28*M28, 1), "") | O28: =IF((H28+K28+M28)=0, "", (H28+K28+M28)) -> 28 | P28: =IF(SUM(I28,L28,N28)<>0,SUM(I28,L28,N28),"") -> 56
A29: 52100327001 | B29: 제 4호 | C29: 3116181120136195 | D29: 스프링와샤 | E29: D10 | F29: EA | G29: 2 | H29: =합산자재!H174 -> 9 | I29: =IF(G29*H29<>0, TRUNC(G29*H29, 1), "") -> 18 | J29: 2 | K29: =합산자재!I174 -> 0 | L29: =IF(G29*K29<>0, TRUNC(G29*K29, 1), "") | M29: =합산자재!J174 -> 0 | N29: =IF(G29*M29<>0, TRUNC(G29*M29, 1), "") | O29: =IF((H29+K29+M29)=0, "", (H29+K29+M29)) -> 9 | P29: =IF(SUM(I29,L29,N29)<>0,SUM(I29,L29,N29),"") -> 18
A30: 56900017016 | B30: 제 4호 | C30: L001010101000075 | D30: 노 무 비 | E30: 내선전공 | F30: 인 | G30: =일위노임!G9 -> 0.036 | H30: =합산자재!H345 -> 0 | I30: =IF(G30*H30<>0, TRUNC(G30*H30, 1), "") | J30: 0.036 | K30: =합산자재!I345 -> 273676 | L30: =IF(G30*K30<>0, TRUNC(G30*K30, 1), "") -> 9852.3 | M30: =합산자재!J345 -> 0 | N30: =IF(G30*M30<>0, TRUNC(G30*M30, 1), "") | O30: =IF((H30+K30+M30)=0, "", (H30+K30+M30)) -> 273676 | P30: =IF(SUM(I30,L30,N30)<>0,SUM(I30,L30,N30),"") -> 9852.3
A31: A0300000000 | B31: 제 4호 | C31: RENT000000000006 | D31: [ 공 구 손 료 ] | E31: 노무비의 2 % | F31: 식 | G31: 1 | H31: 197 | I31: =IF(G31*H31<>0, TRUNC(G31*H31, 1), "") -> 197 | J31: 1 | L31: =IF(G31*K31<>0, TRUNC(G31*K31, 1), "") | N31: =IF(G31*M31<>0, TRUNC(G31*M31, 1), "") | O31: =IF((H31+K31+M31)=0, "", (H31+K31+M31)) -> 197 | P31: =IF(SUM(I31,L31,N31)<>0,SUM(I31,L31,N31),"") -> 197
B32: 합계줄 | D32: ( 합 계 ) | I32: =TRUNC(SUM(I24:I31)) -> 19539 | L32: =TRUNC(SUM(L24:L31)) -> 9852 | N32: =TRUNC(SUM(N24:N31)) -> 0 | O32: =IF((H32+K32+M32)=0, "", (H32+K32+M32)) | P32: =IF(SUM(I32,L32,N32)<>0,SUM(I32,L32,N32),"") -> 29391
A34: 56950120028 | B34: 일목줄 | C34: EAA110130000 | D34: [제 5호] 파이프행가 28 C [식]
A35: 59759017113 | B35: 제 5호 | C35: 3913170810036359 | D35: 강재전선관용 부품 | E35: 파이프행거, 28 C | F35: 개 | G35: 1 | H35: =합산자재!H84 -> 370 | I35: =IF(G35*H35<>0, TRUNC(G35*H35, 1), "") -> 370 | J35: 1 | K35: =합산자재!I84 -> 0 | L35: =IF(G35*K35<>0, TRUNC(G35*K35, 1), "") | M35: =합산자재!J84 -> 0 | N35: =IF(G35*M35<>0, TRUNC(G35*M35, 1), "") | O35: =IF((H35+K35+M35)=0, "", (H35+K35+M35)) -> 370 | P35: =IF(SUM(I35,L35,N35)<>0,SUM(I35,L35,N35),"") -> 370
A36: 53060327011 | B36: 제 5호 | C36: 3116169820135160 | D36: 행거볼트 | E36: M10×1000㎜ | F36: 개 | G36: 1 | H36: =합산자재!H91 -> 920 | I36: =IF(G36*H36<>0, TRUNC(G36*H36, 1), "") -> 920 | J36: 1 | K36: =합산자재!I91 -> 0 | L36: =IF(G36*K36<>0, TRUNC(G36*K36, 1), "") | M36: =합산자재!J91 -> 0 | N36: =IF(G36*M36<>0, TRUNC(G36*M36, 1), "") | O36: =IF((H36+K36+M36)=0, "", (H36+K36+M36)) -> 920 | P36: =IF(SUM(I36,L36,N36)<>0,SUM(I36,L36,N36),"") -> 920
A37: 53060807001 | B37: 제 5호 | C37: 3116210220135769 | D37: 스트롱앵커(내진) | E37: 3/8 | F37: 개 | G37: 1 | H37: =합산자재!H90 -> 18000 | I37: =IF(G37*H37<>0, TRUNC(G37*H37, 1), "") -> 18000 | J37: 1 | K37: =합산자재!I90 -> 0 | L37: =IF(G37*K37<>0, TRUNC(G37*K37, 1), "") | M37: =합산자재!J90 -> 0 | N37: =IF(G37*M37<>0, TRUNC(G37*M37, 1), "") | O37: =IF((H37+K37+M37)=0, "", (H37+K37+M37)) -> 18000 | P37: =IF(SUM(I37,L37,N37)<>0,SUM(I37,L37,N37),"") -> 18000
A38: 53100028501 | B38: 제 5호 | C38: 3116172710023970 | D38: 6각너트 | E38: 3/8,M10 | F38: EA | G38: 2 | H38: =합산자재!H173 -> 28 | I38: =IF(G38*H38<>0, TRUNC(G38*H38, 1), "") -> 56 | J38: 2 | K38: =합산자재!I173 -> 0 | L38: =IF(G38*K38<>0, TRUNC(G38*K38, 1), "") | M38: =합산자재!J173 -> 0 | N38: =IF(G38*M38<>0, TRUNC(G38*M38, 1), "") | O38: =IF((H38+K38+M38)=0, "", (H38+K38+M38)) -> 28 | P38: =IF(SUM(I38,L38,N38)<>0,SUM(I38,L38,N38),"") -> 56
A39: 52100327001 | B39: 제 5호 | C39: 3116181120136195 | D39: 스프링와샤 | E39: D10 | F39: EA | G39: 2 | H39: =합산자재!H174 -> 9 | I39: =IF(G39*H39<>0, TRUNC(G39*H39, 1), "") -> 18 | J39: 2 | K39: =합산자재!I174 -> 0 | L39: =IF(G39*K39<>0, TRUNC(G39*K39, 1), "") | M39: =합산자재!J174 -> 0 | N39: =IF(G39*M39<>0, TRUNC(G39*M39, 1), "") | O39: =IF((H39+K39+M39)=0, "", (H39+K39+M39)) -> 9 | P39: =IF(SUM(I39,L39,N39)<>0,SUM(I39,L39,N39),"") -> 18
A40: 56900017016 | B40: 제 5호 | C40: L001010101000075 | D40: 노 무 비 | E40: 내선전공 | F40: 인 | G40: =일위노임!G12 -> 0.036 | H40: =합산자재!H345 -> 0 | I40: =IF(G40*H40<>0, TRUNC(G40*H40, 1), "") | J40: 0.036 | K40: =합산자재!I345 -> 273676 | L40: =IF(G40*K40<>0, TRUNC(G40*K40, 1), "") -> 9852.3 | M40: =합산자재!J345 -> 0 | N40: =IF(G40*M40<>0, TRUNC(G40*M40, 1), "") | O40: =IF((H40+K40+M40)=0, "", (H40+K40+M40)) -> 273676 | P40: =IF(SUM(I40,L40,N40)<>0,SUM(I40,L40,N40),"") -> 9852.3
A41: A0300000000 | B41: 제 5호 | C41: RENT000000000006 | D41: [ 공 구 손 료 ] | E41: 노무비의 2 % | F41: 식 | G41: 1 | H41: 197 | I41: =IF(G41*H41<>0, TRUNC(G41*H41, 1), "") -> 197 | J41: 1 | L41: =IF(G41*K41<>0, TRUNC(G41*K41, 1), "") | N41: =IF(G41*M41<>0, TRUNC(G41*M41, 1), "") | O41: =IF((H41+K41+M41)=0, "", (H41+K41+M41)) -> 197 | P41: =IF(SUM(I41,L41,N41)<>0,SUM(I41,L41,N41),"") -> 197
B42: 합계줄 | D42: ( 합 계 ) | I42: =TRUNC(SUM(I34:I41)) -> 19561 | L42: =TRUNC(SUM(L34:L41)) -> 9852 | N42: =TRUNC(SUM(N34:N41)) -> 0 | O42: =IF((H42+K42+M42)=0, "", (H42+K42+M42)) | P42: =IF(SUM(I42,L42,N42)<>0,SUM(I42,L42,N42),"") -> 29413
A44: 56950120036 | B44: 일목줄 | C44: EAA110140000 | D44: [제 6호] 파이프행가 36 C [식]
A45: 59759017114 | B45: 제 6호 | C45: 3913170810036360 | D45: 강재전선관용 부품 | E45: 파이프행거, 36 C | F45: 개 | G45: 1 | H45: =합산자재!H85 -> 394 | I45: =IF(G45*H45<>0, TRUNC(G45*H45, 1), "") -> 394 | J45: 1 | K45: =합산자재!I85 -> 0 | L45: =IF(G45*K45<>0, TRUNC(G45*K45, 1), "") | M45: =합산자재!J85 -> 0 | N45: =IF(G45*M45<>0, TRUNC(G45*M45, 1), "") | O45: =IF((H45+K45+M45)=0, "", (H45+K45+M45)) -> 394 | P45: =IF(SUM(I45,L45,N45)<>0,SUM(I45,L45,N45),"") -> 394
A46: 53060327011 | B46: 제 6호 | C46: 3116169820135160 | D46: 행거볼트 | E46: M10×1000㎜ | F46: 개 | G46: 1 | H46: =합산자재!H91 -> 920 | I46: =IF(G46*H46<>0, TRUNC(G46*H46, 1), "") -> 920 | J46: 1 | K46: =합산자재!I91 -> 0 | L46: =IF(G46*K46<>0, TRUNC(G46*K46, 1), "") | M46: =합산자재!J91 -> 0 | N46: =IF(G46*M46<>0, TRUNC(G46*M46, 1), "") | O46: =IF((H46+K46+M46)=0, "", (H46+K46+M46)) -> 920 | P46: =IF(SUM(I46,L46,N46)<>0,SUM(I46,L46,N46),"") -> 920
A47: 53060807001 | B47: 제 6호 | C47: 3116210220135769 | D47: 스트롱앵커(내진) | E47: 3/8 | F47: 개 | G47: 1 | H47: =합산자재!H90 -> 18000 | I47: =IF(G47*H47<>0, TRUNC(G47*H47, 1), "") -> 18000 | J47: 1 | K47: =합산자재!I90 -> 0 | L47: =IF(G47*K47<>0, TRUNC(G47*K47, 1), "") | M47: =합산자재!J90 -> 0 | N47: =IF(G47*M47<>0, TRUNC(G47*M47, 1), "") | O47: =IF((H47+K47+M47)=0, "", (H47+K47+M47)) -> 18000 | P47: =IF(SUM(I47,L47,N47)<>0,SUM(I47,L47,N47),"") -> 18000
A48: 53100028501 | B48: 제 6호 | C48: 3116172710023970 | D48: 6각너트 | E48: 3/8,M10 | F48: EA | G48: 2 | H48: =합산자재!H173 -> 28 | I48: =IF(G48*H48<>0, TRUNC(G48*H48, 1), "") -> 56 | J48: 2 | K48: =합산자재!I173 -> 0 | L48: =IF(G48*K48<>0, TRUNC(G48*K48, 1), "") | M48: =합산자재!J173 -> 0 | N48: =IF(G48*M48<>0, TRUNC(G48*M48, 1), "") | O48: =IF((H48+K48+M48)=0, "", (H48+K48+M48)) -> 28 | P48: =IF(SUM(I48,L48,N48)<>0,SUM(I48,L48,N48),"") -> 56
A49: 52100327001 | B49: 제 6호 | C49: 3116181120136195 | D49: 스프링와샤 | E49: D10 | F49: EA | G49: 2 | H49: =합산자재!H174 -> 9 | I49: =IF(G49*H49<>0, TRUNC(G49*H49, 1), "") -> 18 | J49: 2 | K49: =합산자재!I174 -> 0 | L49: =IF(G49*K49<>0, TRUNC(G49*K49, 1), "") | M49: =합산자재!J174 -> 0 | N49: =IF(G49*M49<>0, TRUNC(G49*M49, 1), "") | O49: =IF((H49+K49+M49)=0, "", (H49+K49+M49)) -> 9 | P49: =IF(SUM(I49,L49,N49)<>0,SUM(I49,L49,N49),"") -> 18
A50: 56900017016 | B50: 제 6호 | C50: L001010101000075 | D50: 노 무 비 | E50: 내선전공 | F50: 인 | G50: =일위노임!G15 -> 0.036 | H50: =합산자재!H345 -> 0 | I50: =IF(G50*H50<>0, TRUNC(G50*H50, 1), "") | J50: 0.036 | K50: =합산자재!I345 -> 273676 | L50: =IF(G50*K50<>0, TRUNC(G50*K50, 1), "") -> 9852.3 | M50: =합산자재!J345 -> 0 | N50: =IF(G50*M50<>0, TRUNC(G50*M50, 1), "") | O50: =IF((H50+K50+M50)=0, "", (H50+K50+M50)) -> 273676 | P50: =IF(SUM(I50,L50,N50)<>0,SUM(I50,L50,N50),"") -> 9852.3
A51: A0300000000 | B51: 제 6호 | C51: RENT000000000006 | D51: [ 공 구 손 료 ] | E51: 노무비의 2 % | F51: 식 | G51: 1 | H51: 197 | I51: =IF(G51*H51<>0, TRUNC(G51*H51, 1), "") -> 197 | J51: 1 | L51: =IF(G51*K51<>0, TRUNC(G51*K51, 1), "") | N51: =IF(G51*M51<>0, TRUNC(G51*M51, 1), "") | O51: =IF((H51+K51+M51)=0, "", (H51+K51+M51)) -> 197 | P51: =IF(SUM(I51,L51,N51)<>0,SUM(I51,L51,N51),"") -> 197
B52: 합계줄 | D52: ( 합 계 ) | I52: =TRUNC(SUM(I44:I51)) -> 19585 | L52: =TRUNC(SUM(L44:L51)) -> 9852 | N52: =TRUNC(SUM(N44:N51)) -> 0 | O52: =IF((H52+K52+M52)=0, "", (H52+K52+M52)) | P52: =IF(SUM(I52,L52,N52)<>0,SUM(I52,L52,N52),"") -> 29437
A54: 56950120042 | B54: 일목줄 | C54: EAA110150000 | D54: [제 7호] 파이프행가 42 C [식]
A55: 59759017115 | B55: 제 7호 | C55: 3913170810036361 | D55: 강재전선관용 부품 | E55: 파이프행거, 42 C | F55: 개 | G55: 1 | H55: =합산자재!H86 -> 431 | I55: =IF(G55*H55<>0, TRUNC(G55*H55, 1), "") -> 431 | J55: 1 | K55: =합산자재!I86 -> 0 | L55: =IF(G55*K55<>0, TRUNC(G55*K55, 1), "") | M55: =합산자재!J86 -> 0 | N55: =IF(G55*M55<>0, TRUNC(G55*M55, 1), "") | O55: =IF((H55+K55+M55)=0, "", (H55+K55+M55)) -> 431 | P55: =IF(SUM(I55,L55,N55)<>0,SUM(I55,L55,N55),"") -> 431
A56: 53060327011 | B56: 제 7호 | C56: 3116169820135160 | D56: 행거볼트 | E56: M10×1000㎜ | F56: 개 | G56: 1 | H56: =합산자재!H91 -> 920 | I56: =IF(G56*H56<>0, TRUNC(G56*H56, 1), "") -> 920 | J56: 1 | K56: =합산자재!I91 -> 0 | L56: =IF(G56*K56<>0, TRUNC(G56*K56, 1), "") | M56: =합산자재!J91 -> 0 | N56: =IF(G56*M56<>0, TRUNC(G56*M56, 1), "") | O56: =IF((H56+K56+M56)=0, "", (H56+K56+M56)) -> 920 | P56: =IF(SUM(I56,L56,N56)<>0,SUM(I56,L56,N56),"") -> 920
A57: 53060807001 | B57: 제 7호 | C57: 3116210220135769 | D57: 스트롱앵커(내진) | E57: 3/8 | F57: 개 | G57: 1 | H57: =합산자재!H90 -> 18000 | I57: =IF(G57*H57<>0, TRUNC(G57*H57, 1), "") -> 18000 | J57: 1 | K57: =합산자재!I90 -> 0 | L57: =IF(G57*K57<>0, TRUNC(G57*K57, 1), "") | M57: =합산자재!J90 -> 0 | N57: =IF(G57*M57<>0, TRUNC(G57*M57, 1), "") | O57: =IF((H57+K57+M57)=0, "", (H57+K57+M57)) -> 18000 | P57: =IF(SUM(I57,L57,N57)<>0,SUM(I57,L57,N57),"") -> 18000
A58: 53100028501 | B58: 제 7호 | C58: 3116172710023970 | D58: 6각너트 | E58: 3/8,M10 | F58: EA | G58: 2 | H58: =합산자재!H173 -> 28 | I58: =IF(G58*H58<>0, TRUNC(G58*H58, 1), "") -> 56 | J58: 2 | K58: =합산자재!I173 -> 0 | L58: =IF(G58*K58<>0, TRUNC(G58*K58, 1), "") | M58: =합산자재!J173 -> 0 | N58: =IF(G58*M58<>0, TRUNC(G58*M58, 1), "") | O58: =IF((H58+K58+M58)=0, "", (H58+K58+M58)) -> 28 | P58: =IF(SUM(I58,L58,N58)<>0,SUM(I58,L58,N58),"") -> 56
A59: 52100327001 | B59: 제 7호 | C59: 3116181120136195 | D59: 스프링와샤 | E59: D10 | F59: EA | G59: 2 | H59: =합산자재!H174 -> 9 | I59: =IF(G59*H59<>0, TRUNC(G59*H59, 1), "") -> 18 | J59: 2 | K59: =합산자재!I174 -> 0 | L59: =IF(G59*K59<>0, TRUNC(G59*K59, 1), "") | M59: =합산자재!J174 -> 0 | N59: =IF(G59*M59<>0, TRUNC(G59*M59, 1), "") | O59: =IF((H59+K59+M59)=0, "", (H59+K59+M59)) -> 9 | P59: =IF(SUM(I59,L59,N59)<>0,SUM(I59,L59,N59),"") -> 18
A60: 56900017016 | B60: 제 7호 | C60: L001010101000075 | D60: 노 무 비 | E60: 내선전공 | F60: 인 | G60: =일위노임!G18 -> 0.036 | H60: =합산자재!H345 -> 0 | I60: =IF(G60*H60<>0, TRUNC(G60*H60, 1), "") | J60: 0.036 | K60: =합산자재!I345 -> 273676 | L60: =IF(G60*K60<>0, TRUNC(G60*K60, 1), "") -> 9852.3 | M60: =합산자재!J345 -> 0 | N60: =IF(G60*M60<>0, TRUNC(G60*M60, 1), "") | O60: =IF((H60+K60+M60)=0, "", (H60+K60+M60)) -> 273676 | P60: =IF(SUM(I60,L60,N60)<>0,SUM(I60,L60,N60),"") -> 9852.3
A61: A0300000000 | B61: 제 7호 | C61: RENT000000000006 | D61: [ 공 구 손 료 ] | E61: 노무비의 2 % | F61: 식 | G61: 1 | H61: 197 | I61: =IF(G61*H61<>0, TRUNC(G61*H61, 1), "") -> 197 | J61: 1 | L61: =IF(G61*K61<>0, TRUNC(G61*K61, 1), "") | N61: =IF(G61*M61<>0, TRUNC(G61*M61, 1), "") | O61: =IF((H61+K61+M61)=0, "", (H61+K61+M61)) -> 197 | P61: =IF(SUM(I61,L61,N61)<>0,SUM(I61,L61,N61),"") -> 197
B62: 합계줄 | D62: ( 합 계 ) | I62: =TRUNC(SUM(I54:I61)) -> 19622 | L62: =TRUNC(SUM(L54:L61)) -> 9852 | N62: =TRUNC(SUM(N54:N61)) -> 0 | O62: =IF((H62+K62+M62)=0, "", (H62+K62+M62)) | P62: =IF(SUM(I62,L62,N62)<>0,SUM(I62,L62,N62),"") -> 29474
A64: 56950120054 | B64: 일목줄 | C64: EAA110160000 | D64: [제 8호] 파이프행가 54 C [식]
A65: 59759017116 | B65: 제 8호 | C65: 3913170810036362 | D65: 강재전선관용 부품 | E65: 파이프행거, 54 C | F65: 개 | G65: 1 | H65: =합산자재!H87 -> 625 | I65: =IF(G65*H65<>0, TRUNC(G65*H65, 1), "") -> 625 | J65: 1 | K65: =합산자재!I87 -> 0 | L65: =IF(G65*K65<>0, TRUNC(G65*K65, 1), "") | M65: =합산자재!J87 -> 0 | N65: =IF(G65*M65<>0, TRUNC(G65*M65, 1), "") | O65: =IF((H65+K65+M65)=0, "", (H65+K65+M65)) -> 625 | P65: =IF(SUM(I65,L65,N65)<>0,SUM(I65,L65,N65),"") -> 625
A66: 53060327011 | B66: 제 8호 | C66: 3116169820135160 | D66: 행거볼트 | E66: M10×1000㎜ | F66: 개 | G66: 1 | H66: =합산자재!H91 -> 920 | I66: =IF(G66*H66<>0, TRUNC(G66*H66, 1), "") -> 920 | J66: 1 | K66: =합산자재!I91 -> 0 | L66: =IF(G66*K66<>0, TRUNC(G66*K66, 1), "") | M66: =합산자재!J91 -> 0 | N66: =IF(G66*M66<>0, TRUNC(G66*M66, 1), "") | O66: =IF((H66+K66+M66)=0, "", (H66+K66+M66)) -> 920 | P66: =IF(SUM(I66,L66,N66)<>0,SUM(I66,L66,N66),"") -> 920
A67: 53060807001 | B67: 제 8호 | C67: 3116210220135769 | D67: 스트롱앵커(내진) | E67: 3/8 | F67: 개 | G67: 1 | H67: =합산자재!H90 -> 18000 | I67: =IF(G67*H67<>0, TRUNC(G67*H67, 1), "") -> 18000 | J67: 1 | K67: =합산자재!I90 -> 0 | L67: =IF(G67*K67<>0, TRUNC(G67*K67, 1), "") | M67: =합산자재!J90 -> 0 | N67: =IF(G67*M67<>0, TRUNC(G67*M67, 1), "") | O67: =IF((H67+K67+M67)=0, "", (H67+K67+M67)) -> 18000 | P67: =IF(SUM(I67,L67,N67)<>0,SUM(I67,L67,N67),"") -> 18000
A68: 53100028501 | B68: 제 8호 | C68: 3116172710023970 | D68: 6각너트 | E68: 3/8,M10 | F68: EA | G68: 2 | H68: =합산자재!H173 -> 28 | I68: =IF(G68*H68<>0, TRUNC(G68*H68, 1), "") -> 56 | J68: 2 | K68: =합산자재!I173 -> 0 | L68: =IF(G68*K68<>0, TRUNC(G68*K68, 1), "") | M68: =합산자재!J173 -> 0 | N68: =IF(G68*M68<>0, TRUNC(G68*M68, 1), "") | O68: =IF((H68+K68+M68)=0, "", (H68+K68+M68)) -> 28 | P68: =IF(SUM(I68,L68,N68)<>0,SUM(I68,L68,N68),"") -> 56
A69: 52100327001 | B69: 제 8호 | C69: 3116181120136195 | D69: 스프링와샤 | E69: D10 | F69: EA | G69: 2 | H69: =합산자재!H174 -> 9 | I69: =IF(G69*H69<>0, TRUNC(G69*H69, 1), "") -> 18 | J69: 2 | K69: =합산자재!I174 -> 0 | L69: =IF(G69*K69<>0, TRUNC(G69*K69, 1), "") | M69: =합산자재!J174 -> 0 | N69: =IF(G69*M69<>0, TRUNC(G69*M69, 1), "") | O69: =IF((H69+K69+M69)=0, "", (H69+K69+M69)) -> 9 | P69: =IF(SUM(I69,L69,N69)<>0,SUM(I69,L69,N69),"") -> 18
A70: 56900017016 | B70: 제 8호 | C70: L001010101000075 | D70: 노 무 비 | E70: 내선전공 | F70: 인 | G70: =일위노임!G21 -> 0.036 | H70: =합산자재!H345 -> 0 | I70: =IF(G70*H70<>0, TRUNC(G70*H70, 1), "") | J70: 0.036 | K70: =합산자재!I345 -> 273676 | L70: =IF(G70*K70<>0, TRUNC(G70*K70, 1), "") -> 9852.3 | M70: =합산자재!J345 -> 0 | N70: =IF(G70*M70<>0, TRUNC(G70*M70, 1), "") | O70: =IF((H70+K70+M70)=0, "", (H70+K70+M70)) -> 273676 | P70: =IF(SUM(I70,L70,N70)<>0,SUM(I70,L70,N70),"") -> 9852.3
A71: A0300000000 | B71: 제 8호 | C71: RENT000000000006 | D71: [ 공 구 손 료 ] | E71: 노무비의 2 % | F71: 식 | G71: 1 | H71: 197 | I71: =IF(G71*H71<>0, TRUNC(G71*H71, 1), "") -> 197 | J71: 1 | L71: =IF(G71*K71<>0, TRUNC(G71*K71, 1), "") | N71: =IF(G71*M71<>0, TRUNC(G71*M71, 1), "") | O71: =IF((H71+K71+M71)=0, "", (H71+K71+M71)) -> 197 | P71: =IF(SUM(I71,L71,N71)<>0,SUM(I71,L71,N71),"") -> 197
B72: 합계줄 | D72: ( 합 계 ) | I72: =TRUNC(SUM(I64:I71)) -> 19816 | L72: =TRUNC(SUM(L64:L71)) -> 9852 | N72: =TRUNC(SUM(N64:N71)) -> 0 | O72: =IF((H72+K72+M72)=0, "", (H72+K72+M72)) | P72: =IF(SUM(I72,L72,N72)<>0,SUM(I72,L72,N72),"") -> 29668
A74: 56950120070 | B74: 일목줄 | C74: EAA110170000 | D74: [제 9호] 파이프행가 70 C [식]
A75: 59759017117 | B75: 제 9호 | C75: 3913170810036363 | D75: 강재전선관용 부품 | E75: 파이프행거, 70 C | F75: 개 | G75: 1 | H75: =합산자재!H88 -> 675 | I75: =IF(G75*H75<>0, TRUNC(G75*H75, 1), "") -> 675 | J75: 1 | K75: =합산자재!I88 -> 0 | L75: =IF(G75*K75<>0, TRUNC(G75*K75, 1), "") | M75: =합산자재!J88 -> 0 | N75: =IF(G75*M75<>0, TRUNC(G75*M75, 1), "") | O75: =IF((H75+K75+M75)=0, "", (H75+K75+M75)) -> 675 | P75: =IF(SUM(I75,L75,N75)<>0,SUM(I75,L75,N75),"") -> 675
A76: 53060327011 | B76: 제 9호 | C76: 3116169820135160 | D76: 행거볼트 | E76: M10×1000㎜ | F76: 개 | G76: 1 | H76: =합산자재!H91 -> 920 | I76: =IF(G76*H76<>0, TRUNC(G76*H76, 1), "") -> 920 | J76: 1 | K76: =합산자재!I91 -> 0 | L76: =IF(G76*K76<>0, TRUNC(G76*K76, 1), "") | M76: =합산자재!J91 -> 0 | N76: =IF(G76*M76<>0, TRUNC(G76*M76, 1), "") | O76: =IF((H76+K76+M76)=0, "", (H76+K76+M76)) -> 920 | P76: =IF(SUM(I76,L76,N76)<>0,SUM(I76,L76,N76),"") -> 920
A77: 53060807001 | B77: 제 9호 | C77: 3116210220135769 | D77: 스트롱앵커(내진) | E77: 3/8 | F77: 개 | G77: 1 | H77: =합산자재!H90 -> 18000 | I77: =IF(G77*H77<>0, TRUNC(G77*H77, 1), "") -> 18000 | J77: 1 | K77: =합산자재!I90 -> 0 | L77: =IF(G77*K77<>0, TRUNC(G77*K77, 1), "") | M77: =합산자재!J90 -> 0 | N77: =IF(G77*M77<>0, TRUNC(G77*M77, 1), "") | O77: =IF((H77+K77+M77)=0, "", (H77+K77+M77)) -> 18000 | P77: =IF(SUM(I77,L77,N77)<>0,SUM(I77,L77,N77),"") -> 18000
A78: 53100028501 | B78: 제 9호 | C78: 3116172710023970 | D78: 6각너트 | E78: 3/8,M10 | F78: EA | G78: 2 | H78: =합산자재!H173 -> 28 | I78: =IF(G78*H78<>0, TRUNC(G78*H78, 1), "") -> 56 | J78: 2 | K78: =합산자재!I173 -> 0 | L78: =IF(G78*K78<>0, TRUNC(G78*K78, 1), "") | M78: =합산자재!J173 -> 0 | N78: =IF(G78*M78<>0, TRUNC(G78*M78, 1), "") | O78: =IF((H78+K78+M78)=0, "", (H78+K78+M78)) -> 28 | P78: =IF(SUM(I78,L78,N78)<>0,SUM(I78,L78,N78),"") -> 56
A79: 52100327001 | B79: 제 9호 | C79: 3116181120136195 | D79: 스프링와샤 | E79: D10 | F79: EA | G79: 2 | H79: =합산자재!H174 -> 9 | I79: =IF(G79*H79<>0, TRUNC(G79*H79, 1), "") -> 18 | J79: 2 | K79: =합산자재!I174 -> 0 | L79: =IF(G79*K79<>0, TRUNC(G79*K79, 1), "") | M79: =합산자재!J174 -> 0 | N79: =IF(G79*M79<>0, TRUNC(G79*M79, 1), "") | O79: =IF((H79+K79+M79)=0, "", (H79+K79+M79)) -> 9 | P79: =IF(SUM(I79,L79,N79)<>0,SUM(I79,L79,N79),"") -> 18
A80: 56900017016 | B80: 제 9호 | C80: L001010101000075 | D80: 노 무 비 | E80: 내선전공 | F80: 인 | G80: =일위노임!G24 -> 0.036 | H80: =합산자재!H345 -> 0 | I80: =IF(G80*H80<>0, TRUNC(G80*H80, 1), "") | J80: 0.036 | K80: =합산자재!I345 -> 273676 | L80: =IF(G80*K80<>0, TRUNC(G80*K80, 1), "") -> 9852.3 | M80: =합산자재!J345 -> 0 | N80: =IF(G80*M80<>0, TRUNC(G80*M80, 1), "") | O80: =IF((H80+K80+M80)=0, "", (H80+K80+M80)) -> 273676 | P80: =IF(SUM(I80,L80,N80)<>0,SUM(I80,L80,N80),"") -> 9852.3
A81: A0300000000 | B81: 제 9호 | C81: RENT000000000006 | D81: [ 공 구 손 료 ] | E81: 노무비의 2 % | F81: 식 | G81: 1 | H81: 197 | I81: =IF(G81*H81<>0, TRUNC(G81*H81, 1), "") -> 197 | J81: 1 | L81: =IF(G81*K81<>0, TRUNC(G81*K81, 1), "") | N81: =IF(G81*M81<>0, TRUNC(G81*M81, 1), "") | O81: =IF((H81+K81+M81)=0, "", (H81+K81+M81)) -> 197 | P81: =IF(SUM(I81,L81,N81)<>0,SUM(I81,L81,N81),"") -> 197
B82: 합계줄 | D82: ( 합 계 ) | I82: =TRUNC(SUM(I74:I81)) -> 19866 | L82: =TRUNC(SUM(L74:L81)) -> 9852 | N82: =TRUNC(SUM(N74:N81)) -> 0 | O82: =IF((H82+K82+M82)=0, "", (H82+K82+M82)) | P82: =IF(SUM(I82,L82,N82)<>0,SUM(I82,L82,N82),"") -> 29718
A84: 56950160200 | B84: 일목줄 | C84: EAA110420000 | D84: [제 10호] 케이블트레이지지대 W200-1단 [식]
A85: 59754967601 | B85: 제 10호 | C85: 3913170520175128 | D85: 케이블트레이부속품 | E85: U CHANNEL, 41x41x2.6t | F85: M | G85: 0.3 | H85: =합산자재!H70 -> 3900 | I85: =IF(G85*H85<>0, TRUNC(G85*H85, 1), "") -> 1170 | J85: 0.3 | K85: =합산자재!I70 -> 0 | L85: =IF(G85*K85<>0, TRUNC(G85*K85, 1), "") | M85: =합산자재!J70 -> 0 | N85: =IF(G85*M85<>0, TRUNC(G85*M85, 1), "") | O85: =IF((H85+K85+M85)=0, "", (H85+K85+M85)) -> 3900 | P85: =IF(SUM(I85,L85,N85)<>0,SUM(I85,L85,N85),"") -> 1170
A86: 53060327011 | B86: 제 10호 | C86: 3116169820135160 | D86: 행거볼트 | E86: M10×1000㎜ | F86: 개 | G86: 2 | H86: =합산자재!H91 -> 920 | I86: =IF(G86*H86<>0, TRUNC(G86*H86, 1), "") -> 1840 | J86: 2 | K86: =합산자재!I91 -> 0 | L86: =IF(G86*K86<>0, TRUNC(G86*K86, 1), "") | M86: =합산자재!J91 -> 0 | N86: =IF(G86*M86<>0, TRUNC(G86*M86, 1), "") | O86: =IF((H86+K86+M86)=0, "", (H86+K86+M86)) -> 920 | P86: =IF(SUM(I86,L86,N86)<>0,SUM(I86,L86,N86),"") -> 1840
A87: 53060807001 | B87: 제 10호 | C87: 3116210220135769 | D87: 스트롱앵커(내진) | E87: 3/8 | F87: 개 | G87: 2 | H87: =합산자재!H90 -> 18000 | I87: =IF(G87*H87<>0, TRUNC(G87*H87, 1), "") -> 36000 | J87: 2 | K87: =합산자재!I90 -> 0 | L87: =IF(G87*K87<>0, TRUNC(G87*K87, 1), "") | M87: =합산자재!J90 -> 0 | N87: =IF(G87*M87<>0, TRUNC(G87*M87, 1), "") | O87: =IF((H87+K87+M87)=0, "", (H87+K87+M87)) -> 18000 | P87: =IF(SUM(I87,L87,N87)<>0,SUM(I87,L87,N87),"") -> 36000
A88: 53100028501 | B88: 제 10호 | C88: 3116172710023970 | D88: 6각너트 | E88: 3/8,M10 | F88: EA | G88: 4 | H88: =합산자재!H173 -> 28 | I88: =IF(G88*H88<>0, TRUNC(G88*H88, 1), "") -> 112 | J88: 4 | K88: =합산자재!I173 -> 0 | L88: =IF(G88*K88<>0, TRUNC(G88*K88, 1), "") | M88: =합산자재!J173 -> 0 | N88: =IF(G88*M88<>0, TRUNC(G88*M88, 1), "") | O88: =IF((H88+K88+M88)=0, "", (H88+K88+M88)) -> 28 | P88: =IF(SUM(I88,L88,N88)<>0,SUM(I88,L88,N88),"") -> 112
A89: 52100327001 | B89: 제 10호 | C89: 3116181120136195 | D89: 스프링와샤 | E89: D10 | F89: EA | G89: 4 | H89: =합산자재!H174 -> 9 | I89: =IF(G89*H89<>0, TRUNC(G89*H89, 1), "") -> 36 | J89: 4 | K89: =합산자재!I174 -> 0 | L89: =IF(G89*K89<>0, TRUNC(G89*K89, 1), "") | M89: =합산자재!J174 -> 0 | N89: =IF(G89*M89<>0, TRUNC(G89*M89, 1), "") | O89: =IF((H89+K89+M89)=0, "", (H89+K89+M89)) -> 9 | P89: =IF(SUM(I89,L89,N89)<>0,SUM(I89,L89,N89),"") -> 36
A90: 59754967572 | B90: 제 10호 | C90: 3913170520935624 | D90: 케이블트레이부속품 | E90: RAIL CLAMP | F90: 개 | G90: 2 | H90: =합산자재!H67 -> 547 | I90: =IF(G90*H90<>0, TRUNC(G90*H90, 1), "") -> 1094 | J90: 2 | K90: =합산자재!I67 -> 0 | L90: =IF(G90*K90<>0, TRUNC(G90*K90, 1), "") | M90: =합산자재!J67 -> 0 | N90: =IF(G90*M90<>0, TRUNC(G90*M90, 1), "") | O90: =IF((H90+K90+M90)=0, "", (H90+K90+M90)) -> 547 | P90: =IF(SUM(I90,L90,N90)<>0,SUM(I90,L90,N90),"") -> 1094
A91: 56900017016 | B91: 제 10호 | C91: L001010101000075 | D91: 노 무 비 | E91: 내선전공 | F91: 인 | G91: =일위노임!G27 -> 0.072 | H91: =합산자재!H345 -> 0 | I91: =IF(G91*H91<>0, TRUNC(G91*H91, 1), "") | J91: 0.072 | K91: =합산자재!I345 -> 273676 | L91: =IF(G91*K91<>0, TRUNC(G91*K91, 1), "") -> 19704.6 | M91: =합산자재!J345 -> 0 | N91: =IF(G91*M91<>0, TRUNC(G91*M91, 1), "") | O91: =IF((H91+K91+M91)=0, "", (H91+K91+M91)) -> 273676 | P91: =IF(SUM(I91,L91,N91)<>0,SUM(I91,L91,N91),"") -> 19704.6
A92: A0300000000 | B92: 제 10호 | C92: RENT000000000006 | D92: [ 공 구 손 료 ] | E92: 노무비의 2 % | F92: 식 | G92: 1 | H92: 394 | I92: =IF(G92*H92<>0, TRUNC(G92*H92, 1), "") -> 394 | J92: 1 | L92: =IF(G92*K92<>0, TRUNC(G92*K92, 1), "") | N92: =IF(G92*M92<>0, TRUNC(G92*M92, 1), "") | O92: =IF((H92+K92+M92)=0, "", (H92+K92+M92)) -> 394 | P92: =IF(SUM(I92,L92,N92)<>0,SUM(I92,L92,N92),"") -> 394
B93: 합계줄 | D93: ( 합 계 ) | I93: =TRUNC(SUM(I84:I92)) -> 40646 | L93: =TRUNC(SUM(L84:L92)) -> 19704 | N93: =TRUNC(SUM(N84:N92)) -> 0 | O93: =IF((H93+K93+M93)=0, "", (H93+K93+M93)) | P93: =IF(SUM(I93,L93,N93)<>0,SUM(I93,L93,N93),"") -> 60350
A95: 56950160300 | B95: 일목줄 | C95: EAA110430000 | D95: [제 11호] 케이블트레이지지대 W300-1단 [식]
A96: 59754967601 | B96: 제 11호 | C96: 3913170520175128 | D96: 케이블트레이부속품 | E96: U CHANNEL, 41x41x2.6t | F96: M | G96: 0.4 | H96: =합산자재!H70 -> 3900 | I96: =IF(G96*H96<>0, TRUNC(G96*H96, 1), "") -> 1560 | J96: 0.4 | K96: =합산자재!I70 -> 0 | L96: =IF(G96*K96<>0, TRUNC(G96*K96, 1), "") | M96: =합산자재!J70 -> 0 | N96: =IF(G96*M96<>0, TRUNC(G96*M96, 1), "") | O96: =IF((H96+K96+M96)=0, "", (H96+K96+M96)) -> 3900 | P96: =IF(SUM(I96,L96,N96)<>0,SUM(I96,L96,N96),"") -> 1560
A97: 53060327011 | B97: 제 11호 | C97: 3116169820135160 | D97: 행거볼트 | E97: M10×1000㎜ | F97: 개 | G97: 2 | H97: =합산자재!H91 -> 920 | I97: =IF(G97*H97<>0, TRUNC(G97*H97, 1), "") -> 1840 | J97: 2 | K97: =합산자재!I91 -> 0 | L97: =IF(G97*K97<>0, TRUNC(G97*K97, 1), "") | M97: =합산자재!J91 -> 0 | N97: =IF(G97*M97<>0, TRUNC(G97*M97, 1), "") | O97: =IF((H97+K97+M97)=0, "", (H97+K97+M97)) -> 920 | P97: =IF(SUM(I97,L97,N97)<>0,SUM(I97,L97,N97),"") -> 1840
A98: 53060807001 | B98: 제 11호 | C98: 3116210220135769 | D98: 스트롱앵커(내진) | E98: 3/8 | F98: 개 | G98: 2 | H98: =합산자재!H90 -> 18000 | I98: =IF(G98*H98<>0, TRUNC(G98*H98, 1), "") -> 36000 | J98: 2 | K98: =합산자재!I90 -> 0 | L98: =IF(G98*K98<>0, TRUNC(G98*K98, 1), "") | M98: =합산자재!J90 -> 0 | N98: =IF(G98*M98<>0, TRUNC(G98*M98, 1), "") | O98: =IF((H98+K98+M98)=0, "", (H98+K98+M98)) -> 18000 | P98: =IF(SUM(I98,L98,N98)<>0,SUM(I98,L98,N98),"") -> 36000
A99: 53100028501 | B99: 제 11호 | C99: 3116172710023970 | D99: 6각너트 | E99: 3/8,M10 | F99: EA | G99: 4 | H99: =합산자재!H173 -> 28 | I99: =IF(G99*H99<>0, TRUNC(G99*H99, 1), "") -> 112 | J99: 4 | K99: =합산자재!I173 -> 0 | L99: =IF(G99*K99<>0, TRUNC(G99*K99, 1), "") | M99: =합산자재!J173 -> 0 | N99: =IF(G99*M99<>0, TRUNC(G99*M99, 1), "") | O99: =IF((H99+K99+M99)=0, "", (H99+K99+M99)) -> 28 | P99: =IF(SUM(I99,L99,N99)<>0,SUM(I99,L99,N99),"") -> 112
A100: 52100327001 | B100: 제 11호 | C100: 3116181120136195 | D100: 스프링와샤 | E100: D10 | F100: EA | G100: 4 | H100: =합산자재!H174 -> 9 | I100: =IF(G100*H100<>0, TRUNC(G100*H100, 1), "") -> 36 | J100: 4 | K100: =합산자재!I174 -> 0 | L100: =IF(G100*K100<>0, TRUNC(G100*K100, 1), "") | M100: =합산자재!J174 -> 0 | N100: =IF(G100*M100<>0, TRUNC(G100*M100, 1), "") | O100: =IF((H100+K100+M100)=0, "", (H100+K100+M100)) -> 9 | P100: =IF(SUM(I100,L100,N100)<>0,SUM(I100,L100,N100),"") -> 36
A101: 59754967572 | B101: 제 11호 | C101: 3913170520935624 | D101: 케이블트레이부속품 | E101: RAIL CLAMP | F101: 개 | G101: 2 | H101: =합산자재!H67 -> 547 | I101: =IF(G101*H101<>0, TRUNC(G101*H101, 1), "") -> 1094 | J101: 2 | K101: =합산자재!I67 -> 0 | L101: =IF(G101*K101<>0, TRUNC(G101*K101, 1), "") | M101: =합산자재!J67 -> 0 | N101: =IF(G101*M101<>0, TRUNC(G101*M101, 1), "") | O101: =IF((H101+K101+M101)=0, "", (H101+K101+M101)) -> 547 | P101: =IF(SUM(I101,L101,N101)<>0,SUM(I101,L101,N101),"") -> 1094
A102: 56900017016 | B102: 제 11호 | C102: L001010101000075 | D102: 노 무 비 | E102: 내선전공 | F102: 인 | G102: =일위노임!G30 -> 0.072 | H102: =합산자재!H345 -> 0 | I102: =IF(G102*H102<>0, TRUNC(G102*H102, 1), "") | J102: 0.072 | K102: =합산자재!I345 -> 273676 | L102: =IF(G102*K102<>0, TRUNC(G102*K102, 1), "") -> 19704.6 | M102: =합산자재!J345 -> 0 | N102: =IF(G102*M102<>0, TRUNC(G102*M102, 1), "") | O102: =IF((H102+K102+M102)=0, "", (H102+K102+M102)) -> 273676 | P102: =IF(SUM(I102,L102,N102)<>0,SUM(I102,L102,N102),"") -> 19704.6
A103: A0300000000 | B103: 제 11호 | C103: RENT000000000006 | D103: [ 공 구 손 료 ] | E103: 노무비의 2 % | F103: 식 | G103: 1 | H103: 394 | I103: =IF(G103*H103<>0, TRUNC(G103*H103, 1), "") -> 394 | J103: 1 | L103: =IF(G103*K103<>0, TRUNC(G103*K103, 1), "") | N103: =IF(G103*M103<>0, TRUNC(G103*M103, 1), "") | O103: =IF((H103+K103+M103)=0, "", (H103+K103+M103)) -> 394 | P103: =IF(SUM(I103,L103,N103)<>0,SUM(I103,L103,N103),"") -> 394
B104: 합계줄 | D104: ( 합 계 ) | I104: =TRUNC(SUM(I95:I103)) -> 41036 | L104: =TRUNC(SUM(L95:L103)) -> 19704 | N104: =TRUNC(SUM(N95:N103)) -> 0 | O104: =IF((H104+K104+M104)=0, "", (H104+K104+M104)) | P104: =IF(SUM(I104,L104,N104)<>0,SUM(I104,L104,N104),"") -> 60740
A106: 56950160800 | B106: 일목줄 | C106: EAA110478000 | D106: [제 12호] 케이블트레이지지대 W800-1단 [식]
A107: 59754967601 | B107: 제 12호 | C107: 3913170520175128 | D107: 케이블트레이부속품 | E107: U CHANNEL, 41x41x2.6t | F107: M | G107: 0.9 | H107: =합산자재!H70 -> 3900 | I107: =IF(G107*H107<>0, TRUNC(G107*H107, 1), "") -> 3510 | J107: 0.9 | K107: =합산자재!I70 -> 0 | L107: =IF(G107*K107<>0, TRUNC(G107*K107, 1), "") | M107: =합산자재!J70 -> 0 | N107: =IF(G107*M107<>0, TRUNC(G107*M107, 1), "") | O107: =IF((H107+K107+M107)=0, "", (H107+K107+M107)) -> 3900 | P107: =IF(SUM(I107,L107,N107)<>0,SUM(I107,L107,N107),"") -> 3510
A108: 53060327011 | B108: 제 12호 | C108: 3116169820135160 | D108: 행거볼트 | E108: M10×1000㎜ | F108: 개 | G108: 2 | H108: =합산자재!H91 -> 920 | I108: =IF(G108*H108<>0, TRUNC(G108*H108, 1), "") -> 1840 | J108: 2 | K108: =합산자재!I91 -> 0 | L108: =IF(G108*K108<>0, TRUNC(G108*K108, 1), "") | M108: =합산자재!J91 -> 0 | N108: =IF(G108*M108<>0, TRUNC(G108*M108, 1), "") | O108: =IF((H108+K108+M108)=0, "", (H108+K108+M108)) -> 920 | P108: =IF(SUM(I108,L108,N108)<>0,SUM(I108,L108,N108),"") -> 1840
A109: 53060807001 | B109: 제 12호 | C109: 3116210220135769 | D109: 스트롱앵커(내진) | E109: 3/8 | F109: 개 | G109: 2 | H109: =합산자재!H90 -> 18000 | I109: =IF(G109*H109<>0, TRUNC(G109*H109, 1), "") -> 36000 | J109: 2 | K109: =합산자재!I90 -> 0 | L109: =IF(G109*K109<>0, TRUNC(G109*K109, 1), "") | M109: =합산자재!J90 -> 0 | N109: =IF(G109*M109<>0, TRUNC(G109*M109, 1), "") | O109: =IF((H109+K109+M109)=0, "", (H109+K109+M109)) -> 18000 | P109: =IF(SUM(I109,L109,N109)<>0,SUM(I109,L109,N109),"") -> 36000
A110: 53100028501 | B110: 제 12호 | C110: 3116172710023970 | D110: 6각너트 | E110: 3/8,M10 | F110: EA | G110: 4 | H110: =합산자재!H173 -> 28 | I110: =IF(G110*H110<>0, TRUNC(G110*H110, 1), "") -> 112 | J110: 4 | K110: =합산자재!I173 -> 0 | L110: =IF(G110*K110<>0, TRUNC(G110*K110, 1), "") | M110: =합산자재!J173 -> 0 | N110: =IF(G110*M110<>0, TRUNC(G110*M110, 1), "") | O110: =IF((H110+K110+M110)=0, "", (H110+K110+M110)) -> 28 | P110: =IF(SUM(I110,L110,N110)<>0,SUM(I110,L110,N110),"") -> 112
A111: 52100327001 | B111: 제 12호 | C111: 3116181120136195 | D111: 스프링와샤 | E111: D10 | F111: EA | G111: 4 | H111: =합산자재!H174 -> 9 | I111: =IF(G111*H111<>0, TRUNC(G111*H111, 1), "") -> 36 | J111: 4 | K111: =합산자재!I174 -> 0 | L111: =IF(G111*K111<>0, TRUNC(G111*K111, 1), "") | M111: =합산자재!J174 -> 0 | N111: =IF(G111*M111<>0, TRUNC(G111*M111, 1), "") | O111: =IF((H111+K111+M111)=0, "", (H111+K111+M111)) -> 9 | P111: =IF(SUM(I111,L111,N111)<>0,SUM(I111,L111,N111),"") -> 36
...

Sheet 일위노임
B1: 705 | D1: [ 강릉시 입암동 통합공공임대주택 건립사업 신축공사 ] - 일위노임 산출근거(202601-노임) | AA1: 내선전공 | AB1: 저압케이블전공 | AC1: 고압케이블전공 | AD1: 특고압케이블전공 | AE1: 배전전공 | AF1: 통신케이블공 | AG1: 통신외선공 | AH1: 보통인부 | AI1: 특별인부 | AJ1: 방수공 | AK1: 줄눈공 | AL1: 작업반장
A2: 번호 | B2: 공종코드 | C2: 코드 | D2: 명 칭 | E2: 규 격 | F2: 단위 | G2: 수량 | K2: 코드 | L2: 공량산출 | P2: 단 위 단 가 산 출 | S2: 품셈근거 | T2: 비고
G3: 결정수량 | H3: 할증 | I3: 산출수량 | J3: 재할% | L3: 명칭 | M3: 품셈 | N3: 할증% | O3: 공량 | P3: 단가 | Q3: 단위단가 | R3: 단위계
B4: 공종줄 | D4: [ 제 3호 ] 파이프행가 16 C [식]
B5: 800 | C5: 3116210220135769 | D5: 스트롱앵커(내진) | E5: 3/8 | F5: 개 | G5: 1 | H5: =IF(I5<>0, G5-I5, "") -> 0 | I5: 1 | K5: 56900017016 | L5: 내선전공 | M5: 0.036 | N5: 100 | O5: =IF(I5*M5=0, "", I5*M5*(N5/100)) -> 0.036 | Q5: =TRUNC(P5*M5*N5/100) -> 0 | S5: 전기5-29 | AA5: =O5 -> 0.036
B6: 800 | C6: L001010101000075 | D6: 노 무 비 | E6: 내선전공 | F6: 인 | G6: =IF(H6*I6/100+0.000005 <1, TRUNC(H6*I6/100+0.000005, 옵션!$E$13), TRUNC(H6*I6/100+0.000005, 옵션!$E$13)) -> 0.036 | H6: =옵션!$B$13 -> 100 | I6: =SUM(AA5:AA5) -> 0.036 | O6: =IF(I6*M6=0, "", I6*M6*(N6/100)) | Q6: =TRUNC(P6*M6*N6/100) -> 0 | Z6: 노임계 | AA6: =SUM(AA5:AA5) -> 0.036
B7: 공종줄 | D7: [ 제 4호 ] 파이프행가 22 C [식]
B8: 800 | C8: 3116210220135769 | D8: 스트롱앵커(내진) | E8: 3/8 | F8: 개 | G8: 1 | H8: =IF(I8<>0, G8-I8, "") -> 0 | I8: 1 | K8: 56900017016 | L8: 내선전공 | M8: 0.036 | N8: 100 | O8: =IF(I8*M8=0, "", I8*M8*(N8/100)) -> 0.036 | Q8: =TRUNC(P8*M8*N8/100) -> 0 | S8: 전기5-29 | AA8: =O8 -> 0.036
B9: 800 | C9: L001010101000075 | D9: 노 무 비 | E9: 내선전공 | F9: 인 | G9: =IF(H9*I9/100+0.000005 <1, TRUNC(H9*I9/100+0.000005, 옵션!$E$13), TRUNC(H9*I9/100+0.000005, 옵션!$E$13)) -> 0.036 | H9: =옵션!$B$13 -> 100 | I9: =SUM(AA8:AA8) -> 0.036 | O9: =IF(I9*M9=0, "", I9*M9*(N9/100)) | Q9: =TRUNC(P9*M9*N9/100) -> 0 | Z9: 노임계 | AA9: =SUM(AA8:AA8) -> 0.036
B10: 공종줄 | D10: [ 제 5호 ] 파이프행가 28 C [식]
B11: 800 | C11: 3116210220135769 | D11: 스트롱앵커(내진) | E11: 3/8 | F11: 개 | G11: 1 | H11: =IF(I11<>0, G11-I11, "") -> 0 | I11: 1 | K11: 56900017016 | L11: 내선전공 | M11: 0.036 | N11: 100 | O11: =IF(I11*M11=0, "", I11*M11*(N11/100)) -> 0.036 | Q11: =TRUNC(P11*M11*N11/100) -> 0 | S11: 전기5-29 | AA11: =O11 -> 0.036
B12: 800 | C12: L001010101000075 | D12: 노 무 비 | E12: 내선전공 | F12: 인 | G12: =IF(H12*I12/100+0.000005 <1, TRUNC(H12*I12/100+0.000005, 옵션!$E$13), TRUNC(H12*I12/100+0.000005, 옵션!$E$13)) -> 0.036 | H12: =옵션!$B$13 -> 100 | I12: =SUM(AA11:AA11) -> 0.036 | O12: =IF(I12*M12=0, "", I12*M12*(N12/100)) | Q12: =TRUNC(P12*M12*N12/100) -> 0 | Z12: 노임계 | AA12: =SUM(AA11:AA11) -> 0.036
B13: 공종줄 | D13: [ 제 6호 ] 파이프행가 36 C [식]
B14: 800 | C14: 3116210220135769 | D14: 스트롱앵커(내진) | E14: 3/8 | F14: 개 | G14: 1 | H14: =IF(I14<>0, G14-I14, "") -> 0 | I14: 1 | K14: 56900017016 | L14: 내선전공 | M14: 0.036 | N14: 100 | O14: =IF(I14*M14=0, "", I14*M14*(N14/100)) -> 0.036 | Q14: =TRUNC(P14*M14*N14/100) -> 0 | S14: 전기5-29 | AA14: =O14 -> 0.036
B15: 800 | C15: L001010101000075 | D15: 노 무 비 | E15: 내선전공 | F15: 인 | G15: =IF(H15*I15/100+0.000005 <1, TRUNC(H15*I15/100+0.000005, 옵션!$E$13), TRUNC(H15*I15/100+0.000005, 옵션!$E$13)) -> 0.036 | H15: =옵션!$B$13 -> 100 | I15: =SUM(AA14:AA14) -> 0.036 | O15: =IF(I15*M15=0, "", I15*M15*(N15/100)) | Q15: =TRUNC(P15*M15*N15/100) -> 0 | Z15: 노임계 | AA15: =SUM(AA14:AA14) -> 0.036
B16: 공종줄 | D16: [ 제 7호 ] 파이프행가 42 C [식]
B17: 800 | C17: 3116210220135769 | D17: 스트롱앵커(내진) | E17: 3/8 | F17: 개 | G17: 1 | H17: =IF(I17<>0, G17-I17, "") -> 0 | I17: 1 | K17: 56900017016 | L17: 내선전공 | M17: 0.036 | N17: 100 | O17: =IF(I17*M17=0, "", I17*M17*(N17/100)) -> 0.036 | Q17: =TRUNC(P17*M17*N17/100) -> 0 | S17: 전기5-29 | AA17: =O17 -> 0.036
B18: 800 | C18: L001010101000075 | D18: 노 무 비 | E18: 내선전공 | F18: 인 | G18: =IF(H18*I18/100+0.000005 <1, TRUNC(H18*I18/100+0.000005, 옵션!$E$13), TRUNC(H18*I18/100+0.000005, 옵션!$E$13)) -> 0.036 | H18: =옵션!$B$13 -> 100 | I18: =SUM(AA17:AA17) -> 0.036 | O18: =IF(I18*M18=0, "", I18*M18*(N18/100)) | Q18: =TRUNC(P18*M18*N18/100) -> 0 | Z18: 노임계 | AA18: =SUM(AA17:AA17) -> 0.036
B19: 공종줄 | D19: [ 제 8호 ] 파이프행가 54 C [식]
B20: 800 | C20: 3116210220135769 | D20: 스트롱앵커(내진) | E20: 3/8 | F20: 개 | G20: 1 | H20: =IF(I20<>0, G20-I20, "") -> 0 | I20: 1 | K20: 56900017016 | L20: 내선전공 | M20: 0.036 | N20: 100 | O20: =IF(I20*M20=0, "", I20*M20*(N20/100)) -> 0.036 | Q20: =TRUNC(P20*M20*N20/100) -> 0 | S20: 전기5-29 | AA20: =O20 -> 0.036
B21: 800 | C21: L001010101000075 | D21: 노 무 비 | E21: 내선전공 | F21: 인 | G21: =IF(H21*I21/100+0.000005 <1, TRUNC(H21*I21/100+0.000005, 옵션!$E$13), TRUNC(H21*I21/100+0.000005, 옵션!$E$13)) -> 0.036 | H21: =옵션!$B$13 -> 100 | I21: =SUM(AA20:AA20) -> 0.036 | O21: =IF(I21*M21=0, "", I21*M21*(N21/100)) | Q21: =TRUNC(P21*M21*N21/100) -> 0 | Z21: 노임계 | AA21: =SUM(AA20:AA20) -> 0.036
B22: 공종줄 | D22: [ 제 9호 ] 파이프행가 70 C [식]
B23: 800 | C23: 3116210220135769 | D23: 스트롱앵커(내진) | E23: 3/8 | F23: 개 | G23: 1 | H23: =IF(I23<>0, G23-I23, "") -> 0 | I23: 1 | K23: 56900017016 | L23: 내선전공 | M23: 0.036 | N23: 100 | O23: =IF(I23*M23=0, "", I23*M23*(N23/100)) -> 0.036 | Q23: =TRUNC(P23*M23*N23/100) -> 0 | S23: 전기5-29 | AA23: =O23 -> 0.036
B24: 800 | C24: L001010101000075 | D24: 노 무 비 | E24: 내선전공 | F24: 인 | G24: =IF(H24*I24/100+0.000005 <1, TRUNC(H24*I24/100+0.000005, 옵션!$E$13), TRUNC(H24*I24/100+0.000005, 옵션!$E$13)) -> 0.036 | H24: =옵션!$B$13 -> 100 | I24: =SUM(AA23:AA23) -> 0.036 | O24: =IF(I24*M24=0, "", I24*M24*(N24/100)) | Q24: =TRUNC(P24*M24*N24/100) -> 0 | Z24: 노임계 | AA24: =SUM(AA23:AA23) -> 0.036
B25: 공종줄 | D25: [ 제 10호 ] 케이블트레이지지대 W200-1단 [식]
B26: 800 | C26: 3116210220135769 | D26: 스트롱앵커(내진) | E26: 3/8 | F26: 개 | G26: 2 | H26: =IF(I26<>0, G26-I26, "") -> 0 | I26: 2 | K26: 56900017016 | L26: 내선전공 | M26: 0.036 | N26: 100 | O26: =IF(I26*M26=0, "", I26*M26*(N26/100)) -> 0.072 | Q26: =TRUNC(P26*M26*N26/100) -> 0 | S26: 전기5-29 | AA26: =O26 -> 0.072
B27: 800 | C27: L001010101000075 | D27: 노 무 비 | E27: 내선전공 | F27: 인 | G27: =IF(H27*I27/100+0.000005 <1, TRUNC(H27*I27/100+0.000005, 옵션!$E$13), TRUNC(H27*I27/100+0.000005, 옵션!$E$13)) -> 0.072 | H27: =옵션!$B$13 -> 100 | I27: =SUM(AA26:AA26) -> 0.072 | O27: =IF(I27*M27=0, "", I27*M27*(N27/100)) | Q27: =TRUNC(P27*M27*N27/100) -> 0 | Z27: 노임계 | AA27: =SUM(AA26:AA26) -> 0.072
B28: 공종줄 | D28: [ 제 11호 ] 케이블트레이지지대 W300-1단 [식]
B29: 800 | C29: 3116210220135769 | D29: 스트롱앵커(내진) | E29: 3/8 | F29: 개 | G29: 2 | H29: =IF(I29<>0, G29-I29, "") -> 0 | I29: 2 | K29: 56900017016 | L29: 내선전공 | M29: 0.036 | N29: 100 | O29: =IF(I29*M29=0, "", I29*M29*(N29/100)) -> 0.072 | Q29: =TRUNC(P29*M29*N29/100) -> 0 | S29: 전기5-29 | AA29: =O29 -> 0.072
B30: 800 | C30: L001010101000075 | D30: 노 무 비 | E30: 내선전공 | F30: 인 | G30: =IF(H30*I30/100+0.000005 <1, TRUNC(H30*I30/100+0.000005, 옵션!$E$13), TRUNC(H30*I30/100+0.000005, 옵션!$E$13)) -> 0.072 | H30: =옵션!$B$13 -> 100 | I30: =SUM(AA29:AA29) -> 0.072 | O30: =IF(I30*M30=0, "", I30*M30*(N30/100)) | Q30: =TRUNC(P30*M30*N30/100) -> 0 | Z30: 노임계 | AA30: =SUM(AA29:AA29) -> 0.072
B31: 공종줄 | D31: [ 제 12호 ] 케이블트레이지지대 W800-1단 [식]
B32: 800 | C32: 3116210220135769 | D32: 스트롱앵커(내진) | E32: 3/8 | F32: 개 | G32: 2 | H32: =IF(I32<>0, G32-I32, "") -> 0 | I32: 2 | K32: 56900017016 | L32: 내선전공 | M32: 0.036 | N32: 100 | O32: =IF(I32*M32=0, "", I32*M32*(N32/100)) -> 0.072 | Q32: =TRUNC(P32*M32*N32/100) -> 0 | S32: 전기5-29 | AA32: =O32 -> 0.072
B33: 800 | C33: L001010101000075 | D33: 노 무 비 | E33: 내선전공 | F33: 인 | G33: =IF(H33*I33/100+0.000005 <1, TRUNC(H33*I33/100+0.000005, 옵션!$E$13), TRUNC(H33*I33/100+0.000005, 옵션!$E$13)) -> 0.072 | H33: =옵션!$B$13 -> 100 | I33: =SUM(AA32:AA32) -> 0.072 | O33: =IF(I33*M33=0, "", I33*M33*(N33/100)) | Q33: =TRUNC(P33*M33*N33/100) -> 0 | Z33: 노임계 | AA33: =SUM(AA32:AA32) -> 0.072
B34: 공종줄 | D34: [ 제 13호 ] EPS SUPPORT W800-1단 [식]
B35: 800 | C35: 3116210220135769 | D35: 스트롱앵커(내진) | E35: 3/8 | F35: 개 | G35: 2 | H35: =IF(I35<>0, G35-I35, "") -> 0 | I35: 2 | K35: 56900017016 | L35: 내선전공 | M35: 0.036 | N35: 100 | O35: =IF(I35*M35=0, "", I35*M35*(N35/100)) -> 0.072 | Q35: =TRUNC(P35*M35*N35/100) -> 0 | S35: 전기5-29 | AA35: =O35 -> 0.072
B36: 800 | C36: L001010101000075 | D36: 노 무 비 | E36: 내선전공 | F36: 인 | G36: =IF(H36*I36/100+0.000005 <1, TRUNC(H36*I36/100+0.000005, 옵션!$E$13), TRUNC(H36*I36/100+0.000005, 옵션!$E$13)) -> 0.072 | H36: =옵션!$B$13 -> 100 | I36: =SUM(AA35:AA35) -> 0.072 | O36: =IF(I36*M36=0, "", I36*M36*(N36/100)) | Q36: =TRUNC(P36*M36*N36/100) -> 0 | Z36: 노임계 | AA36: =SUM(AA35:AA35) -> 0.072
B37: 공종줄 | D37: [ 제 14호 ] 동력배관지지가대 28C [식]
B38: 800 | C38: 3116210220135750 | D38: 셋트앵커 | E38: M25×L250mm | F38: 개 | G38: 4 | H38: =IF(I38<>0, G38-I38, "") -> 0 | I38: 4 | K38: 56900017016 | L38: 내선전공 | M38: 0.23 | N38: 100 | O38: =IF(I38*M38=0, "", I38*M38*(N38/100)) -> 0.92 | Q38: =TRUNC(P38*M38*N38/100) -> 0 | S38: 전기5-29 | AA38: =O38 -> 0.92
B39: 800 | C39: L001010101000075 | D39: 노 무 비 | E39: 내선전공 | F39: 인 | G39: =IF(H39*I39/100+0.000005 <1, TRUNC(H39*I39/100+0.000005, 옵션!$E$13), TRUNC(H39*I39/100+0.000005, 옵션!$E$13)) -> 0.92 | H39: =옵션!$B$13 -> 100 | I39: =SUM(AA38:AA38) -> 0.92 | O39: =IF(I39*M39=0, "", I39*M39*(N39/100)) | Q39: =TRUNC(P39*M39*N39/100) -> 0 | Z39: 노임계 | AA39: =SUM(AA38:AA38) -> 0.92
B40: 공종줄 | D40: [ 제 15호 ] 동력배관지지가대 36C [식]
B41: 800 | C41: 3116210220135750 | D41: 셋트앵커 | E41: M25×L250mm | F41: 개 | G41: 4 | H41: =IF(I41<>0, G41-I41, "") -> 0 | I41: 4 | K41: 56900017016 | L41: 내선전공 | M41: 0.23 | N41: 100 | O41: =IF(I41*M41=0, "", I41*M41*(N41/100)) -> 0.92 | Q41: =TRUNC(P41*M41*N41/100) -> 0 | S41: 전기5-29 | AA41: =O41 -> 0.92
B42: 800 | C42: L001010101000075 | D42: 노 무 비 | E42: 내선전공 | F42: 인 | G42: =IF(H42*I42/100+0.000005 <1, TRUNC(H42*I42/100+0.000005, 옵션!$E$13), TRUNC(H42*I42/100+0.000005, 옵션!$E$13)) -> 0.92 | H42: =옵션!$B$13 -> 100 | I42: =SUM(AA41:AA41) -> 0.92 | O42: =IF(I42*M42=0, "", I42*M42*(N42/100)) | Q42: =TRUNC(P42*M42*N42/100) -> 0 | Z42: 노임계 | AA42: =SUM(AA41:AA41) -> 0.92
B43: 공종줄 | D43: [ 제 16호 ] 동력배관지지가대 42C [식]
B44: 800 | C44: 3116210220135750 | D44: 셋트앵커 | E44: M25×L250mm | F44: 개 | G44: 4 | H44: =IF(I44<>0, G44-I44, "") -> 0 | I44: 4 | K44: 56900017016 | L44: 내선전공 | M44: 0.23 | N44: 100 | O44: =IF(I44*M44=0, "", I44*M44*(N44/100)) -> 0.92 | Q44: =TRUNC(P44*M44*N44/100) -> 0 | S44: 전기5-29 | AA44: =O44 -> 0.92
B45: 800 | C45: L001010101000075 | D45: 노 무 비 | E45: 내선전공 | F45: 인 | G45: =IF(H45*I45/100+0.000005 <1, TRUNC(H45*I45/100+0.000005, 옵션!$E$13), TRUNC(H45*I45/100+0.000005, 옵션!$E$13)) -> 0.92 | H45: =옵션!$B$13 -> 100 | I45: =SUM(AA44:AA44) -> 0.92 | O45: =IF(I45*M45=0, "", I45*M45*(N45/100)) | Q45: =TRUNC(P45*M45*N45/100) -> 0 | Z45: 노임계 | AA45: =SUM(AA44:AA44) -> 0.92
B46: 공종줄 | D46: [ 제 17호 ] 동력배관지지가대 54C [식]
B47: 800 | C47: 3116210220135750 | D47: 셋트앵커 | E47: M25×L250mm | F47: 개 | G47: 4 | H47: =IF(I47<>0, G47-I47, "") -> 0 | I47: 4 | K47: 56900017016 | L47: 내선전공 | M47: 0.23 | N47: 100 | O47: =IF(I47*M47=0, "", I47*M47*(N47/100)) -> 0.92 | Q47: =TRUNC(P47*M47*N47/100) -> 0 | S47: 전기5-29 | AA47: =O47 -> 0.92
B48: 800 | C48: L001010101000075 | D48: 노 무 비 | E48: 내선전공 | F48: 인 | G48: =IF(H48*I48/100+0.000005 <1, TRUNC(H48*I48/100+0.000005, 옵션!$E$13), TRUNC(H48*I48/100+0.000005, 옵션!$E$13)) -> 0.92 | H48: =옵션!$B$13 -> 100 | I48: =SUM(AA47:AA47) -> 0.92 | O48: =IF(I48*M48=0, "", I48*M48*(N48/100)) | Q48: =TRUNC(P48*M48*N48/100) -> 0 | Z48: 노임계 | AA48: =SUM(AA47:AA47) -> 0.92
B49: 공종줄 | D49: [ 제 18호 ] 맨 홀 1000x1000x1000 [식]
B50: 800 | C50: 3012169821869019 | D50: 맨홀 | E50: 1000x1000x1000 | F50: 조 | G50: 1 | H50: =IF(I50<>0, G50-I50, "") -> 0 | I50: 1 | K50: 56900017118 | L50: 특별인부 | M50: 1.33 | N50: 100 | O50: =IF(I50*M50=0, "", I50*M50*(N50/100)) -> 1.33 | Q50: =TRUNC(P50*M50*N50/100) -> 0 | S50: 전기4-43-3 | AI50: =O50 -> 1.33
B51: 800 | C51: 3012169821869019 | G51: 1 | H51: =IF(I51<>0, G51-I51, "") -> 0 | I51: 1 | K51: 56900017074 | L51: 작업반장 | M51: 0.34 | N51: 100 | O51: =IF(I51*M51=0, "", I51*M51*(N51/100)) -> 0.34 | Q51: =TRUNC(P51*M51*N51/100) -> 0 | S51: 전기4-43-3 | AL51: =O51 -> 0.34
B52: 800 | C52: 3012169821869019 | G52: 1 | H52: =IF(I52<>0, G52-I52, "") -> 0 | I52: 1 | K52: 56900017091 | L52: 줄눈공 | M52: 0.05 | N52: 100 | O52: =IF(I52*M52=0, "", I52*M52*(N52/100)) -> 0.05 | Q52: =TRUNC(P52*M52*N52/100) -> 0 | S52: 전기4-43-3 | AK52: =O52 -> 0.05
B53: 800 | C53: 3012169821869024 | D53: 핸드홀카바 | E53: 통신용 | F53: 기 | G53: 1 | H53: =IF(I53<>0, G53-I53, "") -> 0 | I53: 1 | K53: 56900017115 | L53: 통신외선공 | M53: 0.78 | N53: 100 | O53: =IF(I53*M53=0, "", I53*M53*(N53/100)) -> 0.78 | Q53: =TRUNC(P53*M53*N53/100) -> 0 | S53: 통신2-3-2 | AG53: =O53 -> 0.78
B54: 800 | C54: 3012169821869024 | G54: 1 | H54: =IF(I54<>0, G54-I54, "") -> 0 | I54: 1 | K54: 56900017041 | L54: 보통인부 | M54: 0.39 | N54: 100 | O54: =IF(I54*M54=0, "", I54*M54*(N54/100)) -> 0.39 | Q54: =TRUNC(P54*M54*N54/100) -> 0 | S54: 통신2-3-2 | AH54: =O54 -> 0.39
B55: 800 | C55: 3912161310034844 | D55: 접지봉 | E55: 14Φ×1000 mm | F55: 개 | G55: 1 | H55: =IF(I55<>0, G55-I55, "") -> 0 | I55: 1 | K55: 56900017016 | L55: 내선전공 | M55: 0.11 | N55: 100 | O55: =IF(I55*M55=0, "", I55*M55*(N55/100)) -> 0.11 | Q55: =TRUNC(P55*M55*N55/100) -> 0 | S55: 전기3-38 | AA55: =O55 -> 0.11
B56: 800 | C56: 3912161310034844 | G56: 1 | H56: =IF(I56<>0, G56-I56, "") -> 0 | I56: 1 | K56: 56900017041 | L56: 보통인부 | M56: 0.08 | N56: 100 | O56: =IF(I56*M56=0, "", I56*M56*(N56/100)) -> 0.08 | Q56: =TRUNC(P56*M56*N56/100) -> 0 | S56: 전기3-38 | AH56: =O56 -> 0.08
B57: 800 | C57: 2612152420683701 | D57: 접지용비닐절연전선(F-GV) | E57: 35㎟ | F57: M | G57: 5 | H57: =IF(I57<>0, G57-I57, "") -> 0 | I57: 5 | J57: 10 | K57: 56900017016 | L57: 내선전공 | M57: 0.007 | N57: 100 | O57: =IF(I57*M57=0, "", I57*M57*(N57/100)) -> 0.035 | Q57: =TRUNC(P57*M57*N57/100) -> 0 | S57: 전기3-38 | AA57: =O57 -> 0.035
B58: 800 | C58: 3912170120174007 | D58: 케이블받침대 | E58: 75x40x5x750 | F58: EA | G58: 2 | H58: =IF(I58<>0, G58-I58, "") -> 0 | I58: 2 | K58: 56900017031 | L58: 배전전공 | M58: 0.22 | N58: 100 | O58: =IF(I58*M58=0, "", I58*M58*(N58/100)) -> 0.44 | Q58: =TRUNC(P58*M58*N58/100) -> 0 | S58: 전기4-39 | AE58: =O58 -> 0.44
B59: 800 | C59: 3912170120174007 | G59: 2 | H59: =IF(I59<>0, G59-I59, "") -> 0 | I59: 2 | K59: 56900017041 | L59: 보통인부 | M59: 0.11 | N59: 100 | O59: =IF(I59*M59=0, "", I59*M59*(N59/100)) -> 0.22 | Q59: =TRUNC(P59*M59*N59/100) -> 0 | S59: 전기4-39 | AH59: =O59 -> 0.22
B60: 800 | C60: L001010101000075 | D60: 노 무 비 | E60: 내선전공 | F60: 인 | G60: =IF(H60*I60/100+0.000005 <1, TRUNC(H60*I60/100+0.000005, 옵션!$E$13), TRUNC(H60*I60/100+0.000005, 옵션!$E$13)) -> 0.145 | H60: =옵션!$B$13 -> 100 | I60: =SUM(AA50:AA59) -> 0.145 | O60: =IF(I60*M60=0, "", I60*M60*(N60/100)) | Q60: =TRUNC(P60*M60*N60/100) -> 0 | Z60: 노임계 | AA60: =SUM(AA50:AA59) -> 0.145 | AE60: =SUM(AE50:AE59) -> 0.44 | AG60: =SUM(AG50:AG59) -> 0.78 | AH60: =SUM(AH50:AH59) -> 0.69 | AI60: =SUM(AI50:AI59) -> 1.33 | AK60: =SUM(AK50:AK59) -> 0.05 | AL60: =SUM(AL50:AL59) -> 0.34
B61: 800 | C61: L001010101000081 | D61: 노 무 비 | E61: 배전전공 | F61: 인 | G61: =IF(H61*I61/100+0.000005 <1, TRUNC(H61*I61/100+0.000005, 옵션!$E$13), TRUNC(H61*I61/100+0.000005, 옵션!$E$13)) -> 0.44 | H61: =옵션!$B$13 -> 100 | I61: =SUM(AE50:AE59) -> 0.44 | O61: =IF(I61*M61=0, "", I61*M61*(N61/100)) | Q61: =TRUNC(P61*M61*N61/100) -> 0
B62: 800 | C62: L001010101000088 | D62: 노 무 비 | E62: 통신외선공 | F62: 인 | G62: =IF(H62*I62/100+0.000005 <1, TRUNC(H62*I62/100+0.000005, 옵션!$E$13), TRUNC(H62*I62/100+0.000005, 옵션!$E$13)) -> 0.78 | H62: =옵션!$B$13 -> 100 | I62: =SUM(AG50:AG59) -> 0.78 | O62: =IF(I62*M62=0, "", I62*M62*(N62/100)) | Q62: =TRUNC(P62*M62*N62/100) -> 0
B63: 800 | C63: L001010101000002 | D63: 노 무 비 | E63: 보통인부 | F63: 인 | G63: =IF(H63*I63/100+0.000005 <1, TRUNC(H63*I63/100+0.000005, 옵션!$E$13), TRUNC(H63*I63/100+0.000005, 옵션!$E$13)) -> 0.69 | H63: =옵션!$B$13 -> 100 | I63: =SUM(AH50:AH59) -> 0.69 | O63: =IF(I63*M63=0, "", I63*M63*(N63/100)) | Q63: =TRUNC(P63*M63*N63/100) -> 0
B64: 800 | C64: L001010101000003 | D64: 노 무 비 | E64: 특별인부 | F64: 인 | G64: =IF(H64*I64/100+0.000005 <1, TRUNC(H64*I64/100+0.000005, 옵션!$E$13), TRUNC(H64*I64/100+0.000005, 옵션!$E$13)) -> 1.33 | H64: =옵션!$B$13 -> 100 | I64: =SUM(AI50:AI59) -> 1.33 | O64: =IF(I64*M64=0, "", I64*M64*(N64/100)) | Q64: =TRUNC(P64*M64*N64/100) -> 0
B65: 800 | C65: L001010101000034 | D65: 노 무 비 | E65: 줄눈공 | F65: 인 | G65: =IF(H65*I65/100+0.000005 <1, TRUNC(H65*I65/100+0.000005, 옵션!$E$13), TRUNC(H65*I65/100+0.000005, 옵션!$E$13)) -> 0.05 | H65: =옵션!$B$13 -> 100 | I65: =SUM(AK50:AK59) -> 0.05 | O65: =IF(I65*M65=0, "", I65*M65*(N65/100)) | Q65: =TRUNC(P65*M65*N65/100) -> 0
B66: 800 | C66: L001010101000001 | D66: 노 무 비 | E66: 작업반장 | F66: 인 | G66: =IF(H66*I66/100+0.000005 <1, TRUNC(H66*I66/100+0.000005, 옵션!$E$13), TRUNC(H66*I66/100+0.000005, 옵션!$E$13)) -> 0.34 | H66: =옵션!$B$13 -> 100 | I66: =SUM(AL50:AL59) -> 0.34 | O66: =IF(I66*M66=0, "", I66*M66*(N66/100)) | Q66: =TRUNC(P66*M66*N66/100) -> 0
B67: 공종줄 | D67: [ 제 19호 ] 맨 홀 1500x1500x1500 [식]
B68: 800 | C68: 3012169821869320 | D68: 맨홀 | E68: 1500x1500x1500 | F68: 조 | G68: 1 | H68: =IF(I68<>0, G68-I68, "") -> 0 | I68: 1 | K68: 56900017118 | L68: 특별인부 | M68: 1.33 | N68: 100 | O68: =IF(I68*M68=0, "", I68*M68*(N68/100)) -> 1.33 | Q68: =TRUNC(P68*M68*N68/100) -> 0 | S68: 전기4-43-3 | AI68: =O68 -> 1.33
B69: 800 | C69: 3012169821869320 | G69: 1 | H69: =IF(I69<>0, G69-I69, "") -> 0 | I69: 1 | K69: 56900017074 | L69: 작업반장 | M69: 0.34 | N69: 100 | O69: =IF(I69*M69=0, "", I69*M69*(N69/100)) -> 0.34 | Q69: =TRUNC(P69*M69*N69/100) -> 0 | S69: 전기4-43-3 | AL69: =O69 -> 0.34
B70: 800 | C70: 3012169821869320 | G70: 1 | H70: =IF(I70<>0, G70-I70, "") -> 0 | I70: 1 | K70: 56900017091 | L70: 줄눈공 | M70: 0.05 | N70: 100 | O70: =IF(I70*M70=0, "", I70*M70*(N70/100)) -> 0.05 | Q70: =TRUNC(P70*M70*N70/100) -> 0 | S70: 전기4-43-3 | AK70: =O70 -> 0.05
B71: 800 | C71: 3012169821869024 | D71: 핸드홀카바 | E71: 통신용 | F71: 기 | G71: 1 | H71: =IF(I71<>0, G71-I71, "") -> 0 | I71: 1 | K71: 56900017115 | L71: 통신외선공 | M71: 0.78 | N71: 100 | O71: =IF(I71*M71=0, "", I71*M71*(N71/100)) -> 0.78 | Q71: =TRUNC(P71*M71*N71/100) -> 0 | S71: 통신2-3-2 | AG71: =O71 -> 0.78
B72: 800 | C72: 3012169821869024 | G72: 1 | H72: =IF(I72<>0, G72-I72, "") -> 0 | I72: 1 | K72: 56900017041 | L72: 보통인부 | M72: 0.39 | N72: 100 | O72: =IF(I72*M72=0, "", I72*M72*(N72/100)) -> 0.39 | Q72: =TRUNC(P72*M72*N72/100) -> 0 | S72: 통신2-3-2 | AH72: =O72 -> 0.39
B73: 800 | C73: 3912161310034844 | D73: 접지봉 | E73: 14Φ×1000 mm | F73: 개 | G73: 1 | H73: =IF(I73<>0, G73-I73, "") -> 0 | I73: 1 | K73: 56900017016 | L73: 내선전공 | M73: 0.11 | N73: 100 | O73: =IF(I73*M73=0, "", I73*M73*(N73/100)) -> 0.11 | Q73: =TRUNC(P73*M73*N73/100) -> 0 | S73: 전기3-38 | AA73: =O73 -> 0.11
B74: 800 | C74: 3912161310034844 | G74: 1 | H74: =IF(I74<>0, G74-I74, "") -> 0 | I74: 1 | K74: 56900017041 | L74: 보통인부 | M74: 0.08 | N74: 100 | O74: =IF(I74*M74=0, "", I74*M74*(N74/100)) -> 0.08 | Q74: =TRUNC(P74*M74*N74/100) -> 0 | S74: 전기3-38 | AH74: =O74 -> 0.08
B75: 800 | C75: 2612152420683701 | D75: 접지용비닐절연전선(F-GV) | E75: 35㎟ | F75: M | G75: 5 | H75: =IF(I75<>0, G75-I75, "") -> 0 | I75: 5 | J75: 10 | K75: 56900017016 | L75: 내선전공 | M75: 0.007 | N75: 100 | O75: =IF(I75*M75=0, "", I75*M75*(N75/100)) -> 0.035 | Q75: =TRUNC(P75*M75*N75/100) -> 0 | S75: 전기3-38 | AA75: =O75 -> 0.035
B76: 800 | C76: L001010101000075 | D76: 노 무 비 | E76: 내선전공 | F76: 인 | G76: =IF(H76*I76/100+0.000005 <1, TRUNC(H76*I76/100+0.000005, 옵션!$E$13), TRUNC(H76*I76/100+0.000005, 옵션!$E$13)) -> 0.145 | H76: =옵션!$B$13 -> 100 | I76: =SUM(AA68:AA75) -> 0.145 | O76: =IF(I76*M76=0, "", I76*M76*(N76/100)) | Q76: =TRUNC(P76*M76*N76/100) -> 0 | Z76: 노임계 | AA76: =SUM(AA68:AA75) -> 0.145 | AG76: =SUM(AG68:AG75) -> 0.78 | AH76: =SUM(AH68:AH75) -> 0.47 | AI76: =SUM(AI68:AI75) -> 1.33 | AK76: =SUM(AK68:AK75) -> 0.05 | AL76: =SUM(AL68:AL75) -> 0.34
B77: 800 | C77: L001010101000088 | D77: 노 무 비 | E77: 통신외선공 | F77: 인 | G77: =IF(H77*I77/100+0.000005 <1, TRUNC(H77*I77/100+0.000005, 옵션!$E$13), TRUNC(H77*I77/100+0.000005, 옵션!$E$13)) -> 0.78 | H77: =옵션!$B$13 -> 100 | I77: =SUM(AG68:AG75) -> 0.78 | O77: =IF(I77*M77=0, "", I77*M77*(N77/100)) | Q77: =TRUNC(P77*M77*N77/100) -> 0
B78: 800 | C78: L001010101000002 | D78: 노 무 비 | E78: 보통인부 | F78: 인 | G78: =IF(H78*I78/100+0.000005 <1, TRUNC(H78*I78/100+0.000005, 옵션!$E$13), TRUNC(H78*I78/100+0.000005, 옵션!$E$13)) -> 0.47 | H78: =옵션!$B$13 -> 100 | I78: =SUM(AH68:AH75) -> 0.47 | O78: =IF(I78*M78=0, "", I78*M78*(N78/100)) | Q78: =TRUNC(P78*M78*N78/100) -> 0
B79: 800 | C79: L001010101000003 | D79: 노 무 비 | E79: 특별인부 | F79: 인 | G79: =IF(H79*I79/100+0.000005 <1, TRUNC(H79*I79/100+0.000005, 옵션!$E$13), TRUNC(H79*I79/100+0.000005, 옵션!$E$13)) -> 1.33 | H79: =옵션!$B$13 -> 100 | I79: =SUM(AI68:AI75) -> 1.33 | O79: =IF(I79*M79=0, "", I79*M79*(N79/100)) | Q79: =TRUNC(P79*M79*N79/100) -> 0
B80: 800 | C80: L001010101000034 | D80: 노 무 비 | E80: 줄눈공 | F80: 인 | G80: =IF(H80*I80/100+0.000005 <1, TRUNC(H80*I80/100+0.000005, 옵션!$E$13), TRUNC(H80*I80/100+0.000005, 옵션!$E$13)) -> 0.05 | H80: =옵션!$B$13 -> 100 | I80: =SUM(AK68:AK75) -> 0.05 | O80: =IF(I80*M80=0, "", I80*M80*(N80/100)) | Q80: =TRUNC(P80*M80*N80/100) -> 0
B81: 800 | C81: L001010101000001 | D81: 노 무 비 | E81: 작업반장 | F81: 인 | G81: =IF(H81*I81/100+0.000005 <1, TRUNC(H81*I81/100+0.000005, 옵션!$E$13), TRUNC(H81*I81/100+0.000005, 옵션!$E$13)) -> 0.34 | H81: =옵션!$B$13 -> 100 | I81: =SUM(AL68:AL75) -> 0.34 | O81: =IF(I81*M81=0, "", I81*M81*(N81/100)) | Q81: =TRUNC(P81*M81*N81/100) -> 0
B82: 공종줄 | D82: [ 제 20호 ] 접지공사 TEST [식]
B83: 800 | C83: 3912161310034844 | D83: 접지봉 | E83: 14Φ×1000 mm | F83: 개 | G83: 1 | H83: =IF(I83<>0, G83-I83, "") -> 0 | I83: 1 | K83: 56900017016 | L83: 내선전공 | M83: 0.11 | N83: 100 | O83: =IF(I83*M83=0, "", I83*M83*(N83/100)) -> 0.11 | Q83: =TRUNC(P83*M83*N83/100) -> 0 | S83: 전기3-38 | AA83: =O83 -> 0.11
B84: 800 | C84: 3912161310034844 | G84: 1 | H84: =IF(I84<>0, G84-I84, "") -> 0 | I84: 1 | K84: 56900017041 | L84: 보통인부 | M84: 0.08 | N84: 100 | O84: =IF(I84*M84=0, "", I84*M84*(N84/100)) -> 0.08 | Q84: =TRUNC(P84*M84*N84/100) -> 0 | S84: 전기3-38 | AH84: =O84 -> 0.08
B85: 800 | C85: 2612152420683701 | D85: 접지용비닐절연전선(F-GV) | E85: 35㎟ | F85: M | G85: 3 | H85: =IF(I85<>0, G85-I85, "") -> 0 | I85: 3 | J85: 10 | K85: 56900017016 | L85: 내선전공 | M85: 0.007 | N85: 100 | O85: =IF(I85*M85=0, "", I85*M85*(N85/100)) -> 0.021 | Q85: =TRUNC(P85*M85*N85/100) -> 0 | S85: 전기3-38 | AA85: =O85 -> 0.021
B86: 800 | C86: L001010101000075 | D86: 노 무 비 | E86: 내선전공 | F86: 인 | G86: =IF(H86*I86/100+0.000005 <1, TRUNC(H86*I86/100+0.000005, 옵션!$E$13), TRUNC(H86*I86/100+0.000005, 옵션!$E$13)) -> 0.131 | H86: =옵션!$B$13 -> 100 | I86: =SUM(AA83:AA85) -> 0.131 | O86: =IF(I86*M86=0, "", I86*M86*(N86/100)) | Q86: =TRUNC(P86*M86*N86/100) -> 0 | Z86: 노임계 | AA86: =SUM(AA83:AA85) -> 0.131 | AH86: =SUM(AH83:AH85) -> 0.08
B87: 800 | C87: L001010101000002 | D87: 노 무 비 | E87: 보통인부 | F87: 인 | G87: =IF(H87*I87/100+0.000005 <1, TRUNC(H87*I87/100+0.000005, 옵션!$E$13), TRUNC(H87*I87/100+0.000005, 옵션!$E$13)) -> 0.08 | H87: =옵션!$B$13 -> 100 | I87: =SUM(AH83:AH85) -> 0.08 | O87: =IF(I87*M87=0, "", I87*M87*(N87/100)) | Q87: =TRUNC(P87*M87*N87/100) -> 0
B88: 공종줄 | D88: [ 제 21호 ] 관로구방수 D50 [식]
B89: 800 | C89: 3913170820935650 | D89: 관구밀폐기 | E89: 이종연결관Φ50mm | F89: 개 | G89: 1 | H89: =IF(I89<>0, G89-I89, "") -> 0 | I89: 1 | K89: 56900017117 | L89: 특고압케이블전공 | M89: 0.132 | N89: 100 | O89: =IF(I89*M89=0, "", I89*M89*(N89/100)) -> 0.132 | Q89: =TRUNC(P89*M89*N89/100) -> 0 | S89: 전기2-18 | AD89: =O89 -> 0.132
B90: 800 | C90: 3913170820935650 | G90: 1 | H90: =IF(I90<>0, G90-I90, "") -> 0 | I90: 1 | K90: 56900017041 | L90: 보통인부 | M90: 0.132 | N90: 100 | O90: =IF(I90*M90=0, "", I90*M90*(N90/100)) -> 0.132 | Q90: =TRUNC(P90*M90*N90/100) -> 0 | S90: 전기2-18 | AH90: =O90 -> 0.132
B91: 800 | C91: L001010101000076 | D91: 노 무 비 | E91: 특고압케이블전공 | F91: 인 | G91: =IF(H91*I91/100+0.000005 <1, TRUNC(H91*I91/100+0.000005, 옵션!$E$13), TRUNC(H91*I91/100+0.000005, 옵션!$E$13)) -> 0.132 | H91: =옵션!$B$13 -> 100 | I91: =SUM(AD89:AD90) -> 0.132 | O91: =IF(I91*M91=0, "", I91*M91*(N91/100)) | Q91: =TRUNC(P91*M91*N91/100) -> 0 | Z91: 노임계 | AD91: =SUM(AD89:AD90) -> 0.132 | AH91: =SUM(AH89:AH90) -> 0.132
B92: 800 | C92: L001010101000002 | D92: 노 무 비 | E92: 보통인부 | F92: 인 | G92: =IF(H92*I92/100+0.000005 <1, TRUNC(H92*I92/100+0.000005, 옵션!$E$13), TRUNC(H92*I92/100+0.000005, 옵션!$E$13)) -> 0.132 | H92: =옵션!$B$13 -> 100 | I92: =SUM(AH89:AH90) -> 0.132 | O92: =IF(I92*M92=0, "", I92*M92*(N92/100)) | Q92: =TRUNC(P92*M92*N92/100) -> 0
B93: 공종줄 | D93: [ 제 22호 ] 관로구방수 D65 [식]
B94: 800 | C94: 3913170820935651 | D94: 관구밀폐기 | E94: 이종연결관Φ65mm | F94: 개 | G94: 1 | H94: =IF(I94<>0, G94-I94, "") -> 0 | I94: 1 | K94: 56900017117 | L94: 특고압케이블전공 | M94: 0.132 | N94: 100 | O94: =IF(I94*M94=0, "", I94*M94*(N94/100)) -> 0.132 | Q94: =TRUNC(P94*M94*N94/100) -> 0 | S94: 전기2-18 | AD94: =O94 -> 0.132
B95: 800 | C95: 3913170820935651 | G95: 1 | H95: =IF(I95<>0, G95-I95, "") -> 0 | I95: 1 | K95: 56900017041 | L95: 보통인부 | M95: 0.132 | N95: 100 | O95: =IF(I95*M95=0, "", I95*M95*(N95/100)) -> 0.132 | Q95: =TRUNC(P95*M95*N95/100) -> 0 | S95: 전기2-18 | AH95: =O95 -> 0.132
B96: 800 | C96: L001010101000076 | D96: 노 무 비 | E96: 특고압케이블전공 | F96: 인 | G96: =IF(H96*I96/100+0.000005 <1, TRUNC(H96*I96/100+0.000005, 옵션!$E$13), TRUNC(H96*I96/100+0.000005, 옵션!$E$13)) -> 0.132 | H96: =옵션!$B$13 -> 100 | I96: =SUM(AD94:AD95) -> 0.132 | O96: =IF(I96*M96=0, "", I96*M96*(N96/100)) | Q96: =TRUNC(P96*M96*N96/100) -> 0 | Z96: 노임계 | AD96: =SUM(AD94:AD95) -> 0.132 | AH96: =SUM(AH94:AH95) -> 0.132
B97: 800 | C97: L001010101000002 | D97: 노 무 비 | E97: 보통인부 | F97: 인 | G97: =IF(H97*I97/100+0.000005 <1, TRUNC(H97*I97/100+0.000005, 옵션!$E$13), TRUNC(H97*I97/100+0.000005, 옵션!$E$13)) -> 0.132 | H97: =옵션!$B$13 -> 100 | I97: =SUM(AH94:AH95) -> 0.132 | O97: =IF(I97*M97=0, "", I97*M97*(N97/100)) | Q97: =TRUNC(P97*M97*N97/100) -> 0
B98: 공종줄 | D98: [ 제 23호 ] 관로구방수 D150 [식]
B99: 800 | C99: 3913170820935654 | D99: 관구밀폐기 | E99: 이종연결관Φ150m | F99: 개 | G99: 1 | H99: =IF(I99<>0, G99-I99, "") -> 0 | I99: 1 | K99: 56900017117 | L99: 특고압케이블전공 | M99: 0.132 | N99: 100 | O99: =IF(I99*M99=0, "", I99*M99*(N99/100)) -> 0.132 | Q99: =TRUNC(P99*M99*N99/100) -> 0 | S99: 전기2-18 | AD99: =O99 -> 0.132
B100: 800 | C100: 3913170820935654 | G100: 1 | H100: =IF(I100<>0, G100-I100, "") -> 0 | I100: 1 | K100: 56900017041 | L100: 보통인부 | M100: 0.132 | N100: 100 | O100: =IF(I100*M100=0, "", I100*M100*(N100/100)) -> 0.132 | Q100: =TRUNC(P100*M100*N100/100) -> 0 | S100: 전기2-18 | AH100: =O100 -> 0.132
...

Sheet 합산자재
B1: 367 | C1: [ 강릉시 입암동 통합공공임대주택 건립사업 신축공사 ] - 합산자재목록
A2: 번호 | B2: … | C2: 코드 | D2: 명 칭 | E2: 규 격 | F2: 단위 | G2: 수량 | H2: 재료비 | I2: 노무비 | J2: 경비 | K2: 지급비 | L2: 계 | M2: 비고
B4: 59751467012 | C4: 3913170610034965 | D4: 경질비닐전선관 | E4: HI 16 mm | F4: M | G4: 105.6 | H4: =ROUNDDOWN(단가조사!G4*옵션!$D$11, 0) -> 294 | L4: =SUM(H4,I4,J4) -> 294
B5: 59751467014 | C5: 3913170610034967 | D5: 경질비닐전선관 | E5: HI 28 mm | F5: M | G5: 46.2 | H5: =ROUNDDOWN(단가조사!G5*옵션!$D$11, 0) -> 700 | L5: =SUM(H5,I5,J5) -> 700
B6: 59751467015 | C6: 3913170610034968 | D6: 경질비닐전선관 | E6: HI 36 mm | F6: M | G6: 17.6 | H6: =ROUNDDOWN(단가조사!G6*옵션!$D$11, 0) -> 1007 | L6: =SUM(H6,I6,J6) -> 1007
B7: 59751467016 | C7: 3913170610034969 | D7: 경질비닐전선관 | E7: HI 42 mm | F7: M | G7: 215.6 | H7: =ROUNDDOWN(단가조사!G7*옵션!$D$11, 0) -> 1245 | L7: =SUM(H7,I7,J7) -> 1245
B8: 59753097002 | C8: 3913170610035664 | D8: 합성수지제 가요전선관 | E8: CD-난연성 16㎜ | F8: M | G8: 15360.4 | H8: =ROUNDDOWN(단가조사!G8*옵션!$D$11, 0) -> 168 | L8: =SUM(H8,I8,J8) -> 168
B9: 59753097003 | C9: 3913170610035665 | D9: 합성수지제 가요전선관 | E9: CD-난연성 22㎜ | F9: M | G9: 759 | H9: =ROUNDDOWN(단가조사!G9*옵션!$D$11, 0) -> 253 | L9: =SUM(H9,I9,J9) -> 253
B10: 59753178001 | C10: 3913170610035631 | D10: 파상형 폴리에틸렌 전선관 | E10: 30㎜ | F10: M | G10: 37.08 | H10: =ROUNDDOWN(단가조사!G10*옵션!$D$11, 0) -> 343 | L10: =SUM(H10,I10,J10) -> 343
B11: 59753178002 | C11: 3913170610035632 | D11: 파상형 폴리에틸렌 전선관 | E11: 40㎜ | F11: M | G11: 153.47 | H11: =ROUNDDOWN(단가조사!G11*옵션!$D$11, 0) -> 523 | L11: =SUM(H11,I11,J11) -> 523
B12: 59753178004 | C12: 3913170610035634 | D12: 파상형 폴리에틸렌 전선관 | E12: 65㎜ | F12: M | G12: 23.69 | H12: =ROUNDDOWN(단가조사!G12*옵션!$D$11, 0) -> 990 | L12: =SUM(H12,I12,J12) -> 990
B13: MMJ47055292 | C13: MMJ4705529200000 | D13: 파상형 폴리에틸렌 전선관 | E13: 125㎜-2열 포설 | F13: M | G13: 123.6 | H13: =ROUNDDOWN(단가조사!G13*옵션!$D$11, 0) -> 2796 | L13: =SUM(H13,I13,J13) -> 2796
B14: 59753017043 | C14: 3913170620174434 | D14: 1종금속제가요전선관 | E14: 커넥터, 16 mm 일반-비방수 | F14: 개 | G14: 2992 | H14: =ROUNDDOWN(단가조사!G14*옵션!$D$11, 0) -> 340 | L14: =SUM(H14,I14,J14) -> 340
B15: 59753017045 | C15: 3913170620174436 | D15: 1종금속제가요전선관 | E15: 커넥터, 28 mm 일반-비방수 | F15: 개 | G15: 2 | H15: =ROUNDDOWN(단가조사!G15*옵션!$D$11, 0) -> 545 | L15: =SUM(H15,I15,J15) -> 545
... B28: 59754887003 | C28: 3912139920409529 | D28: 발포지수제 | E28: D150 이하 | F28: 개 | G28: 2 | H28: =ROUNDDOWN(단가조사!G28*옵션!$D$11, 0) -> 30282 | L28: =SUM(H28,I28,J28) -> 30282
B29: 59754887006 | C29: 3912139920935638 | D29: 수밀보호테이프 | F29: 개 | G29: 4 | H29: =ROUNDDOWN(단가조사!G29*옵션!$D$11, 0) -> 2472 | L29: =SUM(H29,I29,J29) -> 2472
B30: 59754877102 | C30: 3913170820174926 | D30: 실링가스켓 | E30: D50 | F30: 개 | G30: 1 | H30: =ROUNDDOWN(단가조사!G30*옵션!$D$11, 0) -> 11752 | L30: =SUM(H30,I30,J30) -> 11752
B31: 59754877103 | C31: 3913170820174927 | D31: 실링가스켓 | E31: D65 | F31: 개 | G31: 1 | H31: =ROUNDDOWN(단가조사!G31*옵션!$D$11, 0) -> 13389 | L31: =SUM(H31,I31,J31) -> 13389
B32: 59754877107 | C32: 3913170820174931 | D32: 실링가스켓 | E32: D150 | F32: 개 | G32: 2 | H32: =ROUNDDOWN(단가조사!G32*옵션!$D$11, 0) -> 27097 | L32: =SUM(H32,I32,J32) -> 27097
B33: 59754877022 | C33: 3913170820935650 | D33: 관구밀폐기 | E33: 이종연결관Φ50mm | F33: 개 | G33: 1 | H33: =ROUNDDOWN(단가조사!G33*옵션!$D$11, 0) -> 2709 | L33: =SUM(H33,I33,J33) -> 2709
B34: 59754877023 | C34: 3913170820935651 | D34: 관구밀폐기 | E34: 이종연결관Φ65mm | F34: 개 | G34: 1 | H34: =ROUNDDOWN(단가조사!G34*옵션!$D$11, 0) -> 2978 | L34: =SUM(H34,I34,J34) -> 2978
B35: 59754877027 | C35: 3913170820935654 | D35: 관구밀폐기 | E35: 이종연결관Φ150m | F35: 개 | G35: 2 | H35: =ROUNDDOWN(단가조사!G35*옵션!$D$11, 0) -> 6773 | L35: =SUM(H35,I35,J35) -> 6773
B36: 59759017043 | C36: 3913170820176468 | D36: 강제전선관용 부품 | E36: 위샤캡, 28 C | F36: 개 | G36: 2 | H36: =ROUNDDOWN(단가조사!G36*옵션!$D$11, 0) -> 3043 | L36: =SUM(H36,I36,J36) -> 3043
B37: 59759027001 | C37: 3913170820935617 | D37: 경질비닐전선관용 부품 | E37: 노말밴드, 28 mm | F37: 개 | G37: 4 | H37: =ROUNDDOWN(단가조사!G37*옵션!$D$11, 0) -> 859 | L37: =SUM(H37,I37,J37) -> 859
B38: 59759027002 | C38: 3913170820935618 | D38: 경질비닐전선관용 부품 | E38: 노말밴드, 36 mm | F38: 개 | G38: 2 | H38: =ROUNDDOWN(단가조사!G38*옵션!$D$11, 0) -> 1009 | L38: =SUM(H38,I38,J38) -> 1009
B39: 59759027003 | C39: 3913170820935619 | D39: 경질비닐전선관용 부품 | E39: 노말밴드, 42 mm | F39: 개 | G39: 28 | H39: =ROUNDDOWN(단가조사!G39*옵션!$D$11, 0) -> 1335 | L39: =SUM(H39,I39,J39) -> 1335
B40: 59753767011 | C40: 3912130810035750 | D40: 아우트렛박스 | E40: 8각 54㎜ | F40: 개 | G40: 1073 | H40: =ROUNDDOWN(단가조사!G40*옵션!$D$11, 0) -> 627 | L40: =SUM(H40,I40,J40) -> 627
B41: 59753767041 | C41: 3912130810035753 | D41: 아우트렛박스 | E41: 중형4각 54㎜ | F41: 개 | G41: 179 | H41: =ROUNDDOWN(단가조사!G41*옵션!$D$11, 0) -> 730 | L41: =SUM(H41,I41,J41) -> 730
... B201: 59759027067 | C201: 3913170824691062 | D201: 노말밴드(나사없는 전선관용) | E201: E75 | F201: 개 | G201: 9 | H201: =ROUNDDOWN(단가조사!G201*옵션!$D$11, 0) -> 16888 | L201: =SUM(H201,I201,J201) -> 16888
B202: MMA07068976 | C202: InMastDBNonCode | D202: 다기능 접속 단자함 | F202: 개 | G202: 9 | H202: =ROUNDDOWN(단가조사!G202*옵션!$D$11, 0) -> 50000 | L202: =SUM(H202,I202,J202) -> 50000
B203: MMH02109318 | C203: InMastDBNonCode | D203: 카운터센서 | E203: 화장실 | F203: SET | G203: 4 | H203: =ROUNDDOWN(단가조사!G203*옵션!$D$11, 0) -> 50000 | L203: =SUM(H203,I203,J203) -> 50000
B204: MML40714719 | C204: InMastDBNonCode | D204: 이질슬리브 | E204: 수평도체 접합용 8mm | F204: EA | G204: 196 | H204: =ROUNDDOWN(단가조사!G204*옵션!$D$11, 0) -> 10000 | L204: =SUM(H204,I204,J204) -> 10000
B205: MMJ44189786 | C205: 3912130321650852 | D205: 구조체 연속성 측정용 단자함 | F205: 면 | G205: 2 | H205: =ROUNDDOWN(단가조사!G205*옵션!$D$11, 0) -> 136800 | L205: =SUM(H205,I205,J205) -> 136800
B206: MMJ31034907 | C206: InMastDBNonCode | D206: 통합콘센트 | E206: 일반4구/전화2/TV | F206: 개 | G206: 80 | H206: =ROUNDDOWN(단가조사!G206*옵션!$D$11, 0) -> 45000 | L206: =SUM(H206,I206,J206) -> 45000
B207: MMJ31190948 | C207: InMastDBNonCode | D207: 통합콘센트 | E207: 일반2구/전화2 | F207: 개 | G207: 20 | H207: =ROUNDDOWN(단가조사!G207*옵션!$D$11, 0) -> 45000 | L207: =SUM(H207,I207,J207) -> 45000
B208: MMH19862285 | C208: InMastDBNonCode | D208: 통합콘센트 | E208: 일반2/전화2/TV | F208: 개 | G208: 120 | H208: =ROUNDDOWN(단가조사!G208*옵션!$D$11, 0) -> 35000 | L208: =SUM(H208,I208,J208) -> 35000
B209: MMJ31034913 | C209: InMastDBNonCode | D209: 통합BOX | E209: 일반4구/전화2/TV | F209: 개 | G209: 20 | H209: =ROUNDDOWN(단가조사!G209*옵션!$D$11, 0) -> 4500 | L209: =SUM(H209,I209,J209) -> 4500
B210: MMJ31190949 | C210: InMastDBNonCode | D210: 통합BOX | E210: 일반2구/전화2 | F210: 개 | G210: 20 | H210: =ROUNDDOWN(단가조사!G210*옵션!$D$11, 0) -> 3840 | L210: =SUM(H210,I210,J210) -> 3840
B211: MMH19862286 | C211: InMastDBNonCode | D211: 통합BOX | E211: 일반2/전화2/TV | F211: 개 | G211: 116 | H211: =ROUNDDOWN(단가조사!G211*옵션!$D$11, 0) -> 4000 | L211: =SUM(H211,I211,J211) -> 4000
B212: MMJ31034916 | C212: InMastDBNonCode | D212: 결로 통합BOX | E212: 일반4구/전화2/TV | F212: 개 | G212: 60 | H212: =ROUNDDOWN(단가조사!G212*옵션!$D$11, 0) -> 1500 | L212: =SUM(H212,I212,J212) -> 1500
B213: MMH36101092 | C213: InMastDBNonCode | D213: 결로 통합BOX | E213: 일반2/전화2/TV | F213: 개 | G213: 4 | H213: =ROUNDDOWN(단가조사!G213*옵션!$D$11, 0) -> 1500 | L213: =SUM(H213,I213,J213) -> 1500
B214: MMH28528332 | C214: InMastDBNonCode | D214: 콘센트 | E214: 가로-접지형,15A 250V 2구 | F214: 개 | G214: 80 | H214: =ROUNDDOWN(단가조사!G214*옵션!$D$11, 0) -> 1345 | L214: =SUM(H214,I214,J214) -> 1345
B215: MMH28528333 | C215: InMastDBNonCode | D215: 결로BOX | E215: 1구 | F215: 개 | G215: 297 | H215: =ROUNDDOWN(단가조사!G215*옵션!$D$11, 0) -> 1300 | L215: =SUM(H215,I215,J215) -> 1300
B216: MMH28528334 | C216: InMastDBNonCode | D216: 결로BOX | E216: 2구 | F216: 개 | G216: 229 | H216: =ROUNDDOWN(단가조사!G216*옵션!$D$11, 0) -> 1500 | L216: =SUM(H216,I216,J216) -> 1500
B217: MMA12687311 | C217: 3912162120936731 | D217: STS 봉 | E217: 8Φ | F217: M | G217: 198 | H217: =ROUNDDOWN(단가조사!G217*옵션!$D$11, 0) -> 7000 | L217: =SUM(H217,I217,J217) -> 7000
B218: MMA12687312 | C218: InMastDBNonCode | D218: STS봉 지지금구 | E218: S1 | F218: 개소 | G218: 198 | H218: =ROUNDDOWN(단가조사!G218*옵션!$D$11, 0) -> 5000 | L218: =SUM(H218,I218,J218) -> 5000
B219: MMA12687313 | C219: InMastDBNonCode | D219: STS봉후렉시블 | F219: EA | G219: 9 | H219: =ROUNDDOWN(단가조사!G219*옵션!$D$11, 0) -> 13000 | L219: =SUM(H219,I219,J219) -> 13000
B220: MMA12687314 | C220: InMastDBNonCode | D220: STS봉연결커넥터 | E220: ￠ 8(-형) | F220: EA | G220: 99 | H220: =ROUNDDOWN(단가조사!G220*옵션!$D$11, 0) -> 3500 | L220: =SUM(H220,I220,J220) -> 3500
B221: MMH15519080 | C221: InMastDBNonCode | D221: 실외기단자대 | F221: EA | G221: 80 | H221: =ROUNDDOWN(단가조사!G221*옵션!$D$11, 0) -> 50000 | L221: =SUM(H221,I221,J221) -> 50000
B222: MMH15782169 | C222: InMastDBNonCode | D222: 세대분전반 | E222: 8회로+APU | F222: 면 | G222: 80 | H222: =ROUNDDOWN(단가조사!G222*옵션!$D$11, 0) -> 200350 | L222: =SUM(H222,I222,J222) -> 200350
B223: MMJ36167892 | C223: InMastDBNonCode | D223: 소방보존형 콘트롤러 | F223: 대 | G223: 1 | H223: =ROUNDDOWN(단가조사!G223*옵션!$D$11, 0) -> 14300000 | L223: =SUM(H223,I223,J223) -> 14300000
B224: MMJ50352961 | C224: InMastDBNonCode | D224: 매연저감장치 - 360KW 용 (ONLY | F224: 대 | G224: 1 | H224: =ROUNDDOWN(단가조사!G224*옵션!$D$11, 0) -> 13500000 | L224: =SUM(H224,I224,J224) -> 13500000
B225: MMJ36167824 | C225: InMastDBNonCode | D225: 배전반 | E225: HV-1 | F225: 면 | G225: 1 | H225: =ROUNDDOWN(단가조사!G225*옵션!$D$11, 0) -> 15623000 | L225: =SUM(H225,I225,J225) -> 15623000
B226: MMJ36167825 | C226: InMastDBNonCode | D226: 배전반 | E226: HV-2 | F226: 면 | G226: 1 | H226: =ROUNDDOWN(단가조사!G226*옵션!$D$11, 0) -> 18819000 | L226: =SUM(H226,I226,J226) -> 18819000
B227: MMJ36167832 | C227: InMastDBNonCode | D227: 배전반 | E227: TR-1 | F227: 면 | G227: 1 | H227: =ROUNDDOWN(단가조사!G227*옵션!$D$11, 0) -> 41612000 | L227: =SUM(H227,I227,J227) -> 41612000
B228: MMJ36167833 | C228: InMastDBNonCode | D228: 배전반 | E228: LV-1 | F228: 면 | G228: 1 | H228: =ROUNDDOWN(단가조사!G228*옵션!$D$11, 0) -> 26977000 | L228: =SUM(H228,I228,J228) -> 26977000
B229: MMJ36167834 | C229: InMastDBNonCode | D229: 배전반 | E229: LV-1-1 | F229: 면 | G229: 1 | H229: =ROUNDDOWN(단가조사!G229*옵션!$D$11, 0) -> 17281000 | L229: =SUM(H229,I229,J229) -> 17281000
B230: MMJ36167835 | C230: InMastDBNonCode | D230: 배전반 | E230: LV-1-2 | F230: 면 | G230: 1 | H230: =ROUNDDOWN(단가조사!G230*옵션!$D$11, 0) -> 20643000 | L230: =SUM(H230,I230,J230) -> 20643000
B231: MM038600833 | C231: InMastDBNonCode | D231: 배전반 | E231: LV-1-3 | F231: 면 | G231: 1 | H231: =ROUNDDOWN(단가조사!G231*옵션!$D$11, 0) -> 17281000 | L231: =SUM(H231,I231,J231) -> 17281000
B232: MMH36186252 | C232: InMastDBNonCode | D232: 조명기구 TYPE D | E232: LED40W(매입등) | F232: SET | G232: 35 | H232: =ROUNDDOWN(단가조사!G232*옵션!$D$11, 0) -> 88000 | L232: =SUM(H232,I232,J232) -> 88000
B233: MMH36186253 | C233: InMastDBNonCode | D233: 조명기구 TYPE E | E233: LED15W(D.L) | F233: SET | G233: 4 | H233: =ROUNDDOWN(단가조사!G233*옵션!$D$11, 0) -> 40000 | L233: =SUM(H233,I233,J233) -> 40000
B234: MMH36186254 | C234: InMastDBNonCode | D234: 조명기구 TYPE F | E234: LED15W(비상D.L) | F234: SET | G234: 1 | H234: =ROUNDDOWN(단가조사!G234*옵션!$D$11, 0) -> 40000 | L234: =SUM(H234,I234,J234) -> 40000
B235: MMH38522357 | C235: InMastDBNonCode | D235: 조명기구 TYPE 공용부 | E235: LED15W(센서등) | F235: SET | G235: 122 | H235: =ROUNDDOWN(단가조사!G235*옵션!$D$11, 0) -> 55000 | L235: =SUM(H235,I235,J235) -> 55000
B236: MMH38522358 | C236: InMastDBNonCode | D236: 조명기구 TYPE 공용부 | E236: LED15W(비상센서) | F236: SET | G236: 42 | H236: =ROUNDDOWN(단가조사!G236*옵션!$D$11, 0) -> 55000 | L236: =SUM(H236,I236,J236) -> 55000
B237: MMH36101103 | C237: InMastDBNonCode | D237: 조명기구 TYPE 세대 | E237: LED10W(욕실D.L) | F237: SET | G237: 76 | H237: =ROUNDDOWN(단가조사!G237*옵션!$D$11, 0) -> 50000 | L237: =SUM(H237,I237,J237) -> 50000
B238: MMJ50615313 | C238: InMastDBNonCode | D238: 태양광 발전장치(DPVQMax-EK30) | E238: 30kW급 | F238: EA | G238: 1 | H238: =ROUNDDOWN(단가조사!G238*옵션!$D$11, 0) -> 70570000 | L238: =SUM(H238,I238,J238) -> 70570000 | M238: 25337225
B239: MMJ50615314 | C239: InMastDBNonCode | D239: 태양광 발전장치(DPVQMax-EK25) | E239: 25kW급 | F239: EA | G239: 1 | H239: =ROUNDDOWN(단가조사!G239*옵션!$D$11, 0) -> 62134000 | L239: =SUM(H239,I239,J239) -> 62134000 | M239: 25337223
B240: MMJ50615315 | C240: InMastDBNonCode | D240: 모니터링시스템(PVQMax-MON) | E240: 옵션 | F240: EA | G240: 1 | H240: =ROUNDDOWN(단가조사!G240*옵션!$D$11, 0) -> 5290000 | L240: =SUM(H240,I240,J240) -> 5290000 | M240: 23961235
B241: MMH36101106 | C241: InMastDBNonCode | D241: 철근 죔쇠접속 | F241: EA | G241: 78 | H241: =ROUNDDOWN(단가조사!G241*옵션!$D$11, 0) -> 3500 | L241: =SUM(H241,I241,J241) -> 3500
B242: MMO36274222 | C242: InMastDBNonCode | D242: 난방 구동기 데이터 전송장치 | F242: EA | G242: 80 | H242: =ROUNDDOWN(단가조사!G242*옵션!$D$11, 0) -> 0 | L242: =SUM(H242,I242,J242) -> 0
B243: MMO36274230 | C243: InMastDBNonCode | D243: 전자식 전력량계 | E243: 1P2W 220 60(15)A | F243: EA | G243: 82 | H243: =ROUNDDOWN(단가조사!G243*옵션!$D$11, 0) -> 70000 | L243: =SUM(H243,I243,J243) -> 70000
B244: MMO36274231 | C244: InMastDBNonCode | D244: 전자식 전력량계 | E244: 3P4W 220/380V 40(10)A | F244: EA | G244: 2 | H244: =ROUNDDOWN(단가조사!G244*옵션!$D$11, 0) -> 150000 | L244: =SUM(H244,I244,J244) -> 150000
B245: MMO36274232 | C245: InMastDBNonCode | D245: 전자식 전력량계 | E245: 3P4W 220/380V 120(30)A | F245: EA | G245: 2 | H245: =ROUNDDOWN(단가조사!G245*옵션!$D$11, 0) -> 180000 | L245: =SUM(H245,I245,J245) -> 180000
B246: MMO36274233 | C246: InMastDBNonCode | D246: 전자식 전력량계 | E246: 3P4W 220/380V 5(2.5)A | F246: EA | G246: 1 | H246: =ROUNDDOWN(단가조사!G246*옵션!$D$11, 0) -> 200000 | L246: =SUM(H246,I246,J246) -> 200000
B247: MMO36274237 | C247: InMastDBNonCode | D247: 자동검침접속장치 | E247: AGU | F247: EA | G247: 46 | H247: =ROUNDDOWN(단가조사!G247*옵션!$D$11, 0) -> 70000 | L247: =SUM(H247,I247,J247) -> 70000
B248: MMO36274238 | C248: InMastDBNonCode | D248: 분산제어장치 | E248: DCU | F248: EA | G248: 1 | H248: =ROUNDDOWN(단가조사!G248*옵션!$D$11, 0) -> 600000 | L248: =SUM(H248,I248,J248) -> 600000
B249: MMO36274239 | C249: InMastDBNonCode | D249: 통신변환장치 | E249: CCU | F249: EA | G249: 1 | H249: =ROUNDDOWN(단가조사!G249*옵션!$D$11, 0) -> 900000 | L249: =SUM(H249,I249,J249) -> 900000
B250: MMO36274240 | C250: InMastDBNonCode | D250: 중앙관제장치 | E250: CCMS | F250: 식 | G250: 1 | H250: =ROUNDDOWN(단가조사!G250*옵션!$D$11, 0) -> 9000000 | L250: =SUM(H250,I250,J250) -> 9000000
B251: MMO36274241 | C251: InMastDBNonCode | D251: 설치 및 시운전비 | E251: 원격검침(강릉시입암동) | F251: 식 | G251: 1 | H251: =ROUNDDOWN(단가조사!G251*옵션!$D$11, 0) -> 26624363 | L251: =SUM(H251,I251,J251) -> 26624363
B252: MMJ36168021 | C252: 2612160620185687 | D252: 제어케이블-쉴드 | E252: LIREV AMESB AWG22# 2P | F252: M | G252: 91.375 | H252: =ROUNDDOWN(단가조사!G252*옵션!$D$11, 0) -> 680 | L252: =SUM(H252,I252,J252) -> 680
B253: MMJ50615318 | C253: InMastDBNonCode | D253: Client PC | E253: CPU : Intel i7 3.4GHz(4Core), | F253: EA | G253: 1 | H253: =ROUNDDOWN(단가조사!G253*옵션!$D$11, 0) -> 0 | L253: =SUM(H253,I253,J253) -> 0
B254: MMJ50615338 | C254: InMastDBNonCode | D254: 데이터 관리 Software | E254: PostgreSQL 12.6 | F254: EA | G254: 1 | H254: =ROUNDDOWN(단가조사!G254*옵션!$D$11, 0) -> 0 | L254: =SUM(H254,I254,J254) -> 0
... B260: MMJ50615320 | C260: InMastDBNonCode | D260: 스위칭허브 | E260: 8Port | F260: EA | G260: 1 | H260: =ROUNDDOWN(단가조사!G260*옵션!$D$11, 0) -> 0 | L260: =SUM(H260,I260,J260) -> 0
B261: MMJ50615321 | C261: InMastDBNonCode | D261: SYSTEM DESK / CHAIR | F261: SET | G261: 1 | H261: =ROUNDDOWN(단가조사!G261*옵션!$D$11, 0) -> 0 | L261: =SUM(H261,I261,J261) -> 0
B262: MMJ50615322 | C262: InMastDBNonCode | D262: H-ZEMS v1.0(우수조달 2022241) | E262: 빌딩에너지 통합관리시스템(GS인 | F262: SET | G262: 1 | H262: =ROUNDDOWN(단가조사!G262*옵션!$D$11, 0) -> 0 | L262: =SUM(H262,I262,J262) -> 0
B263: MMJ50615345 | C263: InMastDBNonCode | D263: 콘트롤 박스 | E263: 400x500x200 | F263: EA | G263: 1 | H263: =ROUNDDOWN(단가조사!G263*옵션!$D$11, 0) -> 0 | L263: =SUM(H263,I263,J263) -> 0
B264: MMJ50615324 | C264: InMastDBNonCode | D264: HG-2000E(우수조달 2022241) | E264: 에너지게이트웨이(NEP인증(NEP-M | F264: EA | G264: 2 | H264: =ROUNDDOWN(단가조사!G264*옵션!$D$11, 0) -> 0 | L264: =SUM(H264,I264,J264) -> 0
B265: MMJ50615325 | C265: InMastDBNonCode | D265: 공구손료 | E265: 노무비의 2% | F265: 식 | G265: 1 | H265: =ROUNDDOWN(단가조사!G265*옵션!$D$11, 0) -> 0 | L265: =SUM(H265,I265,J265) -> 0
B266: MMJ50615326 | C266: InMastDBNonCode | D266: 중앙처리장치(CPU)설치 | E266: 포인트 설치-MMI | F266: POINT | G266: 330 | H266: =ROUNDDOWN(단가조사!G266*옵션!$D$11, 0) -> 0 | L266: =SUM(H266,I266,J266) -> 0
B267: MMJ50615327 | C267: InMastDBNonCode | D267: 중앙처리장치(CPU)설치 | E267: DDC 통신상태 점검-MMI | F267: DDC | G267: 1 | H267: =ROUNDDOWN(단가조사!G267*옵션!$D$11, 0) -> 0 | L267: =SUM(H267,I267,J267) -> 0
B268: MMJ50615328 | C268: InMastDBNonCode | D268: 중앙처리장치(CPU)설치 | E268: 포인트 점검, 시험-MMI | F268: POINT | G268: 330 | H268: =ROUNDDOWN(단가조사!G268*옵션!$D$11, 0) -> 0 | L268: =SUM(H268,I268,J268) -> 0
B269: MMJ47055396 | C269: 3912162120169295 | D269: 피뢰침지지대 | E269: 4M | F269: SET | G269: 2 | H269: =ROUNDDOWN(단가조사!G269*옵션!$D$11, 0) -> 450000 | L269: =SUM(H269,I269,J269) -> 450000
B270: MMJ47055392 | C270: InMastDBNonCode | D270: 외등기초 | E270: 400*500*500(기초 앵커 포함) | F270: EA | G270: 9 | H270: =ROUNDDOWN(단가조사!G270*옵션!$D$11, 0) -> 100000 | L270: =SUM(H270,I270,J270) -> 100000
B271: MM047140204 | C271: InMastDBNonCode | D271: 경유 | E271: 경유, 저유황 | F271: L | G271: 25.245 | H271: =ROUNDDOWN(단가조사!G271*옵션!$D$11, 0) -> 1273 | J271: 39750 | L271: =SUM(H271,I271,J271) -> 41023
B272: MM047140205 | C272: InMastDBNonCode | D272: 잡재료 | E272: 주연료비의20% | F272: 식 | G272: 4.95 | H272: =ROUNDDOWN(단가조사!G272*옵션!$D$11, 0) -> 1298 | L272: =SUM(H272,I272,J272) -> 1298
B273: MM047672775 | C273: 391115ZZ701Z0004 | D273: 디젤엔진발전기-*@관급자재 | E273: 360kW/450kVA | F273: SET | G273: 1 | H273: =ROUNDDOWN(단가조사!G273*옵션!$D$11, 0) -> 56400000 | L273: =SUM(H273,I273,J273) -> 56400000
B274: MM047672777 | C274: 391115ZZ701Z0005 | D274: 배전반-*@관급자재 | E274: HV-1 | F274: 면 | G274: 1 | H274: =ROUNDDOWN(단가조사!G274*옵션!$D$11, 0) -> 15623000 | L274: =SUM(H274,I274,J274) -> 15623000
B275: MM047672778 | C275: 391115ZZ701Z0006 | D275: 배전반-*@관급자재 | E275: HV-2 | F275: 면 | G275: 1 | H275: =ROUNDDOWN(단가조사!G275*옵션!$D$11, 0) -> 18819000 | L275: =SUM(H275,I275,J275) -> 18819000
B276: MM047672781 | C276: 391115ZZ701Z0007 | D276: 배전반-*@관급자재 | E276: LV-1-1 | F276: 면 | G276: 1 | H276: =ROUNDDOWN(단가조사!G276*옵션!$D$11, 0) -> 16614000 | L276: =SUM(H276,I276,J276) -> 16614000
B277: MM047672782 | C277: 391115ZZ701Z0008 | D277: 배전반-*@관급자재 | E277: LV-1-2 | F277: 면 | G277: 1 | H277: =ROUNDDOWN(단가조사!G277*옵션!$D$11, 0) -> 19714000 | L277: =SUM(H277,I277,J277) -> 19714000
...

Sheet 단가조사
B1: 363 | D1: [ 강릉시 입암동 통합공공임대주택 건립사업 신축공사 ] - 단가조사서(1/6단가:2026년 02월)
A2: 번호 | B2: 공종코드 | C2: 코드 | D2: 명 칭 | E2: 규 격 | F2: 단위 | G2: 적용단가 | H2: 시설단가 | J2: 거래가격 | L2: 물가정보 | N2: 물가자료 | P2: 조사단가1 | R2: 조사단가2 | T2: 비고
H3: 단가 | I3: 코드 | J3: 단가 | K3: PAGE | L3: 단가 | M3: PAGE | N3: 단가 | O3: PAGE | P3: 단가 | Q3: PAGE | R3: 단가 | S3: PAGE
C4: 3913170610034965 | D4: 경질비닐전선관 | E4: HI 16 mm | F4: M | G4: 294 | H4: 294 | J4: 332 | K4: 1024 | L4: 440 | M4: 1-1203 | N4: 390 | O4: 1107 | R4: 440 | S4: 860
C5: 3913170610034967 | D5: 경질비닐전선관 | E5: HI 28 mm | F5: M | G5: 700 | H5: 700 | J5: 774 | K5: 1024 | L5: 1021 | M5: 1-1203 | N5: 890 | O5: 1107 | R5: 1021 | S5: 860
C6: 3913170610034968 | D6: 경질비닐전선관 | E6: HI 36 mm | F6: M | G6: 1007 | H6: 1007 | J6: 1121 | K6: 1024 | L6: 1373 | M6: 1-1203 | N6: 1440 | O6: 1107 | R6: 1373 | S6: 860
C7: 3913170610034969 | D7: 경질비닐전선관 | E7: HI 42 mm | F7: M | G7: 1245 | H7: 1245 | J7: 1466 | K7: 1024 | L7: 1794 | M7: 1-1203 | N7: 1710 | O7: 1107 | R7: 1794 | S7: 860
C8: 3913170610035664 | D8: 합성수지제 가요전선관 | E8: CD-난연성 16㎜ | F8: M | G8: 168 | H8: 168 | J8: 267 | K8: 1025 | L8: 275 | M8: 1-1203 | N8: 200 | O8: 1104 | R8: 267 | S8: 859
C9: 3913170610035665 | D9: 합성수지제 가요전선관 | E9: CD-난연성 22㎜ | F9: M | G9: 253 | H9: 253 | J9: 373 | K9: 1025 | L9: 412 | M9: 1-1203 | N9: 300 | O9: 1104 | R9: 373 | S9: 859
C10: 3913170610035631 | D10: 파상형 폴리에틸렌 전선관 | E10: 30㎜ | F10: M | G10: 343 | H10: 343 | J10: 391 | K10: 1025 | L10: 480 | M10: 1-1203 | N10: 360 | O10: 1104 | R10: 480 | S10: 861
C11: 3913170610035632 | D11: 파상형 폴리에틸렌 전선관 | E11: 40㎜ | F11: M | G11: 523 | H11: 523 | J11: 563 | K11: 1025 | L11: 607 | M11: 1-1203 | N11: 550 | O11: 1106 | R11: 607 | S11: 861
C12: 3913170610035634 | D12: 파상형 폴리에틸렌 전선관 | E12: 65㎜ | F12: M | G12: 990 | H12: 990 | J12: 1250 | K12: 1025 | L12: 1239 | M12: 1-1203 | N12: 1090 | O12: 1,106 | R12: 1239 | S12: 861
C13: MMJ4705529200000 | D13: 파상형 폴리에틸렌 전선관 | E13: 125㎜-2열 포설 | F13: M | G13: 2796 | H13: 2796 | J13: 3204 | K13: 1025 | L13: 3440 | M13: 1-1203 | N13: 3040 | O13: 1106 | R13: 3440 | S13: 861
C14: 3913170620174434 | D14: 1종금속제가요전선관 | E14: 커넥터, 16 mm 일반-비방수 | F14: 개 | G14: 340 | H14: 354 | J14: 1100 | L14: 520 | M14: 인터넷 | N14: 340 | O14: 1101
C15: 3913170620174436 | D15: 1종금속제가요전선관 | E15: 커넥터, 28 mm 일반-비방수 | F15: 개 | G15: 545 | H15: 821 | J15: 1830 | L15: 545 | N15: 880 | O15: 1101
C16: 3913170620174437 | D16: 1종금속제가요전선관 | E16: 커넥터, 36 mm 일반-비방수 | F16: 개 | G16: 1175 | H16: 1175 | J16: 2650
C17: 3913170620174448 | D17: 1종금속제가요전선관 | E17: 커넥터, 28 mm 일반-방수 | F17: 개 | G17: 1300 | H17: 2367 | J17: 3980 | L17: 1300 | M17: 인터넷 | N17: 1500 | O17: 1101
C18: 3913170620174449 | D18: 1종금속제가요전선관 | E18: 커넥터, 36 mm 일반-방수 | F18: 개 | G18: 1900 | H18: 3252 | J18: 5290 | L18: 1900 | M18: 인터넷 | N18: 1980 | O18: 1101
C19: 3913170620174450 | D19: 1종금속제가요전선관 | E19: 커넥터, 42 mm 일반-방수 | F19: 개 | G19: 2750 | H19: 3868 | J19: 6740 | L19: 2800 | M19: 인터넷 | N19: 2750 | O19: 1101
C20: 3913170620174451 | D20: 1종금속제가요전선관 | E20: 커넥터, 54 mm 일반-방수 | F20: 개 | G20: 3740 | H20: 5241 | J20: 8690 | N20: 3740 | O20: 1101
C21: 3913170620174478 | D21: 1종금속제가요전선관 | E21: 16 mm 고장력-비방수 | F21: M | G21: 432 | H21: 600 | J21: 1380 | L21: 432 | N21: 720 | O21: 1101
C22: 3913170620174480 | D22: 1종금속제가요전선관 | E22: 28 mm 고장력-비방수 | F22: M | G22: 707 | H22: 894 | J22: 2180 | L22: 707 | N22: 1380 | O22: 1101
C23: 3913170620174481 | D23: 1종금속제가요전선관 | E23: 36 mm 고장력-비방수 | F23: M | G23: 854 | H23: 1885 | J23: 2870 | L23: 854 | N23: 1970 | O23: 1101
C24: 3913170620174472 | D24: 1종금속제가요전선관 | E24: 28 mm 고장력-방수 | F24: M | G24: 1950 | H24: 2282 | J24: 4680 | L24: 2184 | N24: 1950 | O24: 1101
C25: 3913170620174473 | D25: 1종금속제가요전선관 | E25: 36 mm 고장력-방수 | F25: M | G25: 2710 | H25: 3323 | J25: 6830 | L25: 3180 | N25: 2710 | O25: 1101
C26: 3913170620174474 | D26: 1종금속제가요전선관 | E26: 42 mm 고장력-방수 | F26: M | G26: 3570 | H26: 5104 | J26: 10380 | L26: 4680 | N26: 3570 | O26: 1101
C27: 3912139920409528 | D27: 발포지수제 | E27: D100 이하 | F27: 개 | G27: 18200 | H27: 21720 | L27: 18200
C28: 3912139920409529 | D28: 발포지수제 | E28: D150 이하 | F28: 개 | G28: 30282 | H28: 30282
C29: 3912139920935638 | D29: 수밀보호테이프 | F29: 개 | G29: 2472 | H29: 2472 | J29: 3030 | K29: 인터넷 | L29: 3030 | M29: 인터넷
C30: 3913170820174926 | D30: 실링가스켓 | E30: D50 | F30: 개 | G30: 11752 | H30: 11752 | L30: 16380 | N30: 11880 | O30: 1106
C31: 3913170820174927 | D31: 실링가스켓 | E31: D65 | F31: 개 | G31: 13389 | H31: 13389 | L31: 18720 | N31: 13860 | O31: 1106
C32: 3913170820174931 | D32: 실링가스켓 | E32: D150 | F32: 개 | G32: 27097 | H32: 27097 | L32: 28340 | N32: 35750 | O32: 1106
C33: 3913170820935650 | D33: 관구밀폐기 | E33: 이종연결관Φ50mm | F33: 개 | G33: 2709 | H33: 2709 | N33: 3300 | O33: 1229
C34: 3913170820935651 | D34: 관구밀폐기 | E34: 이종연결관Φ65mm | F34: 개 | G34: 2978 | H34: 2978 | N34: 4950 | O34: 1229
C35: 3913170820935654 | D35: 관구밀폐기 | E35: 이종연결관Φ150m | F35: 개 | G35: 6773 | H35: 6773 | N35: 13950 | O35: 1229
C36: 3913170820176468 | D36: 강제전선관용 부품 | E36: 위샤캡, 28 C | F36: 개 | G36: 3043 | H36: 3043 | J36: 3440 | N36: 3140 | O36: 1101
C37: 3913170820935617 | D37: 경질비닐전선관용 부품 | E37: 노말밴드, 28 mm | F37: 개 | G37: 859 | H37: 859 | J37: 1292 | K37: 1025 | L37: 1452 | M37: 1-1203 | N37: 1090 | O37: 1107 | R37: 1193 | S37: 859
C38: 3913170820935618 | D38: 경질비닐전선관용 부품 | E38: 노말밴드, 36 mm | F38: 개 | G38: 1009 | H38: 1009 | J38: 1473 | K38: 1025 | L38: 2040 | M38: 1-1203 | N38: 1220 | O38: 1107 | R38: 1360 | S38: 859
C39: 3913170820935619 | D39: 경질비닐전선관용 부품 | E39: 노말밴드, 42 mm | F39: 개 | G39: 1335 | H39: 1335 | J39: 1973 | K39: 1025 | L39: 2580 | M39: 1-1203 | N39: 1590 | O39: 1107 | R39: 1822 | S39: 859
C40: 3912130810035750 | D40: 아우트렛박스 | E40: 8각 54㎜ | F40: 개 | G40: 627 | H40: 627 | J40: 800 | K40: 1028 | L40: 845 | M40: 1-1206 | N40: 790 | O40: 1105 | R40: 845 | S40: 873
C41: 3912130810035753 | D41: 아우트렛박스 | E41: 중형4각 54㎜ | F41: 개 | G41: 730 | H41: 730 | J41: 3100 | K41: 1028 | L41: 973 | M41: 1-1206 | N41: 920 | O41: 1105
C42: 3912130610035778 | D42: 스위치박스 | E42: 1 개용 54 mm | F42: 개 | G42: 592 | H42: 592 | J42: 650 | K42: 1028 | L42: 700 | M42: 1-1206 | N42: 650 | O42: 1105 | R42: 700 | S42: 873
C43: 3912130610035781 | D43: 스위치박스 | E43: 2 개용 54 mm | F43: 개 | G43: 726 | H43: 824 | J43: 1000 | K43: 1028 | L43: 726 | M43: 1-1206 | N43: 920 | O43: 1105 | R43: 973 | S43: 873
C44: 3912130610036786 | D44: 연결박스 | E44: 4각 44㎜ | F44: 개 | G44: 724 | H44: 724 | L44: 724 | N44: 740 | O44: 1105
C45: 3912130820174712 | D45: 아우트렛박스 커버 | E45: 커버, 8각, 둥근구멍(평) | F45: 개 | G45: 282 | H45: 282 | J45: 400 | K45: 1028 | L45: 343 | M45: 1-1206 | N45: 400 | O45: 1105
C46: 3912130820174715 | D46: 아우트렛박스 커버 | E46: 커버, 4각, 둥근구멍(평) | F46: 개 | G46: 293 | H46: 293 | J46: 400 | K46: 1028 | L46: 343 | M46: 1-1206 | N46: 400 | O46: 1105
C47: 3912130820174718 | D47: 아우트렛박스 커버 | E47: 커버, 4각,2개용S/W (오목) | F47: 개 | G47: 283 | H47: 283 | J47: 400 | K47: 1028 | L47: 343 | M47: 1-1206 | N47: 400 | O47: 1105
C48: 3912131020170565 | D48: 시스템 박스 | E48: Con'매입용 | F48: 개 | G48: 23850 | J48: 23850
C49: 3912130320175917 | D49: 정션 박스 | E49: 100*100*50 | F49: EA | G49: 2690 | J49: 4200 | K49: 1028 | L49: 2690 | M49: 1-1206 | R49: 2690 | S49: 873
C50: 3912130310035794 | D50: 풀박스 | E50: 100×100×50 | F50: 개 | G50: 2284 | H50: 2284 | J50: 4200 | K50: 1028 | L50: 2690 | M50: 1-1206 | R50: 2690 | S50: 873
C51: 3912130310035797 | D51: 풀박스 | E51: 150×150×100 | F51: 개 | G51: 2854 | H51: 2854 | J51: 7510 | K51: 1028 | L51: 3360 | M51: 1-1206 | N51: 3870 | O51: 1105 | R51: 3360 | S51: 873
C52: 3912130320174775 | D52: 풀박스 | E52: 600×600×300 | F52: 개 | G52: 47523 | H52: 47523 | J52: 52470 | L52: 55910 | M52: 1-1206 | R52: 55910 | S52: 873
C53: 3913170920173642 | D53: 레이스웨이 | E53: BODY, 40×40 | F53: M | G53: 2499 | H53: 2499 | J53: 2500 | K53: 1040 | L53: 5640 | M53: 1-1205 | N53: 2970
C54: 3913170910034922 | D54: 레이스웨이 | E54: COVER, 40 x 40 | F54: M | G54: 881 | H54: 881 | J54: 1000 | K54: 1040 | L54: 1840 | M54: 1-1205 | N54: 980
C55: 3913170910034925 | D55: 레이스웨이 | E55: JONER, 40 x 40 | F55: 개 | G55: 511 | H55: 511 | J55: 680 | K55: 1040 | L55: 1320 | M55: 1-1205 | N55: 690
C56: 3913170910034928 | D56: 레이스웨이 | E56: END CAP, 40 x 40 | F56: 개 | G56: 387 | H56: 387 | J56: 480 | K56: 1040 | L56: 1180 | M56: 1-1205 | N56: 510
C57: 3913170910034936 | D57: 레이스웨이 | E57: A형 HANGER, 40 x 40 | F57: 개 | G57: 432 | H57: 432 | J57: 680 | K57: 1040 | L57: 1100 | M57: 1-1205 | N57: 680
C58: 3913170910034944 | D58: 레이스웨이 | E58: JOINT BOX, 40 x 40 | F58: 개 | G58: 980 | H58: 980 | J58: 980 | K58: 1040 | L58: 3380 | M58: 1-1205 | N58: 1890
C59: 3913170910034933 | D59: 레이스웨이 | E59: 기구용금구, 40 x 40 | F59: 개 | G59: 360 | H59: 360 | J59: 420 | L59: 440 | M59: 1-1205
C60: 3913170920173646 | D60: 레이스웨이 | E60: JUNC.BOX - 2 방, 40×40 | F60: 개 | G60: 2334 | H60: 2334 | J60: 2400 | K60: 1040 | N60: 2830
C61: 3913170420174125 | D61: 케이블트레이 | E61: STRAIGHT,St W800x100Hx2.3t | F61: M | G61: 30740 | J61: 30740 | K61: 1035 | L61: 35390 | M61: 1-1215 | N61: 35370
C62: 3913170520175725 | D62: 케이블트레이부속품 | E62: H. ELBOW, St,W800x100Hx2.3t | F62: 개 | G62: 46230 | J62: 46230 | K62: 1035 | L62: 69270 | M62: 1-1215 | N62: 73660
C63: 3913170520178225 | D63: 케이블트레이부속품 | E63: V. ELBOW, St,W800x100Hx2.3t | F63: 개 | G63: 46230 | J63: 46230 | K63: 1035 | L63: 54840 | M63: 1-1215 | N63: 73660
C64: 3913170520175118 | D64: 케이블트레이부속품 | E64: JOINT CONNEC.아연도100Hx2.3 | F64: 개 | G64: 754 | H64: 754 | L64: 1200 | N64: 1680 | O64: 1114
C65: 3913170520175120 | D65: 케이블트레이부속품 | E65: SHANK BOLT & NUT, 아연도 | F65: 개 | G65: 55 | H65: 55 | L65: 90 | N65: 210 | O65: 1114
C66: 3913170520175124 | D66: 케이블트레이부속품 | E66: BONDING JUMPER, 35㎟ | F66: 개 | G66: 2760 | H66: 2760 | L66: 4740 | M66: 1-1215
C67: 3913170520935624 | D67: 케이블트레이부속품 | E67: RAIL CLAMP | F67: 개 | G67: 547 | H67: 547
C68: 3913170520175125 | D68: 케이블트레이부속품 | E68: HOLD DOWN CLAMP, 아연도 | F68: 개 | G68: 320 | H68: 332 | L68: 320
C69: 3913170520175126 | D69: 케이블트레이부속품 | E69: 찬넬스프링 너트, 아연도 | F69: 개 | G69: 320 | H69: 458 | L69: 320 | N69: 840 | O69: 1114
C70: 3913170520175128 | D70: 케이블트레이부속품 | E70: U CHANNEL, 41x41x2.6t | F70: M | G70: 3900 | H70: 4811 | L70: 3900 | N70: 9100 | O70: 1114
C71: 3913170420174039 | D71: 케이블트레이 | E71: AL, 2.0txW300 x H70 | F71: M | G71: 11070 | H71: 11070
C72: 3913170520175147 | D72: 케이블트레이부속품 | E72: AL HOR. ELBOW, W300 x H70 | F72: 개 | G72: 12910 | H72: 13550 | J72: 12910 | L72: 12910
C73: 3913170520175165 | D73: 케이블트레이부속품 | E73: AL HOR. TEE, W300 x H70 | F73: 개 | G73: 18200 | H73: 23000 | J73: 18200 | L73: 18200
C74: 3913170520175180 | D74: 케이블트레이부속품 | E74: JOINT CONNEC. Al H70 | F74: 개 | G74: 1800 | J74: 1800 | K74: 1123
C75: 3913170420175332 | D75: 덕트형 케이블트레이 | E75: DUCT, W 200 x H 100 | F75: M | G75: 13189 | H75: 13189 | J75: 14190 | K75: 1040 | L75: 14190
C76: 3913170520175442 | D76: 덕트형 케이블트레이부속 | E76: HOR. ELBOW, W 200 | F76: 개 | G76: 18097 | H76: 18097 | J76: 31260 | K76: 1040 | L76: 31260
C77: 3913170520175449 | D77: 덕트형 케이블트레이부속 | E77: VER. ELBOW, W 200 | F77: 개 | G77: 18097 | H77: 18097 | J77: 31260 | K77: 1040 | L77: 31260
C78: 3913170810036336 | D78: 강재전선관용 부품 | E78: 파이프크램프, 28 C | F78: 개 | G78: 175 | H78: 175 | N78: 220 | O78: 1101 | R78: 217 | S78: 864
C79: 3913170810036337 | D79: 강재전선관용 부품 | E79: 파이프크램프, 36 C | F79: 개 | G79: 223 | H79: 223 | N79: 260 | O79: 1101 | R79: 265 | S79: 864
C80: 3913170810036338 | D80: 강재전선관용 부품 | E80: 파이프크램프, 42 C | F80: 개 | G80: 261 | H80: 261 | N80: 300 | O80: 1101 | R80: 317 | S80: 864
C81: 3913170810036339 | D81: 강재전선관용 부품 | E81: 파이프크램프, 54 C | F81: 개 | G81: 288 | H81: 288 | N81: 380 | O81: 1101 | R81: 348 | S81: 864
C82: 3913170810036357 | D82: 강재전선관용 부품 | E82: 파이프행거, 16 C | F82: 개 | G82: 343 | H82: 343 | J82: 360 | K82: 1029 | L82: 727 | M82: 1-1202 | N82: 620 | O82: 1101 | R82: 727 | S82: 864
C83: 3913170810036358 | D83: 강재전선관용 부품 | E83: 파이프행거, 22 C | F83: 개 | G83: 348 | H83: 348 | J83: 370 | K83: 1029 | L83: 745 | M83: 1-1202 | N83: 650 | O83: 1101 | R83: 745 | S83: 864
C84: 3913170810036359 | D84: 강재전선관용 부품 | E84: 파이프행거, 28 C | F84: 개 | G84: 370 | H84: 370 | J84: 410 | K84: 1029 | L84: 782 | M84: 1-1202 | N84: 680 | O84: 1101 | R84: 782 | S84: 864
C85: 3913170810036360 | D85: 강재전선관용 부품 | E85: 파이프행거, 36 C | F85: 개 | G85: 394 | H85: 394 | J85: 420 | K85: 1029 | L85: 828 | M85: 1-1202 | N85: 720 | O85: 1101 | R85: 828 | S85: 864
C86: 3913170810036361 | D86: 강재전선관용 부품 | E86: 파이프행거, 42 C | F86: 개 | G86: 431 | H86: 431 | J86: 450 | K86: 1029 | L86: 904 | M86: 1-1202 | N86: 760 | O86: 1101 | R86: 904 | S86: 864
C87: 3913170810036362 | D87: 강재전선관용 부품 | E87: 파이프행거, 54 C | F87: 개 | G87: 625 | H87: 625 | J87: 660 | K87: 1029 | L87: 1272 | M87: 1-1202 | N87: 1050 | O87: 1101 | R87: 1272 | S87: 864
C88: 3913170810036363 | D88: 강재전선관용 부품 | E88: 파이프행거, 70 C | F88: 개 | G88: 675 | H88: 675 | J88: 700 | K88: 1029 | L88: 1422 | M88: 1-1202 | N88: 1210 | O88: 1101 | R88: 1422 | S88: 864
C89: 3116210220135750 | D89: 셋트앵커 | E89: M25×L250mm | F89: 개 | G89: 4360 | J89: 4360
C90: 3116210220135769 | D90: 스트롱앵커(내진) | E90: 3/8 | F90: 개 | G90: 18000 | J90: 18000 | P90: 18000 | Q90: 에스아이
C91: 3116169820135160 | D91: 행거볼트 | E91: M10×1000㎜ | F91: 개 | G91: 920 | H91: 920 | J91: 1170 | L91: 1226 | M91: 1-43 | R91: 1179 | S91: 51
C92: 2612162922076726 | D92: 450/750V 내열비닐절연전선 | E92: HFIX 1.38mm(1.5㎟) | F92: M | G92: 331 | H92: 331 | J92: 363 | K92: 993 | L92: 437 | M92: 1-1165 | N92: 351 | O92: 1074 | R92: 460 | S92: 833
C93: 2612162922076727 | D93: 450/750V 내열비닐절연전선 | E93: HFIX 1.78mm(2.5㎟) | F93: M | G93: 494 | H93: 494 | J93: 552 | K93: 993 | L93: 720 | M93: 1-1165 | N93: 515 | O93: 1074 | R93: 742 | S93: 833
C94: 2612162922076728 | D94: 450/750V 내열비닐절연전선 | E94: HFIX 2.25mm(4㎟) | F94: M | G94: 757 | H94: 757 | J94: 836 | K94: 993 | L94: 1121 | M94: 1-1165 | N94: 784 | O94: 1074 | R94: 1110 | S94: 833
C95: 2612152420683696 | D95: 접지용비닐절연전선(F-GV) | E95: 4㎟ | F95: M | G95: 925 | H95: 925 | J95: 1175 | K95: 994 | L95: 1144 | M95: 1-1165 | N95: 1128 | O95: 1075 | R95: 1238 | S95: 833
C96: 2612152420683697 | D96: 접지용비닐절연전선(F-GV) | E96: 6㎟ | F96: M | G96: 1031 | H96: 1031 | J96: 1385 | K96: 994 | L96: 1302 | M96: 1-1165 | N96: 1478 | O96: 1075 | R96: 1422 | S96: 833
C97: 2612152420683698 | D97: 접지용비닐절연전선(F-GV) | E97: 10㎟ | F97: M | G97: 1870 | H97: 1870 | J97: 2190 | K97: 994 | L97: 2194 | M97: 1-1165 | N97: 2243 | O97: 1075 | R97: 2394 | S97: 833
C98: 2612152420683699 | D98: 접지용비닐절연전선(F-GV) | E98: 16㎟ | F98: M | G98: 2365 | H98: 2365 | J98: 3348 | K98: 994 | L98: 2995 | M98: 1-1165 | N98: 3152 | O98: 1075 | R98: 3269 | S98: 833
C99: 2612152420683700 | D99: 접지용비닐절연전선(F-GV) | E99: 25㎟ | F99: M | G99: 3796 | H99: 3796 | J99: 4834 | K99: 994 | L99: 4600 | M99: 1-1165 | N99: 4888 | O99: 1075 | R99: 5035 | S99: 833
C100: 2612152420683701 | D100: 접지용비닐절연전선(F-GV) | E100: 35㎟ | F100: M | G100: 5377 | H100: 5377 | J100: 6645 | K100: 994 | L100: 6497 | M100: 1-1165 | N100: 6647 | O100: 1075 | R100: 7111 | S100: 833
...

Sheet 한전불입금및사용전검사비
B2: 한전불입금 및 사용전검사비
B3: 공사명:강릉시 입암동 통합공공임대주택 건립사업 신축공사
D4: ▪ 수전전압: 22.9[KV] ▪ 수전용량: 500[kW] ▪ 발전기용량: 360kW ▪ 태양광발전용량: 56kW
B5: 구 분 | G5: 기본금액 | H5: 단위 | I5: 수량 | J5: 합 계 | K5: 비 고
B6: 1.한전불입금
C7: 1) 기본공사비
D8: 가공공급 | E8: 매 1계약에 대하여 계약전력 5kW까지 | F8: 저압 | G8: 306000 | H8: 건당 | J8: =G8*I8 -> 0 | N8: * 저입인입 경우 기본 5kW 제외하고 적용. * 예) 신청용량 30kW 경우 25kW만 적용.
E9: 계약전력 5kW 초과분의 매 1kW에 대하여 | F9: 저압 | G9: 121000 | H9: kW | J9: =G9*I9 -> 0
E10: 신증설 계약전력 매 1kW에 대하여 | F10: 고압 또는 특별고압 | G10: 24000 | H10: kW | I10: 500 | J10: =G10*I10 -> 12000000
D11: 지중공급 | E11: 매 1계약에 대하여 계약전력 5kW까지 | F11: 저압 | G11: 588000 | H11: 건당 | I11: 0 | J11: =G11*I11 -> 0
E12: 계약전력 5kW 초과분의 매 1kW에 대하여 | F12: 저압 | G12: 141000 | H12: kW | I12: 0 | J12: =G12*I12 -> 0
E13: 신증설 계약전력 매 1kW에 대하여 | F13: 고압 또는 특별고압 | G13: 50000 | H13: kW | J13: =G13*I13 -> 0
H14: 소계 | J14: =SUM(J8:J13) -> 12000000
C15: 2) 거리공사비
D16: 가공공급 | E16: 기본거리를 초과하는 신설 거리 매 1m에 대하여 | F16: 저압 단상 | G16: 48000 | H16: M | J16: =G16*I16 -> 0 | N16: * 기본거리(가공: 200m, 지중: 50m)를 초과하는 경우 거리공사비 별도로 추가됨.
F17: 저압 삼상 | G17: 53000 | H17: M | J17: =G17*I17 -> 0
F18: 고압 또는 특별고압 | G18: 53000 | H18: M | J18: =G18*I18 -> 0
D19: 지중공급 | E19: 기본거리를 초과하는 신설 거리 매 1m에 대하여 | F19: 저압 | G19: 75000 | H19: M | J19: =G19*I19 -> 0
F20: 고압 또는 특별고압 | G20: 137000 | H20: M | J20: =G20*I20 -> 0
C21: 3) 첨가거리공사비
D22: 가공공급 | E22: 기본거리를 초과하는 첨가 거리 매 1m에 대하여 | F22: 저압 | G22: 7000 | H22: M | J22: =G22*I22 -> 0
F23: 고압 또는 특별고압 | G23: 12000 | H23: M | J23: =G23*I23 -> 0
H24: 소계 | J24: =SUM(J16:J23) -> 0
H25: 합계 | J25: =J24+J14 -> 12000000 | N25: =J25 -> 12000000 | O25: =N25*10% -> 1200000 | P25: =N25+O25 -> 13200000
B26: 2.사용전검사비
C27: 1) 수용설비
D28: 기본료 | E28: 저압 | F28: 기본료 | G28: 94000 | H28: 건당 | I28: 0 | J28: =G28*I28 -> 0
E29: 고압 300kW까지 | F29: 기본료 | G29: 298000 | H29: 건당 | J29: =G29*I29 -> 0
E30: 고압 300kW초과 | F30: 기본료 | G30: 559000 | H30: 건당 | I30: 1 | J30: =G30*I30 -> 559000
E31: 고압 1,000kW이상 | F31: 기본료 | G31: 678000 | H31: 건당 | J31: =G31*I31 -> 0
D32: kW당 요금 | E32: 저압 | F32: kW당 | G32: 391 | H32: kW | I32: 0 | J32: =G32*I32 -> 0 | N32: * 구내배전설비 검사시는 기본료에 Kw당 요금의 2배합산적용. * 예비 용량 제외
E33: 고압 300kW까지 | F33: kW당 | G33: 660 | H33: kW | J33: =G33*I33 -> 0
E34: 고압 300kW초과 | F34: kW당 | G34: 315 | H34: kW | I34: 500 | J34: =G34*I34 -> 157500
E35: 고압 1,000kW까지 | F35: kW당 | G35: 268 | H35: kW | J35: =(G35*I35)*2 -> 0
E36: 고압 1,001~100,000kW까지 | F36: kW당 | G36: 152 | H36: kW | J36: =(G36*I36)*2 -> 0
E37: 고압 100,000kW초과 | F37: kW당 | G37: 32 | H37: kW | J37: =G37*I37 -> 0
H38: 소계 | J38: =SUM(J28:J37) -> 716500 | N38: * 1000kw이상 2배합산
C39: 2) 발전기공사
D40: 기본료 | E40: 용량 300kW까지 | F40: 기본료 | G40: 88000 | H40: 건당 | J40: =G40*I40 -> 0 | N40: * 수용설비 기본료 적용시 발전설비는 기본료는 제외임.
E41: 용량 300kW초과 | F41: 기본료 | G41: 293000 | H41: 건당 | I41: 1 | J41: =G41*I41 -> 293000
E42: 용량 50,000kW초과 | F42: 기본료 | G42: 3804000 | H42: 건당 | J42: =G42*I42 -> 0
D43: kW당 요금 | E43: 용량 300kW까지 | G43: 203 | H43: kW | J43: =G43*I43 -> 0
E44: 용량 300kW초과 | F44: 500kW까지 | G44: 177 | H44: kW | I44: 360 | J44: =G44*I44 -> 63720
F45: 501~1,000kW까지 | G45: 109 | H45: kW | J45: =G45*I45 -> 0
F46: 1,001~5,000kW까지 | G46: 86 | H46: kW | J46: =G46*I46 -> 0
F47: 5,001~10,000kW까지 | G47: 47 | H47: kW | J47: =G47*I47 -> 0
F48: 10,000kW초과 | G48: 7 | H48: kW | J48: =G48*I48 -> 0
E49: 용량 50,000kW초과 | F49: 10,0000kW까지 | G49: 34 | H49: kW | J49: =G49*I49 -> 0
F50: 10,0000kW초과 | G50: 18 | H50: kW | J50: =G50*I50 -> 0
H51: 소계 | J51: =SUM(J40:J50) -> 356720
C52: 3) 태양광발전설비
D53: 기본료 | E53: 용량 20kW까지(저압계통연계) | F53: 기본료 | G53: 81300 | H53: 건당 | J53: =G53*I53 -> 0
E54: 용량 20kW초과(저압계통연계) | F54: 기본료 | G54: 138000 | H54: 건당 | I54: 0 | J54: =G54*I54 -> 0 | N54: * 사용전검사비는 모두 적용.
E55: 용량 500kW까지(특고압계통연계) | F55: 기본료 | G55: 239600 | H55: 건당 | I55: 1 | J55: =G55*I55 -> 239600
E56: 용량 500kW초과(특고압계통연계) | F56: 기본료 | G56: 351900 | H56: 건당 | J56: =G56*I56 -> 0 | N56: * 사용전검사비는 모두 적용.
D57: kW당 요금 | E57: 용량 20kW까지(저압계통연계) | F57: kW당 | G57: 292 | H57: kW | J57: =G57*I57 -> 0
E58: 용량 20kW초과(저압계통연계) | F58: kW당 | G58: 611 | H58: kW | I58: 0 | J58: =G58*I58 -> 0
E59: 용량 500kW까지(특고압계통연계) | F59: kW당 | G59: 426 | H59: kW | I59: 56 | J59: =G59*I59 -> 23856
E60: 용량 500kW초과(특고압계통연계) | F60: kW당 | G60: 349 | H60: kW
H61: 소계 | J61: =SUM(J53:J60) -> 263456
C62: 4) 연료전지
D63: 기본료 | E63: 용량 20kW까지 | F63: 기본료 | G63: 83500 | H63: 건당 | J63: =G63*I63 -> 0
E64: 용량 200kW까지 | F64: 기본료 | G64: 1000300 | H64: 건당 | J64: =G64*I64 -> 0 | N64: * 사용전검사비는 모두 적용.
E65: 용량 200kW초과 | F65: 기본료 | G65: 1668200 | H65: 건당 | J65: =G65*I65 -> 0 | N65: * 사용전검사비는 모두 적용.
D66: kW당 요금 | E66: 용량 20kW까지 | F66: kW당 | G66: 469 | H66: kW | J66: =G66*I66 -> 0
E67: 용량 200kW까지 | F67: kW당 | G67: 267 | H67: kW | J67: =G67*I67 -> 0
E68: 용량 200kW초과 | F68: kW당 | G68: 137 | H68: kW | J68: =G68*I68 -> 0
H69: 소계 | J69: =SUM(J63:J68) -> 0
C70: 5) 전기저장장치(ESS)
D71: 기본료 | E71: 용량 100kW까지 | F71: 기본료 | G71: 236400 | H71: 건당 | J71: =G71*I71 -> 0
E72: 용량 500kW까지 | F72: 기본료 | G72: 331200 | H72: 건당 | J72: =G72*I72 -> 0 | N72: * 사용전검사비는 모두 적용.
E73: 용량 1000kW까지 | F73: 기본료 | G73: 532700 | H73: 건당 | J73: =G73*I73 -> 0
E74: 용량 1000kW초과 | F74: 기본료 | G74: 612200 | H74: 건당 | J74: =G74*I74 -> 0 | N74: * 사용전검사비는 모두 적용.
D75: kW당 요금 | E75: 용량 100kW까지 | F75: kW당 | G75: 1557 | H75: kW | J75: =G75*I75 -> 0
E76: 용량 500kW까지 | F76: kW당 | G76: 869 | H76: kW | J76: =G76*I76 -> 0
E77: 용량 1000kW까지 | F77: kW당 | G77: 687 | H77: kW | J77: =G77*I77 -> 0
E78: 용량 1000kW초과 | F78: kW당 | G78: 610 | H78: kW
H79: 소계 | J79: =SUM(J71:J78) -> 0
H80: 합계 | J80: =SUM(J38+J51+J61+J69+J79) -> 1336676 | N80: =J80 -> 1336676 | O80: =N80*10% -> 133667.6 | P80: =N80+O80 -> 1470343.6
F82: 합계(1+2) | H82: 원 | J82: =J25+J80 -> 13336676
F83: 부가가치세 | G83: 0.1 | H83: 원 | J83: =J82*10% -> 1333667.6
F84: 총계 | H84: 원 | J84: =ROUNDDOWN((J82+J83),-3) -> 14670000 | P84: =P25+P80 -> 14670344
D87: 자료출처: | E87: 한국전기안전공사협회 http://www.kesco.or.kr(사용전검사비)
E88: 한국전력공사 http://cyber.kepco.co.kr/ckepco/front/jsp/CY/D/C/CYDCHP00404.jsp (한전불입금)

Sheet 옵션
B1: 재료비 | C1: 노무비 | D1: 경비 | F1: 계
A2: 총 급 액 | B2: =총괄표!I29 -> 344292005 | C2: =총괄표!L29 -> 897549290 | D2: =총괄표!N29 -> 542331 | F2: =SUM(B2,C2,D2) -> 1242383626
A3: 도급자관급 | B3: =총괄표!I211 -> 201825001 | C3: =총괄표!L211 -> 0 | D3: =총괄표!N211 -> 0 | F3: =SUM(B3,C3,D3) -> 201825001 | H3: 금액조정이 안되나요?
A4: 관급자관급 | B4: =총괄표!I237 -> 424636881 | C4: =총괄표!L237 -> 0 | D4: =총괄표!N237 -> 3070332 | F4: =SUM(B4,C4,D4) -> 427707213
F5: =SUM(B5,C5,D5) -> 0
F6: =SUM(B6,C6,D6) -> 0 | H6: 이지테크에서 변환할 때 2번 옵션을 지정하여 다시 해보세요
F7: =SUM(B7,C7,D7) -> 0
F8: =SUM(B8,C8,D8) -> 0
H9: 시트를 삭제할 때 에러가 뜨면 1번 옵션으로 하면 됩니다.
B10: 적용율(%) | C10: 끝자리 | D10: 적용율(%)/100 | E10: 일위대가소수
A11: 전체자재 적용율(%)(공종/일위대가) | B11: 100 | C11: 1 | D11: =$B$11/100 -> 1
A12: 전체노임 적용율(%)(공종) | B12: 100 | C12: 1 | D12: =$B$12/100 -> 1 | E12: 2 | H12: 2번 옵션으로 변환했을 때에는 결과값이 다를 수 있습니다.
A13: 전체노임 적용율(%)(일위대가) | B13: 100 | C13: 1 | D13: =$B$13/100 -> 1 | E13: 5
A20: *(그룹별 자재 단가 추가 할증)* | B20: 적용율(%) | D20: 적용율(%)/100
A21: Cable(CAB) 할증(%) | B21: =B11 -> 100 | D21: =$B$21/100 -> 1
A22: Wire (WIR) 할증(%) | B22: =B11 -> 100 | D22: =$B$22/100 -> 1
A23: Pipe (PIP) 할증(%) | B23: =B11 -> 100 | D23: =$B$23/100 -> 1
A24: 제 4그룹 할증(%) | B24: =B11 -> 100 | D24: =$B$24/100 -> 1
A25: 제 5그룹 할증(%) | B25: =B11 -> 100 | D25: =$B$25/100 -> 1
A30: *(그룹별 노임 추가 할증)* | B30: 적용율(%) | C30: 자동부속재(전기) | D30: 자동부속재(통신)
A31: 배관부속재(%) | B31: 15 | C31: 15 | D31: 20
A32: CD관부속재(%) | B32: 40 | C32: 40 | D32: 40
A33: 소모잡자재(%) | B33: 2 | H33: 본 파일은 이지테크에서 2번 옵션으로 만들었습니다.
A34: 방폭할증(%)
A35: 고소할증(%) | B35: 2
A36: 공구손료(%) | B36: 3
A40: *(공종별 노임 적용율(%))* | B40: 적용율(%) | C40: 소수자릿수
A41: 1-1-2.전력간선설비공사 | B41: 100 | C41: 3
A42: 1-1-3.동력설비공사 | B42: 100 | C42: 3
A43: 1-1-4.전등설비공사 | B43: 100 | C43: 3
A44: 1-1-5.전열설비공사 | B44: 100 | C44: 3
A45: 1-1-6.피뢰설비공사 | B45: 100 | C45: 3
A46: 1-1-7.태양광설비공사 | B46: 100 | C46: 3
A47: 1-1-8.원격검침설비공사 | B47: 100 | C47: 3
A48: 1-1-1-1.전기단위세대(52㎡-4세대) | B48: 100 | C48: 3
A49: 1-1-1-2.전기단위세대(51㎡-39세대) | B49: 100 | C49: 3
A50: 1-1-1-3.전기단위세대(42㎡-17세대) | B50: 100 | C50: 3
A51: 1-1-1-4.전기단위세대(20㎡-20세대) | B51: 100 | C51: 3
A52: 1-2-1.전력간선설비공사 | B52: 100 | C52: 3
... A65: 1-3-9.빌딩자동제어공사 | B65: 100 | C65: 3
A66: 2-1.조명기구 | C66: 0
A67: 2-2.분전반 | C67: 0
A68: 3-1.수배전반 | B68: 100 | C68: 0
A69: 3-2.발전기 | B69: 100 | C69: 0
A70: 3-3.태양광설비 | B70: 100 | C70: 0
A71: 3-4.빌딩자동제어 | B71: 100 | C71: 0
