Workbook
Name _: #REF!
Name __________________q45: {"'용역비'!$A$4:$C$8"}
Name __________________q45: {"'용역비'!$A$4:$C$8"}
Name __________________q45: {"'용역비'!$A$4:$C$8"}
Name __________________q45: {"'용역비'!$A$4:$C$8"}
Name _________________q45: {"'용역비'!$A$4:$C$8"}
Name _________________q45: {"'용역비'!$A$4:$C$8"}
Name _________________q45: {"'용역비'!$A$4:$C$8"}
Name _________________q45: {"'용역비'!$A$4:$C$8"}
Name ________________q45: {"'용역비'!$A$4:$C$8"}
Name ________________q45: {"'용역비'!$A$4:$C$8"}
Name ________________q45: {"'용역비'!$A$4:$C$8"}
Name ________________q45: {"'용역비'!$A$4:$C$8"}
Name _______________q45: {"'용역비'!$A$4:$C$8"}
Name _______________q45: {"'용역비'!$A$4:$C$8"}
Name _______________q45: {"'용역비'!$A$4:$C$8"}
Name _______________q45: {"'용역비'!$A$4:$C$8"}
Name ______________q45: {"'용역비'!$A$4:$C$8"}
Name ______________q45: {"'용역비'!$A$4:$C$8"}
Name ______________q45: {"'용역비'!$A$4:$C$8"}
Name ______________q45: {"'용역비'!$A$4:$C$8"}
Name _____________q45: {"'용역비'!$A$4:$C$8"}
Name _________a32767: #REF!
Name _________cbl2: #REF!
Name _________cbl3: #REF!
Name _________cbl4: #REF!
Name _________cbl5: #REF!
Name _________CSU2: #REF!
Name _________CSU3: #REF!
Name _________FDM2: #REF!
Name _________FDM4: #REF!
Name _________FDM6: #REF!
Name _________FDM8: #REF!
Name _________fkn1: #REF!
Name _________fkn2: #REF!
Name _________fks1: #REF!
Name _________fks2: #REF!
Name _________gbi1: #REF!
Name _________gbi2: #REF!
Name _________gbi3: #REF!
Name _________gbi4: #REF!
Name _________gbi5: #REF!
Name _________gbi6: #REF!
Name _________gbi7: #REF!
Name _________gbi8: #REF!
Name _________gbi9: #REF!
Name _________IDF1: #REF!
Name _________ind1: #REF!
Name _________ind11: #REF!
Name _________ind12: #REF!
Name _________ind13: #REF!
Name _________ind14: #REF!
Name _________ind15: #REF!
Name _________ind16: #REF!
Name _________ind17: #REF!
Name _________ind18: #REF!
Name _________ind19: #REF!
Name _________ind2: #REF!
Name _________ind21: #REF!
Name _________ind23: #REF!

Sheet 표지
A13: ='3.공사비총괄표'!A4 -> 공사명 : 동해안#1 변환소 전력통신설비 시설공사
A24: 2025. 09
C29: 결 재 | D29: 담 당 | E29: 차 장 | F29: 부 장
A42: HVDC건설본부 전자통신부

Sheet 목차
B7: ='1.공사계획서'!A2 -> 1. 공 사 계 획 서
B9: ='2.공사설명서'!A2 -> 2. 공 사 설 명 서
B11: ='3.공사비총괄표'!A2 -> 3. 공 사 비 총 괄 표
B13: ='4.자금계획서'!A2 -> 4. 자 금 계 획 서
B15: ='5.예정공정표'!A2 -> 5. 예 정 공 정 표
B17: ='6.공사비예산서'!B2 -> 6. 공 사 비 예 산 서
B19: ='7.설계명세서'!A2 -> 7. 설 계 명 세 서
B21: 8. 설 비 자 재 산 출
B23: ='9.시방서표지'!A3 -> 9. 공 사 시 방 서
B25: ='10.시설도면'!A3 -> 10. 시 설 도 면

Sheet 1.공사계획서
A2: 1. 공 사 계 획 서
A4: 공 사 명 | B4: 동해안#1 변환소 전력통신설비 시설공사
A5: 총 공 사 비 | B5: =C9+C10 -> 1.5598031e+09 | C5: (a+b, VAT제외)
A6: 추 정 금 액 | B6: =ROUND((C9+C10)*1.1,1) -> 1.7157835e+09 | C6: [(a+b)*1.1, VAT포함]
A7: 추 정 가 격 | B7: ='6.공사비예산서'!$E9 -> 5.0284409e+08 | C7: (VAT제외)
A8: 내 역 | D8: ○ 재 료 비 : | E8: ='6.공사비예산서'!$E14 -> 1.1252955e+09
B9: ○ 회 사 분 [a] : | C9: ='6.공사비예산서'!$E8 -> 1056959053 | D9: ○ 노 무 비 : | E9: ='6.공사비예산서'!$E30 -> 276203502
B10: ○ 추 정 가 격 [b] : | C10: ='6.공사비예산서'!$E9 -> 5.0284409e+08 | D10: ○ 경 비 : | E10: ='6.공사비예산서'!$J14 -> 73421721
B11: ○ 추정가격VAT [c] : | C11: ='6.공사비예산서'!$E10 -> 50284409 | D11: ○ 일 반 관 리 비 : | E11: ='6.공사비예산서'!$J30 -> 33436936
D12: ○ 이 윤 : | E12: ='6.공사비예산서'!$J32 -> 51445446
A13: 예산과목 | B13: ○ 광단말장치 (411200102250011)
B14: ○ LAN설비 (421100101250010)
B15: ○ 급전전화 (421100105250004)
B16: ○ 전원설비 (421300103250036)
B17: ○ 시설보안 (421300102250021)
A18: 자 금 구 분
A19: 공 사 기 간 | B19: 착 공 : 2025년 11월
D20: 착공후 390일
B21: 준 공 : 2026년 12월
A22: 공 사 방 법 | B22: 도 급 공 사
A23: 공사책임자 | B23: HVDC건설본부 전자통신부장
A24: 공사감독자 | B24: HVDC건설본부 전자통신부장이 임명한 자
A25: 준공검사자 | B25: HVDC건설본부 전자통신부장이 임명한 자
A26: 공사인수자 | B26: 경북본부/강원본부 전자제어부장
A27: 첨 부 서 류 | B27: ○ 공사설명서 ○ 공사비총괄표 ○ 자금계획서 ○ 예정공정표 ○ 공사비예산서 ○ 설계명세서 ○ 공사비산출자료 ○ 시방서 ○ 시설도면
A28: 비 고

Sheet 2.공사설명서
A2: 2. 공 사 설 명 서
B4: 1. 공 사 명 : | D4: ='1.공사계획서'!B4 -> 동해안#1 변환소 전력통신설비 시설공사
B6: 2. 공 사 목 적
C7: 가. 500kV HVDC 동해안-신가평 건설 계획과 연계한 전력통신망 제공
C8: 나. 동해안#1 변환소 무인보안감시설비 등 전력통신설비 적기 구축
B10: 3. 공 사 개 요
C11: 가. 공사장소 : 울진군 덕천리 600번지 일원(동해안#1변환소 부지 내)
C12: 나. 시설내역
C13: 1) 송변전용 광단말장치 3식, PtoP 2식 시설((동해안#1, 동강C/H, 신태백S/S))
C14: 2) 전원설비 2식(동해안#1, 동강C/T) 및 LAN설비 · IP계통운영통신시스템 각 1식
C15: 3) 무인보안시스템 1식(카메라 128대, 출입관리)
C16: 4) 기타설비 1식
B18: 4. 재 원
C19: ='1.공사계획서'!B13 -> ○ 광단말장치 (411200102250011)
C20: ='1.공사계획서'!B14 -> ○ LAN설비 (421100101250010)
C21: ='1.공사계획서'!B15 -> ○ 급전전화 (421100105250004)
C22: ='1.공사계획서'!B16 -> ○ 전원설비 (421300103250036)
C23: ='1.공사계획서'!B17 -> ○ 시설보안 (421300102250021)
B25: 5. 공 사 방 법 : | D25: 사업소 도급공사
B27: 6. 총 공 사 비 : | E27: =SUM(F29:F30) -> 1.5598031e+09
B28: 가. 추정금액[(a+b)*1.1] : | F28: =ROUND((F29+F30)*1.1,1) -> 1.7157835e+09
B29: 나. 회 사 분 [a] : | F29: ='6.공사비예산서'!E8 -> 1056959053
B30: 다. 추정가격 [b] : | F30: ='6.공사비예산서'!E9 -> 5.0284409e+08
B31: 라. 추정가격VAT [c] : | F31: ='6.공사비예산서'!E10 -> 50284409
B33: 7. 공 사 기 간 : | D33: 착공 후 390일간
B35: 8. 하 자 기 간 : | D35: 준공검사 완료일로부터 3년(2%) | K35: 관련근거 : 국가를 당사자로 하는 계약에관한 법률 시행규칙[70조(하자담보책임기간) ① 5.정보통신공사업법 시행령 제37조(공사의 하자담조책임)
K36: 관련근거 : 국가를 당사자로 하는 계약에관한 법률 시행규칙[72조(하자보수보증금률) ①항4. 제1호 내지 제3호외의 공사 : 100분의 2]
B37: 9. 시설계통도 : | D37: 붙임참조

Sheet 2-1.계통도(전력통신)
A4: 1. 송변전용 광단말장치 | J4: 3. 계통보호회선유니트(PIU)
A5: 구 분 | B5: 계 통 도 | H5: 비고 | J5: 구 분 | K5: 계 통 도 | Q5: 시설내용
A6: 현 재 | J6: 현 재
A16: 공사후
J17: 공사후 | Q17: ㅇ 세교S/S
Q18: - PIU 8유니트 신설
Q20: ㅇ 금암S/S
Q21: - PIU 8유니트 신설
A27: 비 고 | B27: ㅇ 문서번호 HD(전자)-5054 "500kV HVDC 동해안-신가평 건설사업 광통신설비 구성 알림" 관련 | J27: 비 고 | K27: ㅇ 변전 인터락 접점 수용예정
B28: - (주회선) 송광치, (예비회선) PTP구성 | K28: - 각 T/L별 송신2, 수신2
B29: - 신가평 변환소 ~ 신태백S/S, 신가평 변환소 ~ 동강C/H 구간 장경간으로 광 증폭기 추가 시설

Sheet 2-2.계통도(무인보안)
B2: 2-2. 무인보안시스템 계통도

Sheet 3.공사비총괄표
A2: 3. 공 사 비 총 괄 표
A4: 공사명 : 동해안#1 변환소 전력통신설비 시설공사
A6: =CONCATENATE(" ○ 총 공 사 비 "," : ",TEXT('7.설계명세서'!$G583,"₩##,###,###")) -> ○ 총 공 사 비 : ₩502,844,091 | C6: =CONCATENATE(" ○ 추 정 가 격 "," : ",TEXT('7.설계명세서'!$G600,"₩##,###,###")) -> ○ 추 정 가 격 : ₩502,844,091
A7: =CONCATENATE(" ○ 추 정 금 액 "," : ",TEXT('7.설계명세서'!$G598,"₩##,###,###")) -> ○ 추 정 금 액 : ₩553,128,500 | C7: =CONCATENATE(" ○ 추정가격 VAT "," : ",TEXT('7.설계명세서'!$G601,"₩##,###,###")) -> ○ 추정가격 VAT : ₩50,284,409
A8: 항 목 별 | B8: 취 급 별 | C8: 합 계 | D8: 비 고
A9: 총 공사비 | B9: ( 합 계 ) | C9: =SUM(C10:C13) -> 1.5598031e+09
B10: 본 사 | C10: 0
B11: 사 업 소 | C11: =C19 -> 1056959053
B12: 도 급 | C12: =C20+C25+C26+C21+C27 -> 5.0284409e+08
B13: 비용배분비
A14: 외 자 비 | B14: -
A15: 출고재료비 | B15: 본 사 | C15: 0
B16: 사 업 소
A17: 구입재료비 | B17: ( 소 계 ) | C17: =SUM(C18:C20) -> 1.1252955e+09
B18: 본 사
B19: 사 업 소 | C19: ='6.공사비예산서'!$E15 -> 1056959053
B20: 도 급 | C20: ='6.공사비예산서'!$E16 -> 68336486
A21: 노 무 비 | B21: 도 급 | C21: ='6.공사비예산서'!E30 -> 276203502
A22: 경 비 | B22: ( 소 계 ) | C22: =SUM(C23:C25) -> 73421721
B23: 본 사
B24: 사 업 소
B25: 도 급 | C25: ='6.공사비예산서'!$J16 -> 73421721
A26: 일반관리비 | B26: 도 급 | C26: ='6.공사비예산서'!$J30 -> 33436936
A27: 이 윤 | B27: 도 급 | C27: ='6.공사비예산서'!$J32 -> 51445446
A28: 비용배분비 | B28: -

Sheet 4.자금계획서
A2: 4. 자 금 계 획 서
A3: ='3.공사비총괄표'!A4 -> 공사명 : 동해안#1 변환소 전력통신설비 시설공사
A4: 항 목 별 | B4: 취 급 별 | C4: 2025년 | D4: 2026년 | E4: 계
A5: 재 료 비 | B5: 본 사 | E5: =SUM(C5:D5) -> 0
B6: 사 업 소 | D6: ='6.공사비예산서'!E15 -> 1056959053 | E6: =SUM(C6:D6) -> 1056959053
B7: 도 급 | D7: ='6.공사비예산서'!E16 -> 68336486 | E7: =SUM(C7:D7) -> 68336486
A8: 노 무 비 | B8: 본 사 | E8: =SUM(C8:D8) -> 0
B9: 사 업 소 | E9: =SUM(C9:D9) -> 0
B10: 도 급 | D10: ='6.공사비예산서'!E32 -> 276203502 | E10: =SUM(C10:D10) -> 276203502
A11: 경 비 | B11: 본 사 | E11: =SUM(C11:D11) -> 0
B12: 사 업 소 | E12: =SUM(C12:D12) -> 0
B13: 도 급 | D13: ='6.공사비예산서'!J14 -> 73421721 | E13: =SUM(C13:D13) -> 73421721
A14: 일 반 관 리 비 | B14: 본 사 | E14: =SUM(C14:D14) -> 0
B15: 사 업 소 | E15: =SUM(C15:D15) -> 0
B16: 도 급 | D16: ='6.공사비예산서'!J30 -> 33436936 | E16: =SUM(C16:D16) -> 33436936
A17: 이 윤 | B17: 본 사 | E17: =SUM(C17:D17) -> 0
B18: 사 업 소 | E18: =SUM(C18:D18) -> 0
B19: 도 급 | D19: ='6.공사비예산서'!J32 -> 51445446 | E19: =SUM(C19:D19) -> 51445446
A20: 저 장 관 리 비 | B20: 본 사 | E20: =SUM(C20:D20) -> 0
B21: 사 업 소 | E21: =SUM(C21:D21) -> 0
A22: 계 | B22: 본 사 | E22: =SUM(C22:D22) -> 0
B23: 사 업 소 | D23: =SUM(D6,D9,D12,D15,D18,D21) -> 1056959053 | E23: =SUM(C23:D23) -> 1056959053
B24: 도 급 | D24: =SUM(D7,D10,D13,D16,D19) -> 5.0284409e+08 | E24: =SUM(C24:D24) -> 5.0284409e+08

Sheet 5.예정공정표
A2: 5. 예 정 공 정 표
B4: ='3.공사비총괄표'!A4 -> 공사명 : 동해안#1 변환소 전력통신설비 시설공사
B5: 기 간 공 정
D6: 10 | E6: 20 | F6: =E6+10 -> 30 | G6: =F6+10 -> 40 | H6: =G6+10 -> 50 | I6: =H6+10 -> 60 | J6: =I6+10 -> 70 | K6: =J6+10 -> 80 | L6: =K6+10 -> 90 | M6: =L6+10 -> 100 | ... AP6: =AO6+10 -> 390
B7: 자재검수 및 작업준비
C8: 케이블 금구류(행거,홀더) 철거
B9: 광전송 (단말) 장치 | C9: 랙 설치 및 케이블 포설
C10: 케이블 심선성단 및 수용
C11: 장비SETUP 및 종합시험
B12: 전원설비 네트워크 IPT | C12: 랙 설치 및 케이블 포설
C13: 케이블 결선
C14: 장비SETUP, 자체시험 및 연동시험
B15: 보안시스템 | C15: 장비 및 배관 설치
C16: 케이블 포설
C17: 장비SETUP, 자체시험 및 연동시험
B18: 준공 전 인수점검
B19: 지적사항 보완, 현장정리 및 준공

Sheet 6.공사비예산서
B2: 6. 공 사 비 예 산 서
B5: ○ 공 사 명 : | D5: ='1.공사계획서'!B4 -> 동해안#1 변환소 전력통신설비 시설공사
J6: 2025. 09. 29.
B7: 추정금액[(a+b)*1.1] | E7: =ROUND((E8+E9)*1.1,1) -> 1.7157835e+09 | H7: 검 토 자 | I7: : | J7: 오 승 조 (인)
B8: 회사취급비[a] | E8: =E15+J15 -> 1056959053 | H8: 작 성 자 | I8: : | J8: 이 주 신 (인)
B9: 추 정 가 격[b] | E9: =E16+E32+J16+J30+J32 -> 5.0284409e+08
B10: 추정가격VAT[c] | E10: =ROUND((E9*10%),0) -> 50284409
B12: 1. 총 공 사 비 | E12: =E14+E30+J14+J30+J32 -> 1.5598031e+09
B14: 가. 재 료 비 | E14: =E15+E16 -> 1.1252955e+09 | G14: 다. 경 비 | J14: =J16+J15 -> 73421721
C15: 회 사 분 | E15: =E18+E21 -> 1056959053 | H15: 회 사 분 | J15: ='7.설계명세서'!G560 -> 0
C16: 도 급 분 | E16: =E27+E28 -> 68336486 | H16: 도 급 분 | J16: =SUM(J18:J28) -> 73421721
B18: 1) 출고재료비 | E18: =E19+E20 -> 0 | G18: 1) 기계경비 | J18: ='7.설계명세서'!G563 -> 2900000
C19: 본 사 분 | E19: 0 | G19: 2) 공구손료 | J19: ='7.설계명세서'!$G564 -> 6585831
C20: 사업소분 | E20: 0 | G20: 3) 산재보험료 | J20: ='7.설계명세서'!$G565 -> 10015138
B21: 2) 구입재료비 | E21: =E22+E23+E24 -> 1056959053 | G21: 4) 고용보험료 | J21: ='7.설계명세서'!$G566 -> 2789655
C22: CP외자 | G22: 5) 국민건강보험료 | J22: ='7.설계명세서'!$G567 -> 9649656
C23: CP내자 | E23: ='7.설계명세서'!$G6 -> 1056959053 | G23: 6) 국민연금보험료 | J23: ='7.설계명세서'!$G568 -> 12249211
C24: LP내자 | G24: 7) 노인장기요양보험료 | J24: ='7.설계명세서'!$G569 -> 1249630
B25: 3) 회사운반비 | G25: 8) 퇴직공제부금비 | J25: ='7.설계명세서'!$G570 -> 5504922
B26: 4) 외자조작비 | G26: 9) 산업안전보건관리비 | J26: ='7.설계명세서'!$G571 -> 8696079
B27: 5) 지입재료비 | E27: ='7.설계명세서'!$G111 -> 68336486 | G27: 10) 기타경비 | J27: ='7.설계명세서'!G574 -> 13781599
B28: 6) 잡 재 료 비
B30: 나. 노 무 비 | E30: =SUM(E31:E32) -> 276203502 | G30: 라. 일반관리비 | J30: ='7.설계명세서'!$G577 -> 33436936
C31: 회 사 분
C32: 도 급 분 | E32: =SUM(E34:E35) -> 276203502 | G32: 마. 이 윤 | J32: ='7.설계명세서'!$G580 -> 51445446
B34: 1) 직접노무비 | E34: ='7.설계명세서'!G318 -> 239344456
B35: 2) 간접노무비 | E35: ='7.설계명세서'!G556 -> 36859046

Sheet 집계표
A1: 공사비 집계표(전력통신)
A2: ='3.공사비총괄표'!A4 -> 공사명 : 동해안#1 변환소 전력통신설비 시설공사
A3: 구 분 | C3: 비율 | D3: 요율 | F3: 과목별 예산내역 | L3: 비고
E4: 비금속광케이블 | F4: 송변전광전송장치 | G4: 전원설비 | H4: LAN,PIA | I4: IP계통운영 | J4: 무인보안 | K4: 합 계
A6: 재료비 | B6: 사급재료비 | F6: ='7.설계명세서'!G8 -> 320731684 | G6: ='7.설계명세서'!G31 -> 80375673 | H6: ='7.설계명세서'!G45 -> 13899124 | I6: ='7.설계명세서'!G52 -> 14215014 | J6: ='7.설계명세서'!G57 -> 627737558 | K6: =SUM(E6:J6) -> 1056959053 | M6: ='7.설계명세서'!G6 -> 1056959053
B7: 지입재료비 | F7: ='7.설계명세서'!G113 -> 1792930 | G7: ='7.설계명세서'!G176 -> 16306791 | H7: ='7.설계명세서'!G195 -> 1788725 | I7: ='7.설계명세서'!G229 -> 1204261 | J7: ='7.설계명세서'!G249 -> 47243779 | K7: =SUM(E7:J7) -> 68336486 | M7: ='7.설계명세서'!G111 -> 68336486
B8: 소 계 | F8: =SUM(F6:F7) -> 322524614 | G8: =SUM(G6:G7) -> 96682464 | H8: =SUM(H6:H7) -> 15687849 | I8: =SUM(I6:I7) -> 15419275 | J8: =SUM(J6:J7) -> 6.7498134e+08 | K8: =SUM(E8:J8) -> 1.1252955e+09 | M8: ='7.설계명세서'!G5 -> 1.1252955e+09
A9: 노무비 | B9: 직접노무비 | F9: ='7.설계명세서'!G341 -> 18783666 | G9: ='7.설계명세서'!G393 -> 27254707 | H9: ='7.설계명세서'!G414 -> 2616844 | I9: ='7.설계명세서'!G444 -> 2869166 | J9: ='7.설계명세서'!G461 -> 187820073 | K9: =SUM(E9:J9) -> 239344456 | M9: ='7.설계명세서'!G318 -> 239344456
B10: 간접노무비 | C10: ='7.설계명세서'!B557 -> 간접노무비(직접노무비 * 요율) | D10: ='7.설계명세서'!E557 -> 0.154 | F10: =INT(F9*$D$10) -> 2892684 | G10: =INT(G9*$D$10) -> 4197224 | H10: =INT(H9*$D$10) -> 402993 | I10: =INT(I9*$D$10) -> 441851 | J10: =INT(J9*$D$10) -> 28924291 | K10: =SUM(E10:J10) -> 36859043 | M10: ='7.설계명세서'!G556 -> 36859046
B11: 소 계 | F11: =SUM(F9:F10) -> 21676350 | G11: =SUM(G9:G10) -> 31451931 | H11: =SUM(H9:H10) -> 3019837 | I11: =SUM(I9:I10) -> 3311017 | J11: =SUM(J9:J10) -> 216744364 | K11: =SUM(K9:K10) -> 276203499 | M11: ='7.설계명세서'!G317 -> 276203502
A12: 경비 | B12: 공구손료 | C12: 직접노무비*3% | D12: ='7.설계명세서'!E564 -> 0.03 | F12: =INT((F9-1569606)*$D$12) -> 516421 | G12: =INT((G9-164016)*$D$12) -> 812720 | H12: =INT((H9-309732)*$D$12) -> 69213 | I12: =INT((I9-352446)*$D$12) -> 75501 | J12: =INT((J9-20182697)*$D$12)+'7.설계명세서'!G563 -> 7929121 | K12: =SUM(E12:J12) -> 9402976 | M12: ='7.설계명세서'!G564 -> 6585831
B13: 산재보험료 | C13: 노무비*3.763% | D13: ='7.설계명세서'!E565 -> 0.03626 | F13: =INT($D$13*F11) -> 785984 | G13: =INT($D$13*G11) -> 1140447 | H13: =INT($D$13*H11) -> 109499 | I13: =INT($D$13*I11) -> 120057 | J13: =INT($D$13*J11) -> 7859150 | K13: =SUM(E13:J13) -> 10015137 | M13: ='7.설계명세서'!G565 -> 10015138
B14: 고용보험료 | C14: 노무비*1.01% | D14: ='7.설계명세서'!E566 -> 0.0101 | F14: =INT($D$14*F11) -> 218931 | G14: =INT($D$14*G11) -> 317664 | H14: =INT($D$14*H11) -> 30500 | I14: =INT($D$14*I11) -> 33441 | J14: =INT($D$14*J11) -> 2189118 | K14: =SUM(E14:J14) -> 2789654 | M14: ='7.설계명세서'!G566 -> 2789655
B15: 국민건강보험료 | C15: 직노*3.545% | D15: ='7.설계명세서'!E567 -> 0.03545 | F15: =INT($D$15*F9) -> 665880 | G15: =INT($D$15*G9) -> 966179 | H15: =INT($D$15*H9) -> 92767 | I15: =INT($D$15*I9) -> 101711 | J15: =INT($D$15*J9) -> 6658221 | K15: =SUM(E15:J15) -> 8484758 | M15: ='7.설계명세서'!G567 -> 9649656
B16: 국민연금보험료 | C16: 직노*4.5% | D16: ='7.설계명세서'!E568 -> 0.045 | F16: =INT($D$16*F9) -> 845264 | G16: =INT($D$16*G9) -> 1226461 | H16: =INT($D$16*H9) -> 117757 | I16: =INT($D$16*I9) -> 129112 | J16: =INT($D$16*J9) -> 8451903 | K16: =SUM(E16:J16) -> 10770497 | M16: ='7.설계명세서'!G568 -> 12249211
B17: 노인장기요양보험료 | C17: 국민건강보험료*11.52% | D17: ='7.설계명세서'!E569 -> 0.1295 | F17: =INT(F15*$D$17) -> 86231 | G17: =INT(G15*$D$17) -> 125120 | H17: =INT(H15*$D$17) -> 12013 | I17: =INT(I15*$D$17) -> 13171 | J17: =INT(J15*$D$17) -> 862239 | K17: =SUM(E17:J17) -> 1098774 | M17: ='7.설계명세서'!G569 -> 1249630
B18: 퇴직공제가입금 | C18: 직노*2.3% | D18: ='7.설계명세서'!E570 -> 0.023 | F18: =INT($D$18*F9) -> 432024 | G18: =INT($D$18*G9) -> 626858 | H18: =INT($D$18*H9) -> 60187 | I18: =INT($D$18*I9) -> 65990 | J18: =INT($D$18*J9) -> 4319861 | K18: =SUM(E18:J18) -> 5504920 | M18: ='7.설계명세서'!G570 -> 5504922
B19: 산업안전보건관리비 | C19: [(지입재료비+직접노무비) × 적용율 + 기초액] × 1.2 | D19: ='7.설계명세서'!D572 -> 0.0207 | F19: =INT(((F7+F9)*$D$19)*1.2) -> 511122 | G19: =INT(((G7+G9)*$D$19)*1.2) -> 1082067 | H19: =INT(((H7+H9)*$D$19)*1.2) -> 109434 | I19: =INT(((I7+I9)*$D$19)*1.2) -> 101183 | J19: =INT(((J7+J9)*$D$19)*1.2) -> 5838986 | K19: =SUM(E19:J19) -> 7642792 | M19: ='7.설계명세서'!G571 -> 8696079
B20: 기타경비 | C20: (지입재료비+노무비)*4.0% | D20: ='7.설계명세서'!E574 -> 0.04 | F20: =INT(($D$20*(F11+F7))) -> 938771 | G20: =INT(($D$20*(G11+G7))) -> 1910348 | H20: =INT(($D$20*(H11+H7))) -> 192342 | I20: =INT(($D$20*(I11+I7))) -> 180611 | J20: =INT(($D$20*(J11+J7))) -> 10559525 | K20: =SUM(E20:J20) -> 13781597 | M20: ='7.설계명세서'!G574 -> 13781599
B21: 소 계 | F21: =SUM(F12:F20) -> 5000628 | G21: =SUM(G12:G20) -> 8207864 | H21: =SUM(H12:H20) -> 793712 | I21: =SUM(I12:I20) -> 820777 | J21: =SUM(J12:J20) -> 54668124 | K21: =SUM(E21:J21) -> 69491105 | M21: ='7.설계명세서'!G562 -> 73421721
A22: 일반관리비 | C22: (지입재료비+노무비+도급경비) X 요율 | D22: ='7.설계명세서'!E578 -> 0.08 | F22: =INT($D$22*((F11+F7+F21))) -> 2277592 | G22: =INT($D$22*((G11+G7+G21))) -> 4477326 | H22: =INT($D$22*((H11+H7+H21))) -> 448181 | I22: =INT($D$22*((I11+I7+I21))) -> 426884 | J22: =INT($D$22*((J11+J7+J21))) -> 25492501 | K22: =SUM(E22:J22) -> 33122484 | M22: ='7.설계명세서'!G577 -> 33436936
A23: 이 윤 | C23: (노무비 + 경비 + 일반관리비) X 이윤율 | D23: ='7.설계명세서'!E581 -> 0.13431 | F23: =INT($D$23*((F22+F21+F11))) -> 3888888 | G23: =INT($D$23*((G22+G21+G11))) -> 5928056 | H23: =INT($D$23*((H22+H21+H11))) -> 572392 | I23: =INT($D$23*((I22+I21+I11))) -> 612276 | J23: =INT($D$23*((J22+J21+J11)))-5664 -> 39871645 | K23: =SUM(E23:J23) -> 50873257 | M23: ='7.설계명세서'!G580 -> 51445446
A24: 추정가격(a) | F24: =INT(F23+F22+F21+F11+F7) -> 34636388 | G24: =INT(G23+G22+G21+G11+G7) -> 66371968 | H24: =INT(H23+H22+H21+H11+H7) -> 6622847 | I24: =INT(I23+I22+I21+I11+I7) -> 6375215 | J24: =INT(J23+J22+J21+J11+J7) -> 384020412 | K24: =SUM(E24:J24)+L24 -> 498026830 | M24: ='7.설계명세서'!G600 -> 5.0284409e+08 | U24: =S24-T24 -> 0
A25: 추정가격 VAT( c ) | F25: =F24*10% -> 3463638.8 | G25: =G24*10% -> 6637196.8 | H25: =H24*10% -> 662284.7 | I25: =I24*10% -> 637521.5 | J25: =J24*10% -> 38402041 | K25: =SUM(E25:J25) -> 49802683 | M25: ='7.설계명세서'!G601 -> 50284409
A26: 추정금액(d) | C26: d=(a+b)*1.1 | F26: =(F24+F27)*1.1 -> 3.9090488e+08 | G26: =(G24+G27)*1.1 -> 1.6142241e+08 | H26: =(H24+H27)*1.1 -> 22574168 | I26: =(I24+I27)*1.1 -> 22649252 | J26: =(J24+J27)*1.1 -> 1112933767 | K26: =SUM(E26:J26) -> 1.7104845e+09 | M26: ='7.설계명세서'!G598 -> 553128500
A27: 회사분(b) | F27: =F6 -> 320731684 | G27: =G6 -> 80375673 | H27: =H6 -> 13899124 | I27: =I6 -> 14215014 | J27: =J6 -> 627737558 | K27: =SUM(E27:J27) -> 1056959053 | M27: ='7.설계명세서'!G599 -> 0
A28: 총공사비( E ) | F28: =F24+F27 -> 355368072 | G28: =G24+G27 -> 146747641 | H28: =H24+H27 -> 20521971 | I28: =I24+I27 -> 20590229 | J28: =J24+J27 -> 1011757970 | K28: =SUM(E28:J28)+L28 -> 1554985883 | M28: ='7.설계명세서'!G583 -> 5.0284409e+08

Sheet 7.설계명세서
A2: 7. 설 계 명 세 서 | J2: Ⅶ. 설 계 명 세 서(전력통신-종합)
A3: =표지!A13 -> 공사명 : 동해안#1 변환소 전력통신설비 시설공사 | J3: =$A3 -> 공사명 : 동해안#1 변환소 전력통신설비 시설공사
A4: No. | B4: 품 명 | C4: 규 격 | D4: 단위 | E4: 수량 | F4: 단 가 | G4: 금 액 | H4: 비 고 | J4: No. | K4: 품 명 | L4: 규 격 | M4: 단위 | N4: 수량 | O4: 단 가 | P4: 금 액 | Q4: 비 고
A5: [ 재 료 비 ] | G5: =G6+G111 -> 1.1252955e+09 | J5: [ 재 료 비 ] | P5: =P6+P111 -> #REF! | R5: =E5-N5 -> 0 | S5: =G5-P5 -> #REF! | T5: =#REF!+#REF! -> #REF! | U5: =P5-T5 -> #REF!
A6: Ⅰ. 사 급 분 | G6: =G8+G31+G45+G52+G57 -> 1056959053 | I6: 단수정리 | J6: Ⅰ. 사 급 분 | P6: =#REF!+#REF!+#REF!+P8+P31+P45 -> #REF! | R6: =E6-N6 -> 0 | S6: =G6-P6 -> #REF! | T6: =#REF!+#REF! -> #REF! | U6: =P6-T6 -> #REF!
N7: =#REF!+#REF! -> #REF! | R7: =E7-N7 -> #REF! | S7: =G7-P7 -> 0 | T7: =#REF!+#REF! -> #REF! | U7: =P7-T7 -> #REF!
A8: ='8-1.설비자재산출(전력통신)'!A3 -> 1. 송변전광전송단말장치 | G8: =SUM(G9:G28) -> 320731684 | J8: =$A8 -> 1. 송변전광전송단말장치 | N8: =#REF!+#REF! -> #REF! | P8: =SUM(P9:P116) -> #REF! | R8: =E8-N8 -> #REF! | S8: =G8-P8 -> #REF! | T8: =#REF!+#REF! -> #REF! | U8: =P8-T8 -> #REF!
A9: ='8-1.설비자재산출(전력통신)'!B7 -> 126546 | B9: ='8-1.설비자재산출(전력통신)'!C7 -> 주셀프 | C9: ='8-1.설비자재산출(전력통신)'!D7 -> MAIN-S | D9: ='8-1.설비자재산출(전력통신)'!I7 -> EA | E9: ='8-1.설비자재산출(전력통신)'!N7 -> 3 | F9: =VLOOKUP(C9,'8-6.자재단가비교표'!$C$7:$O$332,12,0) -> 3238028.4 | G9: =INT(E9*F9) -> 9714085 | H9: =VLOOKUP(C9,'8-6.자재단가비교표'!$C$7:$O$332,13,0) -> ERP단가 | J9: =$A9 -> 126546 | K9: =$B9 -> 주셀프 | L9: =$C9 -> MAIN-S | M9: =$D9 -> EA | N9: =#REF!+#REF! -> #REF! | O9: =VLOOKUP(L9,'8-6.자재단가비교표'!$C$8:$O$332,12,0) -> 3238028.4 | P9: =INT(N9*O9) -> #REF! | Q9: =VLOOKUP(L9,'8-6.자재단가비교표'!$C$8:$O$328,13,0) -> ERP단가 | R9: =E9-N9 -> #REF! | S9: =G9-P9 -> #REF! | T9: =#REF!+#REF! -> #REF! | U9: =P9-T9 -> #REF!
A10: ='8-1.설비자재산출(전력통신)'!B8 -> 126547 | B10: ='8-1.설비자재산출(전력통신)'!C8 -> 확장셀프 | C10: ='8-1.설비자재산출(전력통신)'!D8 -> EXT-S | D10: ='8-1.설비자재산출(전력통신)'!I8 -> EA | E10: ='8-1.설비자재산출(전력통신)'!N8 -> 0 | F10: =VLOOKUP(C10,'8-6.자재단가비교표'!$C$7:$O$332,12,0) -> 2996081.8 | G10: =INT(E10*F10) -> 0 | H10: =VLOOKUP(C10,'8-6.자재단가비교표'!$C$7:$O$332,13,0) -> ERP단가 | J10: =$A10 -> 126547 | K10: =$B10 -> 확장셀프 | L10: =$C10 -> EXT-S | M10: =$D10 -> EA | N10: =#REF!+#REF! -> #REF! | O10: =VLOOKUP(L10,'8-6.자재단가비교표'!$C$8:$O$332,12,0) -> 2996081.8 | P10: =INT(N10*O10) -> #REF! | Q10: =VLOOKUP(L10,'8-6.자재단가비교표'!$C$8:$O$328,13,0) -> ERP단가 | R10: =E10-N10 -> #REF! | S10: =G10-P10 -> #REF! | T10: =#REF!+#REF! -> #REF! | U10: =P10-T10 -> #REF!
A11: ='8-1.설비자재산출(전력통신)'!B9 -> 126548 | B11: ='8-1.설비자재산출(전력통신)'!C9 -> 광전송유니트(A) | C11: ='8-1.설비자재산출(전력통신)'!D9 -> CTRU(A) | D11: ='8-1.설비자재산출(전력통신)'!I9 -> EA | E11: ='8-1.설비자재산출(전력통신)'!N9 -> 4 | F11: =VLOOKUP(C11,'8-6.자재단가비교표'!$C$7:$O$332,12,0) -> 15504516 | G11: =INT(E11*F11) -> 62018063 | H11: =VLOOKUP(C11,'8-6.자재단가비교표'!$C$7:$O$332,13,0) -> ERP단가 | J11: =$A11 -> 126548 | K11: =$B11 -> 광전송유니트(A) | L11: =$C11 -> CTRU(A) | M11: =$D11 -> EA | N11: =#REF!+#REF! -> #REF! | O11: =VLOOKUP(L11,'8-6.자재단가비교표'!$C$8:$O$332,12,0) -> 15504516 | P11: =INT(N11*O11) -> #REF! | Q11: =VLOOKUP(L11,'8-6.자재단가비교표'!$C$8:$O$328,13,0) -> ERP단가 | R11: =E11-N11 -> #REF! | S11: =G11-P11 -> #REF! | T11: =#REF!+#REF! -> #REF! | U11: =P11-T11 -> #REF!
A12: ='8-1.설비자재산출(전력통신)'!B10 -> 126549 | B12: ='8-1.설비자재산출(전력통신)'!C10 -> 광전송유니트(B) | C12: ='8-1.설비자재산출(전력통신)'!D10 -> CTRU(B) | D12: ='8-1.설비자재산출(전력통신)'!I10 -> 대 | E12: ='8-1.설비자재산출(전력통신)'!N10 -> 0 | F12: =VLOOKUP(C12,'8-6.자재단가비교표'!$C$7:$O$332,12,0) -> 15965698 | G12: =INT(E12*F12) -> 0 | H12: =VLOOKUP(C12,'8-6.자재단가비교표'!$C$7:$O$332,13,0) -> ERP단가
A13: ='8-1.설비자재산출(전력통신)'!B11 -> 126550 | B13: ='8-1.설비자재산출(전력통신)'!C11 -> 광전송유니트(C) | C13: ='8-1.설비자재산출(전력통신)'!D11 -> CTRU(C) | D13: ='8-1.설비자재산출(전력통신)'!I11 -> EA | E13: ='8-1.설비자재산출(전력통신)'!N11 -> 2 | F13: =VLOOKUP(C13,'8-6.자재단가비교표'!$C$7:$O$332,12,0) -> 19091522 | G13: =INT(E13*F13) -> 38183043 | H13: =VLOOKUP(C13,'8-6.자재단가비교표'!$C$7:$O$332,13,0) -> ERP단가
A14: ='8-1.설비자재산출(전력통신)'!B12 -> 126551 | B14: ='8-1.설비자재산출(전력통신)'!C12 -> 제어유니트 | C14: ='8-1.설비자재산출(전력통신)'!D12 -> MCU | D14: ='8-1.설비자재산출(전력통신)'!I12 -> EA | E14: ='8-1.설비자재산출(전력통신)'!N12 -> 3 | F14: =VLOOKUP(C14,'8-6.자재단가비교표'!$C$7:$O$332,12,0) -> 2309609 | G14: =INT(E14*F14) -> 6928826 | H14: =VLOOKUP(C14,'8-6.자재단가비교표'!$C$7:$O$332,13,0) -> ERP단가
A15: ='8-1.설비자재산출(전력통신)'!B13 -> 126552 | B15: ='8-1.설비자재산출(전력통신)'!C13 -> DS-1/E 회선유니트 | C15: ='8-1.설비자재산출(전력통신)'!D13 -> LIU | D15: ='8-1.설비자재산출(전력통신)'!I13 -> EA | E15: ='8-1.설비자재산출(전력통신)'!N13 -> 3 | F15: =VLOOKUP(C15,'8-6.자재단가비교표'!$C$7:$O$332,12,0) -> 2890329.1 | G15: =INT(E15*F15) -> 8670987 | H15: =VLOOKUP(C15,'8-6.자재단가비교표'!$C$7:$O$332,13,0) -> ERP단가
A16: ='8-1.설비자재산출(전력통신)'!B14 -> 126553 | B16: ='8-1.설비자재산출(전력통신)'!C14 -> 계통보호 회선유니트 | C16: ='8-1.설비자재산출(전력통신)'!D14 -> PIU | D16: ='8-1.설비자재산출(전력통신)'!I14 -> EA | E16: ='8-1.설비자재산출(전력통신)'!N14 -> 0 | F16: =VLOOKUP(C16,'8-6.자재단가비교표'!$C$7:$O$332,12,0) -> 0 | G16: =INT(E16*F16) -> 0 | H16: =VLOOKUP(C16,'8-6.자재단가비교표'!$C$7:$O$332,13,0) -> ERP단가
A17: ='8-1.설비자재산출(전력통신)'!B15 -> 126554 | B17: ='8-1.설비자재산출(전력통신)'!C15 -> 확장셀프 데이터 집선유니트 | C17: ='8-1.설비자재산출(전력통신)'!D15 -> ECU | D17: ='8-1.설비자재산출(전력통신)'!I15 -> EA | E17: ='8-1.설비자재산출(전력통신)'!N15 -> 0 | F17: =VLOOKUP(C17,'8-6.자재단가비교표'!$C$7:$O$332,12,0) -> 1626802.2 | G17: =INT(E17*F17) -> 0 | H17: =VLOOKUP(C17,'8-6.자재단가비교표'!$C$7:$O$332,13,0) -> ERP단가
A18: ='8-1.설비자재산출(전력통신)'!B16 -> 127955 | B18: ='8-1.설비자재산출(전력통신)'!C16 -> 채널급 유니트 | C18: ='8-1.설비자재산출(전력통신)'!D16 -> 4W E&M | D18: ='8-1.설비자재산출(전력통신)'!I16 -> EA | E18: ='8-1.설비자재산출(전력통신)'!N16 -> 0 | F18: =VLOOKUP(C18,'8-6.자재단가비교표'!$C$7:$O$332,12,0) -> 2297842.1 | G18: =INT(E18*F18) -> 0 | H18: =VLOOKUP(C18,'8-6.자재단가비교표'!$C$7:$O$332,13,0) -> ERP단가
A19: ='8-1.설비자재산출(전력통신)'!B17 -> 126555 | B19: ='8-1.설비자재산출(전력통신)'!C17 -> P-to-P(A) 광전송장치 | C19: ='8-1.설비자재산출(전력통신)'!D17 -> PTPU(A) | D19: ='8-1.설비자재산출(전력통신)'!I17 -> EA | E19: ='8-1.설비자재산출(전력통신)'!N17 -> 0 | F19: =VLOOKUP(C19,'8-6.자재단가비교표'!$C$7:$O$332,12,0) -> 3427715.5 | G19: =INT(E19*F19) -> 0 | H19: =VLOOKUP(C19,'8-6.자재단가비교표'!$C$7:$O$332,13,0) -> ERP단가
A20: ='8-1.설비자재산출(전력통신)'!B18 -> 126556 | B20: ='8-1.설비자재산출(전력통신)'!C18 -> P-to-P(B) 광전송장치 | C20: ='8-1.설비자재산출(전력통신)'!D18 -> PTPU(B) | D20: ='8-1.설비자재산출(전력통신)'!I18 -> EA | E20: ='8-1.설비자재산출(전력통신)'!N18 -> 0 | F20: =VLOOKUP(C20,'8-6.자재단가비교표'!$C$7:$O$332,12,0) -> 3998046.4 | G20: =INT(E20*F20) -> 0 | H20: =VLOOKUP(C20,'8-6.자재단가비교표'!$C$7:$O$332,13,0) -> ERP단가
A21: ='8-1.설비자재산출(전력통신)'!B19 -> 126557 | B21: ='8-1.설비자재산출(전력통신)'!C19 -> P-to-P(C) 광전송장치 | C21: ='8-1.설비자재산출(전력통신)'!D19 -> PTPU(C) | D21: ='8-1.설비자재산출(전력통신)'!I19 -> EA | E21: ='8-1.설비자재산출(전력통신)'!N19 -> 2 | F21: =VLOOKUP(C21,'8-6.자재단가비교표'!$C$7:$O$332,12,0) -> 4764201.4 | G21: =INT(E21*F21) -> 9528402 | H21: =VLOOKUP(C21,'8-6.자재단가비교표'!$C$7:$O$332,13,0) -> ERP단가
A22: ='8-1.설비자재산출(전력통신)'!B20 -> 126558 | B22: ='8-1.설비자재산출(전력통신)'!C20 -> 전용랙(내진) | C22: ='8-1.설비자재산출(전력통신)'!D20 -> 19"-내진랙 | D22: ='8-1.설비자재산출(전력통신)'!I20 -> EA | E22: ='8-1.설비자재산출(전력통신)'!N20 -> 4 | F22: =VLOOKUP(C22,'8-6.자재단가비교표'!$C$7:$O$332,12,0) -> 5985995.9 | G22: =INT(E22*F22) -> 23943983 | H22: =VLOOKUP(C22,'8-6.자재단가비교표'!$C$7:$O$332,13,0) -> ERP단가
A23: ='8-1.설비자재산출(전력통신)'!B21 -> 120544 | B23: ='8-1.설비자재산출(전력통신)'!C21 -> 챔프케이블(송광치) | C23: ='8-1.설비자재산출(전력통신)'!D21 -> CH-SM-15(송광치) | D23: ='8-1.설비자재산출(전력통신)'!I21 -> EA | E23: ='8-1.설비자재산출(전력통신)'!N21 -> 4 | F23: =VLOOKUP(C23,'8-6.자재단가비교표'!$C$7:$O$332,12,0) -> 94859.772 | G23: =INT(E23*F23) -> 379439 | H23: =VLOOKUP(C23,'8-6.자재단가비교표'!$C$7:$O$332,13,0) -> ERP단가
... A26: ='8-1.설비자재산출(전력통신)'!B24 -> 127037 | B26: ='8-1.설비자재산출(전력통신)'!C24 -> 송변전용스위치(A) | C26: ='8-1.설비자재산출(전력통신)'!D24 -> L3SWU(A) | D26: ='8-1.설비자재산출(전력통신)'!I24 -> EA | E26: ='8-1.설비자재산출(전력통신)'!N24 -> 7 | F26: =VLOOKUP(C26,'8-6.자재단가비교표'!$C$7:$O$332,12,0) -> 3509880 | G26: =INT(E26*F26) -> 24569160 | H26: =VLOOKUP(C26,'8-6.자재단가비교표'!$C$7:$O$332,13,0) -> ERP단가
B27: ='8-1.설비자재산출(전력통신)'!C25 -> 광증폭기 | C27: ='8-1.설비자재산출(전력통신)'!D25 -> 8CH | D27: ='8-1.설비자재산출(전력통신)'!I25 -> EA | E27: ='8-1.설비자재산출(전력통신)'!N25 -> 5 | F27: =VLOOKUP(C27,'8-6.자재단가비교표'!$C$7:$O$332,12,0) -> 21936750 | G27: =INT(E27*F27) -> 109683750 | H27: 견적가
B28: ='8-1.설비자재산출(전력통신)'!C32 -> 컨테이너 | C28: ='8-1.설비자재산출(전력통신)'!D32 -> ICT실용, 냉방기, 단열재, 운송 설치 포함 | D28: ='8-1.설비자재산출(전력통신)'!I32 -> EA | E28: ='8-1.설비자재산출(전력통신)'!N32 -> 1 | F28: ='8-6.자재단가비교표'!N32 -> 26536520 | G28: =INT(E28*F28) -> 26536519 | H28: 견적가
N30: =#REF!+#REF! -> #REF! | R30: =E30-N30 -> #REF! | S30: =G30-P30 -> 0 | T30: =#REF!+#REF! -> #REF! | U30: =P30-T30 -> #REF!
A31: ='8-1.설비자재산출(전력통신)'!A95 -> 2. 전원설비 | G31: =SUM(G32:G43) -> 80375673 | J31: =$A31 -> 2. 전원설비 | N31: =#REF!+#REF! -> #REF! | P31: =SUM(P32:P43) -> #REF! | R31: =E31-N31 -> #REF! | S31: =G31-P31 -> #REF! | T31: =#REF!+#REF! -> #REF! | U31: =P31-T31 -> #REF!
A32: ='8-1.설비자재산출(전력통신)'!B98 -> 127046 | B32: ='8-1.설비자재산출(전력통신)'!C98 -> UPS | C32: ='8-1.설비자재산출(전력통신)'!D98 -> 15kVA 입력 3상4선 출력 단상, 내진랙(19") | D32: ='8-1.설비자재산출(전력통신)'!I98 -> 대 | E32: ='8-1.설비자재산출(전력통신)'!N98 -> 1 | F32: =VLOOKUP(C32,'8-6.자재단가비교표'!$C$7:$O$332,12,0) -> 8421907.9 | G32: =INT(E32*F32) -> 8421907 | H32: =VLOOKUP(C32,'8-6.자재단가비교표'!$C$7:$O$332,13,0) -> ERP단가 | J32: =$A32 -> 127046 | K32: =$B32 -> UPS | L32: =$C32 -> 15kVA 입력 3상4선 출력 단상, 내진랙(19") | M32: =$D32 -> 대 | N32: =#REF!+#REF! -> #REF! | O32: =VLOOKUP(L32,'8-6.자재단가비교표'!$C$8:$O$332,12,0) -> 8421907.9 | P32: =INT(N32*O32) -> #REF! | Q32: =VLOOKUP(L32,'8-6.자재단가비교표'!$C$8:$O$328,13,0) -> ERP단가 | R32: =E32-N32 -> #REF! | S32: =G32-P32 -> #REF! | T32: =#REF!+#REF! -> #REF! | U32: =P32-T32 -> #REF!
A33: ='8-1.설비자재산출(전력통신)'!B99 -> 124375 | B33: ='8-1.설비자재산출(전력통신)'!C99 -> UPS | C33: ='8-1.설비자재산출(전력통신)'!D99 -> 5kVA 입력 3상4선 출력 단상, 내진랙(19") | D33: ='8-1.설비자재산출(전력통신)'!I99 -> 대 | E33: ='8-1.설비자재산출(전력통신)'!N99 -> 1 | F33: ='8-6.자재단가비교표'!E98 -> 9343862 | G33: =INT(E33*F33) -> 9343862 | H33: =VLOOKUP(C33,'8-6.자재단가비교표'!$C$7:$O$332,13,0) -> ERP단가
A34: ='8-1.설비자재산출(전력통신)'!B100 -> 125497 | B34: ='8-1.설비자재산출(전력통신)'!C100 -> 통신용충전기 | C34: ='8-1.설비자재산출(전력통신)'!D100 -> 48V 100A(50A * 2), 단독형, 내진랙(19") | D34: ='8-1.설비자재산출(전력통신)'!I100 -> 대 | E34: ='8-1.설비자재산출(전력통신)'!N100 -> 1 | F34: =VLOOKUP(C34,'8-6.자재단가비교표'!$C$7:$O$332,12,0) -> 7651000.5 | G34: =INT(E34*F34) -> 7651000 | H34: =VLOOKUP(C34,'8-6.자재단가비교표'!$C$7:$O$332,13,0) -> ERP단가
A35: ='8-1.설비자재산출(전력통신)'!B101 -> 125498 | B35: ='8-1.설비자재산출(전력통신)'!C101 -> 통신용충전기 | C35: ='8-1.설비자재산출(전력통신)'!D101 -> 48V 100A(50A * 3), 단독형, 내진랙(19") | D35: ='8-1.설비자재산출(전력통신)'!I101 -> 대 | E35: ='8-1.설비자재산출(전력통신)'!N101 -> 2 | F35: =VLOOKUP(C35,'8-6.자재단가비교표'!$C$7:$O$332,12,0) -> 8191102.6 | G35: =INT(E35*F35) -> 16382205 | H35: =VLOOKUP(C35,'8-6.자재단가비교표'!$C$7:$O$332,13,0) -> ERP단가 | J35: =$A35 -> 125498 | K35: =$B35 -> 통신용충전기 | L35: =$C35 -> 48V 100A(50A * 3), 단독형, 내진랙(19") | M35: =$D35 -> 대 | N35: =#REF!+#REF! -> #REF! | O35: =VLOOKUP(L35,'8-6.자재단가비교표'!$C$8:$O$332,12,0) -> 8191102.6 | P35: =INT(N35*O35) -> #REF! | Q35: =VLOOKUP(L35,'8-6.자재단가비교표'!$C$8:$O$328,13,0) -> ERP단가 | R35: =E35-N35 -> #REF! | S35: =G35-P35 -> #REF! | T35: =#REF!+#REF! -> #REF! | U35: =P35-T35 -> #REF!
A36: ='8-1.설비자재산출(전력통신)'!B102 -> 124379 | B36: ='8-1.설비자재산출(전력통신)'!C102 -> AC/UPS/DC분전반 | C36: ='8-1.설비자재산출(전력통신)'!D102 -> AC 2회로, UPS 20회로, DC 16회로 | D36: ='8-1.설비자재산출(전력통신)'!I102 -> 대 | E36: ='8-1.설비자재산출(전력통신)'!N102 -> 2 | F36: =VLOOKUP(C36,'8-6.자재단가비교표'!$C$7:$O$332,12,0) -> 6250659.3 | G36: =INT(E36*F36) -> 12501318 | H36: =VLOOKUP(C36,'8-6.자재단가비교표'!$C$7:$O$332,13,0) -> ERP단가 | J36: =$A36 -> 124379 | K36: =$B36 -> AC/UPS/DC분전반 | L36: =$C36 -> AC 2회로, UPS 20회로, DC 16회로 | M36: =$D36 -> 대 | N36: =#REF!+#REF! -> #REF! | O36: =VLOOKUP(L36,'8-6.자재단가비교표'!$C$8:$O$332,12,0) -> 6250659.3 | P36: =INT(N36*O36) -> #REF! | Q36: =VLOOKUP(L36,'8-6.자재단가비교표'!$C$8:$O$328,13,0) -> ERP단가 | R36: =E36-N36 -> #REF! | S36: =G36-P36 -> #REF! | T36: =#REF!+#REF! -> #REF! | U36: =P36-T36 -> #REF!
B37: ='8-1.설비자재산출(전력통신)'!C103 -> DC분전반 | C37: ='8-1.설비자재산출(전력통신)'!D103 -> DC 20+20회로 | D37: ='8-1.설비자재산출(전력통신)'!I103 -> 대 | E37: ='8-1.설비자재산출(전력통신)'!N103 -> 0 | F37: =VLOOKUP(C37,'8-6.자재단가비교표'!$C$7:$O$332,12,0) -> 0 | G37: =INT(E37*F37) -> 0 | H37: =VLOOKUP(C37,'8-6.자재단가비교표'!$C$7:$O$332,13,0) -> 0 | J37: =$A37 -> 0 | K37: =$B37 -> DC분전반 | L37: =$C37 -> DC 20+20회로 | M37: =$D37 -> 대 | N37: =#REF!+#REF! -> #REF! | O37: =VLOOKUP(L37,'8-6.자재단가비교표'!$C$8:$O$332,12,0) -> 0 | P37: =INT(N37*O37) -> #REF! | Q37: =VLOOKUP(L37,'8-6.자재단가비교표'!$C$8:$O$328,13,0) -> 0 | R37: =E37-N37 -> #REF! | S37: =G37-P37 -> #REF! | T37: =#REF!+#REF! -> #REF! | U37: =P37-T37 -> #REF!
A38: ='8-1.설비자재산출(전력통신)'!B104 -> 111126 | B38: ='8-1.설비자재산출(전력통신)'!C104 -> 축전지 | C38: ='8-1.설비자재산출(전력통신)'!D104 -> 12V/150AH, UPS용 | D38: ='8-1.설비자재산출(전력통신)'!I104 -> 개 | E38: ='8-1.설비자재산출(전력통신)'!N104 -> 16 | F38: =VLOOKUP(C38,'8-6.자재단가비교표'!$C$7:$O$332,12,0) -> 260950.8 | G38: =INT(E38*F38) -> 4175212 | H38: =VLOOKUP(C38,'8-6.자재단가비교표'!$C$7:$O$332,13,0) -> ERP단가 | J38: =$A38 -> 111126 | K38: =$B38 -> 축전지 | L38: =$C38 -> 12V/150AH, UPS용 | M38: =$D38 -> 개 | N38: =#REF!+#REF! -> #REF! | O38: =VLOOKUP(L38,'8-6.자재단가비교표'!$C$8:$O$332,12,0) -> 260950.8 | P38: =INT(N38*O38) -> #REF! | Q38: =VLOOKUP(L38,'8-6.자재단가비교표'!$C$8:$O$328,13,0) -> ERP단가 | R38: =E38-N38 -> #REF! | S38: =G38-P38 -> #REF! | T38: =#REF!+#REF! -> #REF! | U38: =P38-T38 -> #REF!
A39: ='8-1.설비자재산출(전력통신)'!B105 -> 111125 | B39: ='8-1.설비자재산출(전력통신)'!C105 -> 축전지 | C39: ='8-1.설비자재산출(전력통신)'!D105 -> 12V/100AH, UPS용 | D39: ='8-1.설비자재산출(전력통신)'!I105 -> 개 | E39: ='8-1.설비자재산출(전력통신)'!N105 -> 16 | F39: =VLOOKUP(C39,'8-6.자재단가비교표'!$C$7:$O$332,12,0) -> 194620.21 | G39: =INT(E39*F39) -> 3113923 | H39: =VLOOKUP(C39,'8-6.자재단가비교표'!$C$7:$O$332,13,0) -> ERP단가 | J39: =$A39 -> 111125 | K39: =$B39 -> 축전지 | L39: =$C39 -> 12V/100AH, UPS용 | M39: =$D39 -> 개 | N39: =#REF!+#REF! -> #REF! | O39: =VLOOKUP(L39,'8-6.자재단가비교표'!$C$8:$O$332,12,0) -> 194620.21 | P39: =INT(N39*O39) -> #REF! | Q39: =VLOOKUP(L39,'8-6.자재단가비교표'!$C$8:$O$328,13,0) -> ERP단가 | R39: =E39-N39 -> #REF! | S39: =G39-P39 -> #REF! | T39: =#REF!+#REF! -> #REF! | U39: =P39-T39 -> #REF!
A40: ='8-1.설비자재산출(전력통신)'!B106 -> 111127 | B40: ='8-1.설비자재산출(전력통신)'!C106 -> 축전지 | C40: ='8-1.설비자재산출(전력통신)'!D106 -> 12V/200AH, 충전기용 | D40: ='8-1.설비자재산출(전력통신)'!I106 -> 개 | E40: ='8-1.설비자재산출(전력통신)'!N106 -> 8 | F40: =VLOOKUP(C40,'8-6.자재단가비교표'!$C$7:$O$332,12,0) -> 342213.3 | G40: =INT(E40*F40) -> 2737706 | H40: =VLOOKUP(C40,'8-6.자재단가비교표'!$C$7:$O$332,13,0) -> 견적가
A41: ='8-1.설비자재산출(전력통신)'!B107 -> 111125 | B41: ='8-1.설비자재산출(전력통신)'!C107 -> 축전지 | C41: ='8-1.설비자재산출(전력통신)'!D107 -> 12V/150AH, 충전기용 | D41: ='8-1.설비자재산출(전력통신)'!I107 -> 개 | E41: ='8-1.설비자재산출(전력통신)'!N107 -> 4 | F41: =VLOOKUP(C41,'8-6.자재단가비교표'!$C$7:$O$332,12,0) -> 260950.8 | G41: =INT(E41*F41) -> 1043803 | H41: =VLOOKUP(C41,'8-6.자재단가비교표'!$C$7:$O$332,13,0) -> ERP단가
B42: ='8-1.설비자재산출(전력통신)'!C108 -> 축전지함체 | C42: ='8-1.설비자재산출(전력통신)'!D108 -> UPS용, 내진랙(19") | D42: ='8-1.설비자재산출(전력통신)'!I108 -> 대 | E42: ='8-1.설비자재산출(전력통신)'!N108 -> 6 | F42: =VLOOKUP(C42,'8-6.자재단가비교표'!$C$7:$O$332,12,0) -> 1667193 | G42: =INT(E42*F42) -> 10003158 | H42: =VLOOKUP(C42,'8-6.자재단가비교표'!$C$7:$O$332,13,0) -> 견적가 | J42: =$A42 -> 0 | K42: =$B42 -> 축전지함체 | L42: =$C42 -> UPS용, 내진랙(19") | M42: =$D42 -> 대 | N42: =#REF!+#REF! -> #REF! | O42: =VLOOKUP(L42,'8-6.자재단가비교표'!$C$8:$O$332,12,0) -> 1667193 | P42: =INT(N42*O42) -> #REF! | Q42: =VLOOKUP(L42,'8-6.자재단가비교표'!$C$8:$O$328,13,0) -> 견적가 | R42: =E42-N42 -> #REF! | S42: =G42-P42 -> #REF! | T42: =#REF!+#REF! -> #REF! | U42: =P42-T42 -> #REF!
B43: ='8-1.설비자재산출(전력통신)'!C109 -> 축전지함체 | C43: ='8-1.설비자재산출(전력통신)'!D109 -> 충전기용, 내진랙(19") | D43: ='8-1.설비자재산출(전력통신)'!I109 -> 대 | E43: ='8-1.설비자재산출(전력통신)'!N109 -> 3 | F43: =VLOOKUP(C43,'8-6.자재단가비교표'!$C$7:$O$332,12,0) -> 1667193 | G43: =INT(E43*F43) -> 5001579 | H43: =VLOOKUP(C43,'8-6.자재단가비교표'!$C$7:$O$332,13,0) -> 견적가 | J43: =$A43 -> 0 | K43: =$B43 -> 축전지함체 | L43: =$C43 -> 충전기용, 내진랙(19") | M43: =$D43 -> 대 | N43: =#REF!+#REF! -> #REF! | O43: =VLOOKUP(L43,'8-6.자재단가비교표'!$C$8:$O$332,12,0) -> 1667193 | P43: =INT(N43*O43) -> #REF! | Q43: =VLOOKUP(L43,'8-6.자재단가비교표'!$C$8:$O$328,13,0) -> 견적가 | R43: =E43-N43 -> #REF! | S43: =G43-P43 -> #REF! | T43: =#REF!+#REF! -> #REF! | U43: =P43-T43 -> #REF!
N44: =#REF!+#REF! -> #REF! | R44: =E44-N44 -> #REF! | S44: =G44-P44 -> 0 | T44: =#REF!+#REF! -> #REF! | U44: =P44-T44 -> #REF!
A45: ='8-1.설비자재산출(전력통신)'!A128 -> 3. LAN, EPIA, 정보보호 | G45: =SUM(G46:G50) -> 13899124 | J45: =$A45 -> 3. LAN, EPIA, 정보보호 | N45: =#REF!+#REF! -> #REF! | P45: =SUM(P72:P72) -> #REF! | R45: =E45-N45 -> #REF! | S45: =G45-P45 -> #REF! | T45: =#REF!+#REF! -> #REF! | U45: =P45-T45 -> #REF!
A46: ='8-1.설비자재산출(전력통신)'!B131 -> 125225 | B46: ='8-1.설비자재산출(전력통신)'!C131 -> 광모뎀단말장치 | C46: ='8-1.설비자재산출(전력통신)'!D131 -> 40km(RT) | D46: ='8-1.설비자재산출(전력통신)'!I131 -> EA | E46: ='8-1.설비자재산출(전력통신)'!N131 -> 0 | F46: =VLOOKUP(C46,'8-6.자재단가비교표'!$C$7:$O$332,12,0) -> 0 | G46: =INT(E46*F46) -> 0 | H46: =VLOOKUP(C46,'8-6.자재단가비교표'!$C$7:$O$332,13,0) -> 0
A47: ='8-1.설비자재산출(전력통신)'!B132 -> 126291 | B47: ='8-1.설비자재산출(전력통신)'!C132 -> EPIA | C47: ='8-1.설비자재산출(전력통신)'!D132 -> AI 16, DI 48 카드 포함 | D47: ='8-1.설비자재산출(전력통신)'!I132 -> 대 | E47: ='8-1.설비자재산출(전력통신)'!N132 -> 2 | F47: =VLOOKUP(C47,'8-6.자재단가비교표'!$C$7:$O$332,12,0) -> 4317152.4 | G47: =INT(E47*F47) -> 8634304 | H47: =VLOOKUP(C47,'8-6.자재단가비교표'!$C$7:$O$332,13,0) -> 견적가
B48: ='8-1.설비자재산출(전력통신)'!C134 -> 온도센서 | C48: ='8-1.설비자재산출(전력통신)'!D134 -> EPIA용 온도 | D48: ='8-1.설비자재산출(전력통신)'!I134 -> 개 | E48: ='8-1.설비자재산출(전력통신)'!N134 -> 2 | F48: =VLOOKUP(C48,'8-6.자재단가비교표'!$C$7:$O$332,12,0) -> 0 | G48: =INT(E48*F48) -> 0 | H48: EPIA포함
B49: ='8-1.설비자재산출(전력통신)'!C135 -> AC전압 검출기 | C49: ='8-1.설비자재산출(전력통신)'!D135 -> 전원검출 | D49: ='8-1.설비자재산출(전력통신)'!I135 -> 개 | E49: ='8-1.설비자재산출(전력통신)'!N135 -> 2 | F49: =VLOOKUP(C49,'8-6.자재단가비교표'!$C$7:$O$332,12,0) -> 0 | G49: =INT(E49*F49) -> 0 | H49: EPIA포함
A50: ='8-1.설비자재산출(전력통신)'!B138 -> 214077 | B50: ='8-1.설비자재산출(전력통신)'!C138 -> NAC | C50: ='8-1.설비자재산출(전력통신)'!D138 -> 10/100/1000 24포트 | D50: ='8-1.설비자재산출(전력통신)'!I138 -> 대 | E50: ='8-1.설비자재산출(전력통신)'!N138 -> 2 | F50: =VLOOKUP(C50,'8-6.자재단가비교표'!$C$7:$O$332,12,0) -> 2632410 | G50: =INT(E50*F50) -> 5264820 | H50: =VLOOKUP(C50,'8-6.자재단가비교표'!$C$7:$O$332,13,0) -> 견적가
A52: ='8-1.설비자재산출(전력통신)'!A195 -> 4. IP계통운영통신시스템 | G52: =SUM(G53:G55) -> 14215014
B53: ='8-1.설비자재산출(전력통신)'!C198 -> IP사령원콘솔 | C53: ='8-1.설비자재산출(전력통신)'!D198 -> IP사령원콘솔, 라이선스 포함 | D53: ='8-1.설비자재산출(전력통신)'!I198 -> 식 | E53: ='8-1.설비자재산출(전력통신)'!N198 -> 4 | F53: =VLOOKUP(C53,'8-6.자재단가비교표'!$C$7:$O$332,12,0) -> 1052964 | G53: =INT(E53*F53) -> 4211856 | H53: =VLOOKUP(C53,'8-6.자재단가비교표'!$C$7:$O$332,13,0) -> 견적가
B54: ='8-1.설비자재산출(전력통신)'!C199 -> AOM | C54: ='8-1.설비자재산출(전력통신)'!D199 -> AOM | D54: ='8-1.설비자재산출(전력통신)'!I199 -> 식 | E54: ='8-1.설비자재산출(전력통신)'!N199 -> 3 | F54: =VLOOKUP(C54,'8-6.자재단가비교표'!$C$7:$O$332,12,0) -> 2983398 | G54: =INT(E54*F54) -> 8950194 | H54: =VLOOKUP(C54,'8-6.자재단가비교표'!$C$7:$O$332,13,0) -> 견적가
B55: ='8-1.설비자재산출(전력통신)'!C200 -> 기술지원비 | C55: ='8-1.설비자재산출(전력통신)'!D200 -> 설정 및 테스트 | D55: ='8-1.설비자재산출(전력통신)'!I200 -> 식 | E55: ='8-1.설비자재산출(전력통신)'!N200 -> 1 | F55: =VLOOKUP(C55,'8-6.자재단가비교표'!$C$7:$O$332,12,0) -> 1052964 | G55: =INT(E55*F55) -> 1052964 | H55: =VLOOKUP(C55,'8-6.자재단가비교표'!$C$7:$O$332,13,0) -> 견적가
A57: 5. 무인보안시스템 | G57: =SUM(G58:G109) -> 627737558
A58: ='8-2.설비자재산출(무인보안)'!C9 -> 126571 | B58: ='8-2.설비자재산출(무인보안)'!D9 -> 녹화장치(동강C/H) | C58: ='8-2.설비자재산출(무인보안)'!E9 -> 4core 2.4GHz*1EA이상,8GB이상, SSD256GB,스토리지4TB이하 | D58: ='8-2.설비자재산출(무인보안)'!G9 -> 대 | E58: ='8-2.설비자재산출(무인보안)'!H9 -> 1 | F58: =VLOOKUP(C58,'8-6.자재단가비교표'!$C$7:$O$332,12,0) -> 2018181 | G58: =INT(E58*F58) -> 2018181 | H58: =VLOOKUP(C58,'8-6.자재단가비교표'!$C$7:$O$332,13,0) -> 견적가
A59: ='8-2.설비자재산출(무인보안)'!C10 -> 126571 | B59: ='8-2.설비자재산출(무인보안)'!D10 -> 녹화장치 | C59: ='8-2.설비자재산출(무인보안)'!E10 -> 4core 2.4GHz*1EA이상,16GB이상, SSD512GB,스토리지80TB이상 | D59: ='8-2.설비자재산출(무인보안)'!G10 -> 대 | E59: ='8-2.설비자재산출(무인보안)'!H10 -> 2 | F59: =VLOOKUP(C59,'8-6.자재단가비교표'!$C$7:$O$332,12,0) -> 21936750 | G59: =INT(E59*F59) -> 43873500 | H59: =VLOOKUP(C59,'8-6.자재단가비교표'!$C$7:$O$332,13,0) -> 견적가
A60: ='8-2.설비자재산출(무인보안)'!C11 -> 126572 | B60: ='8-2.설비자재산출(무인보안)'!D11 -> 운영자 단말 | C60: ='8-2.설비자재산출(무인보안)'!E11 -> 2.9GHz, 16GB, Display 다중전송, 23인치 이상 LCD모니터 포함 | D60: ='8-2.설비자재산출(무인보안)'!G11 -> 대 | E60: ='8-2.설비자재산출(무인보안)'!H11 -> 4 | F60: =VLOOKUP(C60,'8-6.자재단가비교표'!$C$7:$O$332,12,0) -> 1639507.1 | G60: =INT(E60*F60) -> 6558028 | H60: =VLOOKUP(C60,'8-6.자재단가비교표'!$C$7:$O$332,13,0) -> 실례가
A61: ='8-2.설비자재산출(무인보안)'!C12 -> 126573 | B61: ='8-2.설비자재산출(무인보안)'!D12 -> 멀티 모니터링장치 | C61: ='8-2.설비자재산출(무인보안)'!E12 -> 3.4GHz, 8GB, Display 다중전송 | D61: ='8-2.설비자재산출(무인보안)'!G12 -> 대 | E61: ='8-2.설비자재산출(무인보안)'!H12 -> 0 | F61: =VLOOKUP(C61,'8-6.자재단가비교표'!$C$7:$O$332,12,0) -> 0 | G61: =INT(E61*F61) -> 0 | H61: =VLOOKUP(C61,'8-6.자재단가비교표'!$C$7:$O$332,13,0) -> ERP단가
A62: ='8-2.설비자재산출(무인보안)'!C13 -> 126574 | B62: ='8-2.설비자재산출(무인보안)'!D13 -> KVM스위치 | C62: ='8-2.설비자재산출(무인보안)'!E13 -> 8채널 이상, 19" 랙타입 | D62: ='8-2.설비자재산출(무인보안)'!G13 -> 대 | E62: ='8-2.설비자재산출(무인보안)'!H13 -> 1 | F62: =VLOOKUP(C62,'8-6.자재단가비교표'!$C$7:$O$332,12,0) -> 495770.55 | G62: =INT(E62*F62) -> 495770 | H62: =VLOOKUP(C62,'8-6.자재단가비교표'!$C$7:$O$332,13,0) -> 견적가
A63: ='8-2.설비자재산출(무인보안)'!C14 -> 126575 | B63: ='8-2.설비자재산출(무인보안)'!D14 -> 42" LED모니터 | C63: ='8-2.설비자재산출(무인보안)'!E14 -> 42” 이상 (16:9 지원) | D63: ='8-2.설비자재산출(무인보안)'!G14 -> 대 | E63: ='8-2.설비자재산출(무인보안)'!H14 -> 0 | F63: =VLOOKUP(C63,'8-6.자재단가비교표'!$C$7:$O$332,12,0) -> 850654.52 | G63: =INT(E63*F63) -> 0 | H63: =VLOOKUP(C63,'8-6.자재단가비교표'!$C$7:$O$332,13,0) -> ERP단가
A64: ='8-2.설비자재산출(무인보안)'!C15 -> 126576 | B64: ='8-2.설비자재산출(무인보안)'!D15 -> 55" LED모니터 | C64: ='8-2.설비자재산출(무인보안)'!E15 -> 55” 이상 (16:9 지원) | D64: ='8-2.설비자재산출(무인보안)'!G15 -> 대 | E64: ='8-2.설비자재산출(무인보안)'!H15 -> 4 | F64: =VLOOKUP(C64,'8-6.자재단가비교표'!$C$7:$O$332,12,0) -> 1346916.4 | G64: =INT(E64*F64) -> 5387665 | H64: =VLOOKUP(C64,'8-6.자재단가비교표'!$C$7:$O$332,13,0) -> ERP단가
A65: ='8-2.설비자재산출(무인보안)'!C16 -> 126577 | B65: ='8-2.설비자재산출(무인보안)'!D16 -> 영상추적서버 | C65: ='8-2.설비자재산출(무인보안)'!E16 -> 3.4GHz, 8GB, SATA 1TB | D65: ='8-2.설비자재산출(무인보안)'!G16 -> 대 | E65: ='8-2.설비자재산출(무인보안)'!H16 -> 0 | F65: =VLOOKUP(C65,'8-6.자재단가비교표'!$C$7:$O$332,12,0) -> 0 | G65: =INT(E65*F65) -> 0 | H65: =VLOOKUP(C65,'8-6.자재단가비교표'!$C$7:$O$332,13,0) -> 0
A66: ='8-2.설비자재산출(무인보안)'!C17 -> 126578 | B66: ='8-2.설비자재산출(무인보안)'!D17 -> 영상추적 소프트웨어 | C66: ='8-2.설비자재산출(무인보안)'!E17 -> 영상분석, 움직임추적 | D66: ='8-2.설비자재산출(무인보안)'!G17 -> 개 | E66: ='8-2.설비자재산출(무인보안)'!H17 -> 0 | F66: =VLOOKUP(C66,'8-6.자재단가비교표'!$C$7:$O$332,12,0) -> 0 | G66: =INT(E66*F66) -> 0 | H66: =VLOOKUP(C66,'8-6.자재단가비교표'!$C$7:$O$332,13,0) -> 0
A67: ='8-2.설비자재산출(무인보안)'!C18 -> 126579 | B67: ='8-2.설비자재산출(무인보안)'!D18 -> 오디오앰프 | C67: ='8-2.설비자재산출(무인보안)'!E18 -> 30W, G.711 또는 G729a/b | D67: ='8-2.설비자재산출(무인보안)'!G18 -> 개 | E67: ='8-2.설비자재산출(무인보안)'!H18 -> 0 | F67: =VLOOKUP(C67,'8-6.자재단가비교표'!$C$7:$O$332,12,0) -> 650639.62 | G67: =INT(E67*F67) -> 0 | H67: =VLOOKUP(C67,'8-6.자재단가비교표'!$C$7:$O$332,13,0) -> 실례가
A68: ='8-2.설비자재산출(무인보안)'!C19 -> 126580 | B68: ='8-2.설비자재산출(무인보안)'!D19 -> Full-HD PTZ IP카메라(30X) | C68: ='8-2.설비자재산출(무인보안)'!E19 -> 30배줌, Onvif 2.0, TTA인증 | D68: ='8-2.설비자재산출(무인보안)'!G19 -> 대 | E68: ='8-2.설비자재산출(무인보안)'!H19 -> 0 | F68: =VLOOKUP(C68,'8-6.자재단가비교표'!$C$7:$O$332,12,0) -> 1831386.9 | G68: =INT(E68*F68) -> 0 | H68: =VLOOKUP(C68,'8-6.자재단가비교표'!$C$7:$O$332,13,0) -> ERP단가
A69: ='8-2.설비자재산출(무인보안)'!C20 -> 126581 | B69: ='8-2.설비자재산출(무인보안)'!D20 -> Full-HD PTZ IP카메라(20X) | C69: ='8-2.설비자재산출(무인보안)'!E20 -> 20배줌, Onvif 2.0, TTA인증 | D69: ='8-2.설비자재산출(무인보안)'!G20 -> 대 | E69: ='8-2.설비자재산출(무인보안)'!H20 -> 127 | F69: =VLOOKUP(C69,'8-6.자재단가비교표'!$C$7:$O$332,12,0) -> 1614544.8 | G69: =INT(E69*F69) -> 205047189 | H69: =VLOOKUP(C69,'8-6.자재단가비교표'!$C$7:$O$332,13,0) -> ERP단가
... A71: ='8-2.설비자재산출(무인보안)'!C22 -> 127781 | B71: ='8-2.설비자재산출(무인보안)'!D22 -> Full-HD IP카메라(고정형) | C71: ='8-2.설비자재산출(무인보안)'!E22 -> 4배줌, Onvif 2.0, TTA인증 | D71: ='8-2.설비자재산출(무인보안)'!G22 -> 대 | E71: ='8-2.설비자재산출(무인보안)'!H22 -> 1 | F71: =VLOOKUP(C71,'8-6.자재단가비교표'!$C$7:$O$332,12,0) -> 697854.52 | G71: =INT(E71*F71) -> 697854 | H71: =VLOOKUP(C71,'8-6.자재단가비교표'!$C$7:$O$332,13,0) -> ERP단가
A72: ='8-2.설비자재산출(무인보안)'!C23 -> 126582 | B72: ='8-2.설비자재산출(무인보안)'!D23 -> 19인치 랙(내진형) | C72: ='8-2.설비자재산출(무인보안)'!E23 -> 내진형, 600×750×2000 | D72: ='8-2.설비자재산출(무인보안)'!G23 -> 대 | E72: ='8-2.설비자재산출(무인보안)'!H23 -> 3 | F72: =VLOOKUP(C72,'8-6.자재단가비교표'!$C$7:$O$332,12,0) -> 1772260.4 | G72: =INT(E72*F72) -> 5316781 | H72: =VLOOKUP(C72,'8-6.자재단가비교표'!$C$7:$O$332,13,0) -> ERP단가 | J72: =$A72 -> 126582 | K72: =$B72 -> 19인치 랙(내진형) | L72: =$C72 -> 내진형, 600×750×2000 | M72: =$D72 -> 대 | N72: =#REF!+#REF! -> #REF! | O72: =VLOOKUP(L72,'8-6.자재단가비교표'!$C$8:$O$332,12,0) -> 1772260.4 | P72: =INT(N72*O72) -> #REF! | Q72: =VLOOKUP(L72,'8-6.자재단가비교표'!$C$8:$O$328,13,0) -> ERP단가 | R72: =E72-N72 -> #REF! | S72: =G72-P72 -> #REF! | T72: =#REF!+#REF! -> #REF! | U72: =P72-T72 -> #REF!
A73: ='8-2.설비자재산출(무인보안)'!C24 -> 126583 | B73: ='8-2.설비자재산출(무인보안)'!D24 -> 카메라함체 | C73: ='8-2.설비자재산출(무인보안)'!E24 -> 방수형, Stainless | D73: ='8-2.설비자재산출(무인보안)'!G24 -> 대 | E73: ='8-2.설비자재산출(무인보안)'!H24 -> 0 | F73: =VLOOKUP(C73,'8-6.자재단가비교표'!$C$7:$O$332,12,0) -> 333729.04 | G73: =INT(E73*F73) -> 0 | H73: =VLOOKUP(C73,'8-6.자재단가비교표'!$C$7:$O$332,13,0) -> ERP단가
A74: ='8-2.설비자재산출(무인보안)'!C25 -> 126584 | B74: ='8-2.설비자재산출(무인보안)'!D25 -> 네트워크장치함체 | C74: ='8-2.설비자재산출(무인보안)'!E25 -> 네트웍 방수형, Stainless | D74: ='8-2.설비자재산출(무인보안)'!G25 -> 대 | E74: ='8-2.설비자재산출(무인보안)'!H25 -> 0 | F74: =VLOOKUP(C74,'8-6.자재단가비교표'!$C$7:$O$332,12,0) -> 350275.49 | G74: =INT(E74*F74) -> 0 | H74: =VLOOKUP(C74,'8-6.자재단가비교표'!$C$7:$O$332,13,0) -> ERP단가
A75: ='8-2.설비자재산출(무인보안)'!C26 -> 126585 | B75: ='8-2.설비자재산출(무인보안)'!D26 -> 카메라 지지대 | C75: ='8-2.설비자재산출(무인보안)'!E26 -> 일반형, W165 X H6000 X T5mm, 안전작업대 포함 | D75: ='8-2.설비자재산출(무인보안)'!G26 -> 대 | E75: ='8-2.설비자재산출(무인보안)'!H26 -> 8 | F75: =VLOOKUP(C75,'8-6.자재단가비교표'!$C$7:$O$332,12,0) -> 1864210.5 | G75: =INT(E75*F75) -> 14913683 | H75: =VLOOKUP(C75,'8-6.자재단가비교표'!$C$7:$O$332,13,0) -> ERP단가
B76: ='8-2.설비자재산출(무인보안)'!D27 -> ㄷ'자 카메라 폴대 | C76: ='8-2.설비자재산출(무인보안)'!E27 -> 일반형, W700 X H700 X 200 | D76: ='8-2.설비자재산출(무인보안)'!G27 -> 대 | E76: ='8-2.설비자재산출(무인보안)'!H27 -> 0 | F76: =VLOOKUP(C76,'8-6.자재단가비교표'!$C$7:$O$332,12,0) -> 438735 | G76: =INT(E76*F76) -> 0 | H76: =VLOOKUP(C76,'8-6.자재단가비교표'!$C$7:$O$332,13,0) -> 견적가
A77: ='8-2.설비자재산출(무인보안)'!C28 -> 0 | B77: ='8-2.설비자재산출(무인보안)'!D28 -> 스마트 카메라 지지대 | C77: ='8-2.설비자재산출(무인보안)'!E28 -> 일반형, W165 X H6000 X T5mm | D77: ='8-2.설비자재산출(무인보안)'!G28 -> 대 | E77: ='8-2.설비자재산출(무인보안)'!H28 -> 0 | F77: =VLOOKUP(C77,'8-6.자재단가비교표'!$C$7:$O$332,12,0) -> 0 | G77: =INT(E77*F77) -> 0 | H77: =VLOOKUP(C77,'8-6.자재단가비교표'!$C$7:$O$332,13,0) -> 견적가
A78: ='8-2.설비자재산출(무인보안)'!C29 -> 127030 | B78: ='8-2.설비자재산출(무인보안)'!D29 -> 카메라리프트(옥내) | C78: ='8-2.설비자재산출(무인보안)'!E29 -> 카메라 승하강 동작, 자동, 수동 | D78: ='8-2.설비자재산출(무인보안)'!G29 -> 대 | E78: ='8-2.설비자재산출(무인보안)'!H29 -> 69 | F78: =VLOOKUP(C78,'8-6.자재단가비교표'!$C$7:$O$332,12,0) -> 2714629.8 | G78: =INT(E78*F78) -> 187309457 | H78: =VLOOKUP(C78,'8-6.자재단가비교표'!$C$7:$O$332,13,0) -> ERP단가
A79: ='8-2.설비자재산출(무인보안)'!C30 -> 127780 | B79: ='8-2.설비자재산출(무인보안)'!D30 -> 카메라리프트 | C79: ='8-2.설비자재산출(무인보안)'!E30 -> 카메라 승하강 동작, 자동, 수동, 방수, 6m 이하 | D79: ='8-2.설비자재산출(무인보안)'!G30 -> 대 | E79: ='8-2.설비자재산출(무인보안)'!H30 -> 8 | F79: =VLOOKUP(C79,'8-6.자재단가비교표'!$C$7:$O$332,12,0) -> 4278692.9 | G79: =INT(E79*F79) -> 34229543 | H79: =VLOOKUP(C79,'8-6.자재단가비교표'!$C$7:$O$332,13,0) -> ERP단가
A80: ='8-2.설비자재산출(무인보안)'!C31 -> 126586 | B80: ='8-2.설비자재산출(무인보안)'!D31 -> 주전원공급장치 | C80: ='8-2.설비자재산출(무인보안)'!E31 -> AC220V 60Hz, 8채널 | D80: ='8-2.설비자재산출(무인보안)'!G31 -> 대 | E80: ='8-2.설비자재산출(무인보안)'!H31 -> 3 | F80: =VLOOKUP(C80,'8-6.자재단가비교표'!$C$7:$O$332,12,0) -> 1830601.6 | G80: =INT(E80*F80) -> 5491804 | H80: =VLOOKUP(C80,'8-6.자재단가비교표'!$C$7:$O$332,13,0) -> ERP단가
A81: ='8-2.설비자재산출(무인보안)'!C32 -> 126587 | B81: ='8-2.설비자재산출(무인보안)'!D32 -> 전원분배기 | C81: ='8-2.설비자재산출(무인보안)'!E32 -> AC220V, 8채널 | D81: ='8-2.설비자재산출(무인보안)'!G32 -> 대 | E81: ='8-2.설비자재산출(무인보안)'!H32 -> 0 | F81: =VLOOKUP(C81,'8-6.자재단가비교표'!$C$7:$O$332,12,0) -> 762662.7 | G81: =INT(E81*F81) -> 0 | H81: =VLOOKUP(C81,'8-6.자재단가비교표'!$C$7:$O$332,13,0) -> ERP단가
A82: ='8-2.설비자재산출(무인보안)'!C33 -> 126588 | B82: ='8-2.설비자재산출(무인보안)'!D33 -> 서지전원장치 | C82: ='8-2.설비자재산출(무인보안)'!E33 -> AC220V, 60Hz, 40KA, KS인증제품 | D82: ='8-2.설비자재산출(무인보안)'!G33 -> 개 | E82: ='8-2.설비자재산출(무인보안)'!H33 -> 128 | F82: =VLOOKUP(C82,'8-6.자재단가비교표'!$C$7:$O$332,12,0) -> 593117.07 | G82: =INT(E82*F82) -> 75918985 | H82: =VLOOKUP(C82,'8-6.자재단가비교표'!$C$7:$O$332,13,0) -> ERP단가
A83: ='8-2.설비자재산출(무인보안)'!C34 -> 126589 | B83: ='8-2.설비자재산출(무인보안)'!D34 -> 경보주장치 | C83: ='8-2.설비자재산출(무인보안)'!E34 -> 터치형 7인치 LCD(16DI*1, 16DO*2) | D83: ='8-2.설비자재산출(무인보안)'!G34 -> 대 | E83: ='8-2.설비자재산출(무인보안)'!H34 -> 1 | F83: =VLOOKUP(C83,'8-6.자재단가비교표'!$C$7:$O$332,12,0) -> 3237537.9 | G83: =INT(E83*F83) -> 3237537 | H83: =VLOOKUP(C83,'8-6.자재단가비교표'!$C$7:$O$332,13,0) -> ERP단가
A84: ='8-2.설비자재산출(무인보안)'!C35 -> 128131 | B84: ='8-2.설비자재산출(무인보안)'!D35 -> 컴팩트 LCD 출입리더기 | C84: ='8-2.설비자재산출(무인보안)'!E35 -> 번호, RF카드, 지문인식(OR, AND인증 설정지원), 상태표시창 | D84: ='8-2.설비자재산출(무인보안)'!G35 -> 대 | E84: ='8-2.설비자재산출(무인보안)'!H35 -> 6 | F84: =VLOOKUP(C84,'8-6.자재단가비교표'!$C$7:$O$332,12,0) -> 1603087.7 | G84: =INT(E84*F84) -> 9618526 | H84: =VLOOKUP(C84,'8-6.자재단가비교표'!$C$7:$O$332,13,0) -> ERP단가
A85: ='8-2.설비자재산출(무인보안)'!C36 -> 126591 | B85: ='8-2.설비자재산출(무인보안)'!D36 -> 출입리더기 함체 | C85: ='8-2.설비자재산출(무인보안)'!E36 -> Stainless Steel, Window는 안전접합 유리 | D85: ='8-2.설비자재산출(무인보안)'!G36 -> 개 | E85: ='8-2.설비자재산출(무인보안)'!H36 -> 0 | F85: =VLOOKUP(C85,'8-6.자재단가비교표'!$C$7:$O$332,12,0) -> 315631.22 | G85: =INT(E85*F85) -> 0 | H85: =VLOOKUP(C85,'8-6.자재단가비교표'!$C$7:$O$332,13,0) -> ERP단가
A86: ='8-2.설비자재산출(무인보안)'!C37 -> 126592 | B86: ='8-2.설비자재산출(무인보안)'!D37 -> E/M Lock | C86: ='8-2.설비자재산출(무인보안)'!E37 -> 500㎏ 이상, NO/NC, Com+ | D86: ='8-2.설비자재산출(무인보안)'!G37 -> 개 | E86: ='8-2.설비자재산출(무인보안)'!H37 -> 0 | F86: =VLOOKUP(C86,'8-6.자재단가비교표'!$C$7:$O$332,12,0) -> 413417.36 | G86: =INT(E86*F86) -> 0 | H86: =VLOOKUP(C86,'8-6.자재단가비교표'!$C$7:$O$332,13,0) -> ERP단가
A87: ='8-2.설비자재산출(무인보안)'!C38 -> 126593 | B87: ='8-2.설비자재산출(무인보안)'!D38 -> 퇴실버튼 | C87: ='8-2.설비자재산출(무인보안)'!E38 -> 벽면부착형 | D87: ='8-2.설비자재산출(무인보안)'!G38 -> 개 | E87: ='8-2.설비자재산출(무인보안)'!H38 -> 0 | F87: =VLOOKUP(C87,'8-6.자재단가비교표'!$C$7:$O$332,12,0) -> 46088.234 | G87: =INT(E87*F87) -> 0 | H87: =VLOOKUP(C87,'8-6.자재단가비교표'!$C$7:$O$332,13,0) -> ERP단가
A88: ='8-2.설비자재산출(무인보안)'!C39 -> 126594 | B88: ='8-2.설비자재산출(무인보안)'!D39 -> 지문등록기 | C88: ='8-2.설비자재산출(무인보안)'!E39 -> 지문등록 | D88: ='8-2.설비자재산출(무인보안)'!G39 -> 개 | E88: ='8-2.설비자재산출(무인보안)'!H39 -> 0 | F88: =VLOOKUP(C88,'8-6.자재단가비교표'!$C$7:$O$332,12,0) -> 0 | G88: =INT(E88*F88) -> 0 | H88: =VLOOKUP(C88,'8-6.자재단가비교표'!$C$7:$O$332,13,0) -> 견적가
... A95: ='8-2.설비자재산출(무인보안)'!C46 -> 0 | B95: ='8-2.설비자재산출(무인보안)'!D46 -> 열선감지기 | C95: ='8-2.설비자재산출(무인보안)'!E46 -> Wide angle 11m | D95: ='8-2.설비자재산출(무인보안)'!G46 -> 개 | E95: ='8-2.설비자재산출(무인보안)'!H46 -> 0 | F95: =VLOOKUP(C95,'8-6.자재단가비교표'!$C$7:$O$332,12,0) -> 0 | G95: =INT(E95*F95) -> 0 | H95: =VLOOKUP(C95,'8-6.자재단가비교표'!$C$7:$O$332,13,0) -> 견적가
A96: ='8-2.설비자재산출(무인보안)'!C47 -> 126600 | B96: ='8-2.설비자재산출(무인보안)'!D47 -> 마이크로웨이브(단거리용) | C96: ='8-2.설비자재산출(무인보안)'!E47 -> 단거리용_50m | D96: ='8-2.설비자재산출(무인보안)'!G47 -> 조 | E96: ='8-2.설비자재산출(무인보안)'!H47 -> 0 | F96: =VLOOKUP(C96,'8-6.자재단가비교표'!$C$7:$O$332,12,0) -> 568440.86 | G96: =INT(E96*F96) -> 0 | H96: =VLOOKUP(C96,'8-6.자재단가비교표'!$C$7:$O$332,13,0) -> ERP단가 | N96: =#REF!+#REF! -> #REF! | R96: =E96-N96 -> #REF! | S96: =G96-P96 -> 0 | T96: =#REF!+#REF! -> #REF! | U96: =P96-T96 -> #REF!
A97: ='8-2.설비자재산출(무인보안)'!C48 -> 126601 | B97: ='8-2.설비자재산출(무인보안)'!D48 -> 마이크로웨이브(중장거리용) | C97: ='8-2.설비자재산출(무인보안)'!E48 -> 중장거리용_100m | D97: ='8-2.설비자재산출(무인보안)'!G48 -> 조 | E97: ='8-2.설비자재산출(무인보안)'!H48 -> 0 | F97: =VLOOKUP(C97,'8-6.자재단가비교표'!$C$7:$O$332,12,0) -> 618318.01 | G97: =INT(E97*F97) -> 0 | H97: =VLOOKUP(C97,'8-6.자재단가비교표'!$C$7:$O$332,13,0) -> ERP단가
A98: ='8-2.설비자재산출(무인보안)'!C49 -> 0 | B98: ='8-2.설비자재산출(무인보안)'!D49 -> 스마트레이더감지기(송,수) | C98: ='8-2.설비자재산출(무인보안)'!E49 -> 송-감지거리 50m, 2CH/ 수-1CH | D98: ='8-2.설비자재산출(무인보안)'!G49 -> 조 | E98: ='8-2.설비자재산출(무인보안)'!H49 -> 0 | F98: =VLOOKUP(C98,'8-6.자재단가비교표'!$C$7:$O$332,12,0) -> 0 | G98: =INT(E98*F98) -> 0 | H98: =VLOOKUP(C98,'8-6.자재단가비교표'!$C$7:$O$332,13,0) -> 견적가
A99: ='8-2.설비자재산출(무인보안)'!C50 -> 0 | B99: ='8-2.설비자재산출(무인보안)'!D50 -> 적외선감지기 | C99: ='8-2.설비자재산출(무인보안)'!E50 -> 2빔_30m | D99: ='8-2.설비자재산출(무인보안)'!G50 -> 조 | E99: ='8-2.설비자재산출(무인보안)'!H50 -> 0 | F99: =VLOOKUP(C99,'8-6.자재단가비교표'!$C$7:$O$332,12,0) -> 0 | G99: =INT(E99*F99) -> 0 | H99: =VLOOKUP(C99,'8-6.자재단가비교표'!$C$7:$O$332,13,0) -> 견적가
A100: ='8-2.설비자재산출(무인보안)'!C51 -> 124745 | B100: ='8-2.설비자재산출(무인보안)'!D51 -> 적외선감지기(단거리용) | C100: ='8-2.설비자재산출(무인보안)'!E51 -> 단거리용_100m | D100: ='8-2.설비자재산출(무인보안)'!G51 -> 조 | E100: ='8-2.설비자재산출(무인보안)'!H51 -> 0 | F100: =VLOOKUP(C100,'8-6.자재단가비교표'!$C$7:$O$332,12,0) -> 415378.5 | G100: =INT(E100*F100) -> 0 | H100: =VLOOKUP(C100,'8-6.자재단가비교표'!$C$7:$O$332,13,0) -> ERP단가
A101: ='8-2.설비자재산출(무인보안)'!C52 -> 124746 | B101: ='8-2.설비자재산출(무인보안)'!D52 -> 적외선감지기(중장거리용) | C101: ='8-2.설비자재산출(무인보안)'!E52 -> 중장거리용_200m | D101: ='8-2.설비자재산출(무인보안)'!G52 -> 조 | E101: ='8-2.설비자재산출(무인보안)'!H52 -> 0 | F101: =VLOOKUP(C101,'8-6.자재단가비교표'!$C$7:$O$332,12,0) -> 427788.56 | G101: =INT(E101*F101) -> 0 | H101: =VLOOKUP(C101,'8-6.자재단가비교표'!$C$7:$O$332,13,0) -> ERP단가
A102: ='8-2.설비자재산출(무인보안)'!C53 -> 126336 | B102: ='8-2.설비자재산출(무인보안)'!D53 -> 광이더넷스위치 | C102: ='8-2.설비자재산출(무인보안)'!E53 -> 광4포트, LAN24포트, RACK Type, 광모듈포함 | D102: ='8-2.설비자재산출(무인보안)'!G53 -> 대 | E102: ='8-2.설비자재산출(무인보안)'!H53 -> 1 | F102: =VLOOKUP(C102,'8-6.자재단가비교표'!$C$7:$O$332,12,0) -> 1370881 | G102: =INT(E102*F102) -> 1370881 | H102: =VLOOKUP(C102,'8-6.자재단가비교표'!$C$7:$O$332,13,0) -> ERP단가
A103: ='8-2.설비자재산출(무인보안)'!C54 -> 126335 | B103: ='8-2.설비자재산출(무인보안)'!D54 -> 광이더넷스위치 | C103: ='8-2.설비자재산출(무인보안)'!E54 -> 광4포트, LAN8포트, 광모듈포함(함체설치브라켓제작필요) | D103: ='8-2.설비자재산출(무인보안)'!G54 -> 대 | E103: ='8-2.설비자재산출(무인보안)'!H54 -> 39 | F103: =VLOOKUP(C103,'8-6.자재단가비교표'!$C$7:$O$332,12,0) -> 673132.68 | G103: =INT(E103*F103) -> 26252174 | H103: =VLOOKUP(C103,'8-6.자재단가비교표'!$C$7:$O$332,13,0) -> ERP단가
A104: ='8-2.설비자재산출(무인보안)'!C55 -> 0 | B104: ='8-2.설비자재산출(무인보안)'!D55 -> 스위칭허브 | C104: ='8-2.설비자재산출(무인보안)'!E55 -> 미니기가허브, 8포트 | D104: ='8-2.설비자재산출(무인보안)'!G55 -> 대 | E104: ='8-2.설비자재산출(무인보안)'!H55 -> 0 | F104: =VLOOKUP(C104,'8-6.자재단가비교표'!$C$7:$O$332,12,0) -> 0 | G104: =INT(E104*F104) -> 0 | H104: =VLOOKUP(C104,'8-6.자재단가비교표'!$C$7:$O$332,13,0) -> 0
A105: ='8-2.설비자재산출(무인보안)'!C56 -> 124242 | B105: ='8-2.설비자재산출(무인보안)'!D56 -> 광이더넷스위치 COT | C105: ='8-2.설비자재산출(무인보안)'!E56 -> COT, 1Gbps | D105: ='8-2.설비자재산출(무인보안)'!G56 -> 대 | E105: ='8-2.설비자재산출(무인보안)'!H56 -> 0 | F105: =VLOOKUP(C105,'8-6.자재단가비교표'!$C$7:$O$332,12,0) -> 0 | G105: =INT(E105*F105) -> 0 | H105: =VLOOKUP(C105,'8-6.자재단가비교표'!$C$7:$O$332,13,0) -> 0
A106: ='8-2.설비자재산출(무인보안)'!C57 -> 124244 | B106: ='8-2.설비자재산출(무인보안)'!D57 -> 광이더넷스위치 RT | C106: ='8-2.설비자재산출(무인보안)'!E57 -> RT, 1Gbps | D106: ='8-2.설비자재산출(무인보안)'!G57 -> 대 | E106: ='8-2.설비자재산출(무인보안)'!H57 -> 0 | F106: =VLOOKUP(C106,'8-6.자재단가비교표'!$C$7:$O$332,12,0) -> 0 | G106: =INT(E106*F106) -> 0 | H106: =VLOOKUP(C106,'8-6.자재단가비교표'!$C$7:$O$332,13,0) -> 0
A107: ='8-2.설비자재산출(무인보안)'!C58 -> 0 | B107: ='8-2.설비자재산출(무인보안)'!D58 -> 지문인식 리더기 | C107: ='8-2.설비자재산출(무인보안)'!E58 -> 전력제어시스템용,번호,카드,지문인식,스마트카드 | D107: ='8-2.설비자재산출(무인보안)'!G58 -> 대 | E107: ='8-2.설비자재산출(무인보안)'!H58 -> 0 | F107: =VLOOKUP(C107,'8-6.자재단가비교표'!$C$7:$O$332,12,0) -> 0 | G107: =INT(E107*F107) -> 0 | H107: =VLOOKUP(C107,'8-6.자재단가비교표'!$C$7:$O$332,13,0) -> 0
A108: ='8-2.설비자재산출(무인보안)'!C59 -> 0 | B108: ='8-2.설비자재산출(무인보안)'!D59 -> 스마트 레이더감지기 | C108: ='8-2.설비자재산출(무인보안)'!E59 -> 영상분석+레이더2ch,감지영역 50m | D108: ='8-2.설비자재산출(무인보안)'!G59 -> 개 | E108: ='8-2.설비자재산출(무인보안)'!H59 -> 0 | G108: =INT(E108*F108) -> 0
A109: ='8-2.설비자재산출(무인보안)'!C60 -> 0 | B109: ='8-2.설비자재산출(무인보안)'!D60 -> 카메라 지지대 | C109: ='8-2.설비자재산출(무인보안)'!E60 -> 환경친화형 | D109: ='8-2.설비자재산출(무인보안)'!G60 -> 대 | E109: ='8-2.설비자재산출(무인보안)'!H60 -> 0 | F109: =VLOOKUP(C109,'8-6.자재단가비교표'!$C$7:$O$332,12,0) -> 0 | G109: =INT(E109*F109) -> 0 | H109: =VLOOKUP(C109,'8-6.자재단가비교표'!$C$7:$O$332,13,0) -> 0
A111: Ⅱ. 도 급 분 | G111: =SUM(G113,G176,G195)+G229+G249 -> 68336486 | J111: Ⅱ. 도 급 분 | N111: =#REF!+#REF! -> #REF! | P111: =SUM(#REF!,#REF!,#REF!,P113,P176,P195) -> #REF! | R111: =E111-N111 -> #REF! | S111: =G111-P111 -> #REF! | T111: =#REF!+#REF! -> #REF! | U111: =P111-T111 -> #REF!
J112: =$A112 -> 0 | K112: =$B112 -> 0 | L112: =$C112 -> 0 | M112: =$D112 -> 0 | N112: =#REF!+#REF! -> #REF! | O112: =VLOOKUP(L112,'8-6.자재단가비교표'!$C$8:$O$328,12,0) -> #N/A | P112: =INT(N112*O112) -> #REF! | Q112: =VLOOKUP(L112,'8-6.자재단가비교표'!$C$8:$O$328,13,0) -> #N/A | R112: =E112-N112 -> #REF! | S112: =G112-P112 -> #REF! | T112: =#REF!+#REF! -> #REF! | U112: =P112-T112 -> #REF!
A113: =A8 -> 1. 송변전광전송단말장치 | G113: =SUM(G114:G174) -> 1792930 | J113: =$A113 -> 1. 송변전광전송단말장치 | N113: =#REF!+#REF! -> #REF! | P113: =SUM(P117:P162) -> #REF! | R113: =E113-N113 -> #REF! | S113: =G113-P113 -> #REF! | T113: =#REF!+#REF! -> #REF! | U113: =P113-T113 -> #REF!
B114: ='8-1.설비자재산출(전력통신)'!C33 -> 난연성제어케이블 | C114: ='8-1.설비자재산출(전력통신)'!D33 -> FR-CVV-S, 6SQ/2C | D114: ='8-1.설비자재산출(전력통신)'!I33 -> m | E114: ='8-1.설비자재산출(전력통신)'!N33+'8-1.설비자재산출(전력통신)'!N34+'8-1.설비자재산출(전력통신)'!N35 -> 156 | F114: =VLOOKUP(C114,'8-6.자재단가비교표'!$C$7:$O$332,12,0) -> 4457.5476 | G114: =INT(E114*F114) -> 695377 | H114: =VLOOKUP(C114,'8-6.자재단가비교표'!$C$7:$O$332,13,0) -> 견적가 | I114: ='8-1.설비자재산출(전력통신)'!E33 -> 송변전광전송장치 전원㈜ | J114: =$A114 -> 0 | K114: =$B114 -> 난연성제어케이블 | L114: =$C114 -> FR-CVV-S, 6SQ/2C | M114: =$D114 -> m | N114: =#REF!+#REF! -> #REF! | O114: =VLOOKUP(L114,'8-6.자재단가비교표'!$C$8:$O$332,12,0) -> 4457.5476 | P114: =INT(N114*O114) -> #REF! | Q114: =VLOOKUP(L114,'8-6.자재단가비교표'!$C$8:$O$328,13,0) -> 견적가 | R114: =E114-N114 -> #REF! | S114: =G114-P114 -> #REF! | T114: =#REF!+#REF! -> #REF! | U114: =P114-T114 -> #REF!
...

Sheet 8-1.설비자재산출(전력통신)
A1: 8-1-1. 자 재 수 량 산 출 내 역( 전 력 통 신 )
A3: 1. 송변전광전송단말장치
A4: 구 분 | B4: 자재번호 | C4: 품 명 | D4: 규 격 | E4: 용 도 | F4: 시 설 구 간 | H4: 산 출 기 준 | I4: 단위 | J4: 수 량 | O4: 비 고
F6: FROM | G6: TO | J6: 동해안#1 | K6: 동강CH | L6: 신태백S/S | N6: 합계
A7: 사 급 분 | B7: 126546 | C7: 주셀프 | D7: MAIN-S | E7: 주장치용 Shelf | H7: 신설개소 1대 | I7: EA | J7: 1 | K7: 1 | L7: 1 | N7: =SUM(J7:M7) -> 3
B8: 126547 | C8: 확장셀프 | D8: EXT-S | E8: 확장용 Shelf | H8: 필요시(PIU 5유니트 이상시) | I8: EA | N8: =SUM(J8:M8) -> 0
B9: 126548 | C9: 광전송유니트(A) | D9: CTRU(A) | E9: 1.25G X 8파장, 40㎞용 광전송유니트, CWDM Transmit & Receive Unit | H9: 주 Shelf 1대당 2EA | I9: EA | K9: 2 | L9: 2 | N9: =SUM(J9:M9) -> 4 | O9: 광점퍼코드 포함
B10: 126549 | C10: 광전송유니트(B) | D10: CTRU(B) | E10: 1.25G X 8파장, 100㎞용 광전송유니트, CWDM Transmit & Receive Unit | H10: 주 Shelf 1대당 2EA | I10: 대 | N10: =SUM(J10:M10) -> 0 | O10: 광점퍼코드 포함
B11: 126550 | C11: 광전송유니트(C) | D11: CTRU(C) | E11: 1.25G X 8파장, 200㎞용 광전송유니트, CWDM Transmit & Receive Unit | H11: 주 Shelf 1대당 2EA | I11: EA | J11: 2 | N11: =SUM(J11:M11) -> 2 | O11: 광점퍼코드 포함
B12: 126551 | C12: 제어유니트 | D12: MCU | E12: 운용 제어 유니트, Main Control Unit | H12: 주 Shelf, 확장샐프 각 1대당 1EA | I12: EA | J12: 1 | K12: 1 | L12: 1 | N12: =SUM(J12:M12) -> 3
B13: 126552 | C13: DS-1/E 회선유니트 | D13: LIU | E13: DS-1/E 수용 유니트(12CH), Line Interface Unit | H13: 필요수량 | I13: EA | J13: 2 | K13: 1 | N13: =SUM(J13:M13) -> 3
B14: 126553 | C14: 계통보호 회선유니트 | D14: PIU | E14: 계통보호신호 수용 유니트(1CH), Protective Information Unit | H14: 1T/L당 2EA, 단거리(or 345) 1T/L당 4EA | I14: EA | N14: =SUM(J14:M14) -> 0
B15: 126554 | C15: 확장셀프 데이터 집선유니트 | D15: ECU | E15: 주셀프 ∼ 확장셀프간 연결 유니트, Extension Concentraion Unit | H15: 확장셀프당 2EA | I15: EA | N15: =SUM(J15:M15) -> 0
B16: 127955 | C16: 채널급 유니트 | D16: 4W E&M | E16: 채널급 회선 구성용 | H16: Shelf 1대당 2EA | I16: EA | N16: =SUM(J16:M16) -> 0
B17: 126555 | C17: P-to-P(A) 광전송장치 | D17: PTPU(A) | E17: DS-1/E급 데이터 전송을 위한 40km용 광전송장치 | H17: T/L구간별 1대/개소(계통보호용) | I17: EA | N17: =SUM(J17:M17) -> 0 | O17: 광점퍼코드 포함
B18: 126556 | C18: P-to-P(B) 광전송장치 | D18: PTPU(B) | E18: DS-1/E급 데이터 전송을 위한 100km용 광전송장치 | H18: T/L구간별 1대/개소(계통보호용) | I18: EA | N18: =SUM(J18:M18) -> 0 | O18: 광점퍼코드 포함
B19: 126557 | C19: P-to-P(C) 광전송장치 | D19: PTPU(C) | E19: DS-1/E급 데이터 전송을 위한 200km용 광전송장치 | H19: T/L구간별 1대/개소(계통보호용) | I19: EA | J19: 1 | L19: 1 | N19: =SUM(J19:M19) -> 2 | O19: 광점퍼코드 포함
B20: 126558 | C20: 전용랙(내진) | D20: 19"-내진랙 | E20: 19" 타입 내진 RACK 및 부대장비 | H20: 주장치, PTP, L3 SW, 확장셀프용 | I20: EA | J20: 2 | K20: 1 | L20: 1 | N20: =SUM(J20:M20) -> 4
B21: 120544 | C21: 챔프케이블(송광치) | D21: CH-SM-15(송광치) | E21: 송변전광단말 원격지용 PtoP 장치 | H21: HSR PtoP 1개, LIU 1개 | I21: EA | J21: =J13/2+J17+J18+J19+J16/2 -> 2 | K21: =ROUNDUP(K13/2+K17+K18+K19+K16/2,0) -> 1 | L21: =L13/2+L17+L18+L19+L16/2 -> 1 | N21: =SUM(J21:M21) -> 4 | O21: 신형 PTP용
B22: 120669 | C22: 집중배선반 | D22: QDF | E22: 채널급 종속신호 분배용 | H22: E1/G.703 1대/개소, LIU, PtpP 1대당 1EA | I22: EA | J22: =J13/2+IF(J14=0,0,J14/J14)+J17+J18+J19+J27+J28+J16/2 -> 2 | K22: =ROUNDUP(K13/2+IF(K14=0,0,K14/K14)+K17+K18+K19+K27+K28+K16/2,0) -> 1 | L22: =L13/2+IF(L14=0,0,L14/L14)+L17+L18+L19+L27+L28+L16/2 -> 1 | N22: =SUM(J22:M22) -> 4 | O22: 신형 PTP+구형PTP용 포함
B23: 109725 | C23: 중간배선반 | D23: IDF | E23: T1/E1, 채널급 종속신호 분배용 | H23: E1/G.703 1대/개소, LIU, PtpP 1대당 1EA | I23: EA | N23: =SUM(J23:M23) -> 0 | O23: 신형 PTP+구형PTP용 포함
B24: 127037 | C24: 송변전용스위치(A) | D24: L3SWU(A) | E24: L3 스위치(4Port)(기본형) | H24: 사내망(업무망, 인터넷망), FA, 무인보안 | I24: EA | J24: 6 | K24: 1 | N24: =SUM(J24:M24) -> 7 | O24: OA, FA, 인터넷망, 통합보안,지중감시,가평지중감시
C25: 광증폭기 | D25: 8CH | E25: 장거리 선로 광단말장치 신호 보강 | H25: 신가평~신태백 2EA, 동강 2EA, 예비품 1EA | I25: EA | K25: 2 | L25: 3 | N25: =SUM(J25:M25) -> 5 | O25: 신가평 2EA, 동강 1EA, 신태백 : 2EA(예비품 포함)
B26: 127038 | C26: 송변전용스위치(B) | D26: L3SWU(B) IRIG-B신호 수신 | E26: L3 스위치(4Port) (IRIG-B신호 수신모듈 내장형) | H26: PIU용 | I26: EA | N26: =SUM(J26:M26) -> 0
B27: 124668 | C27: 통합단말 부속장비 | D27: PTPU(A), 40km | E27: 통합단말 원격지용 PtoP 장치 | H27: 구)PtoP 1대당 2EA | I27: EA | N27: =SUM(J27:M27) -> 0 | O27: PIU예비/DAS용
B28: 124669 | C28: 통합단말 부속장비 | D28: PTPU(B), 100km | E28: 통합단말 원격지용 PtoP 장치 | H28: 구)PtoP 1대당 2EA | I28: EA | N28: =SUM(J28:M28) -> 0
B29: 109726 | C29: 통화로분선반 | D29: VDF | E29: T1/E1, CH급 회선 연결용 | H29: 구)PtoP 1대당 1EA | I29: EA | N29: =SUM(J29:M29) -> 0 | O29: 구)PTPU CH급
B30: 120544 | C30: 챔프케이블(구형 PTP) | D30: CH-SM-15(구형 PTP) | E30: 통합단말 원격지용 PtoP 장치 | H30: 구)PtoP 2개 | I30: EA | N30: =SUM(J30:M30) -> 0 | O30: 구형 PTP용
B31: 120543 | C31: LIU-DS | D31: LIU-DS | E31: 디지털 SCADA 집선장치, DS-1E 20CH, Ethernet 6CH | H31: 필요수량 | I31: EA | N31: =SUM(J31:M31) -> 0 | O31: SCADA회선구성용
C32: 컨테이너 | D32: ICT실용, 냉방기, 단열재, 운송 설치 포함 | E32: 동강C/H ICT실 컨테이너 | H32: 필요수량 | I32: EA | K32: 1 | N32: =SUM(J32:M32) -> 1
A33: 도 급 분 | B33: 주장치 | C33: 난연성제어케이블 | D33: FR-CVV-S, 6SQ/2C | E33: 송변전광전송장치 전원㈜ | F33: FADP 전원부㈜ | G33: 전원분전반(충전기) | H33: 거리 * 1조 | I33: m | J33: ='10-3-1. 송광단말케이블LIST(동해안)'!$H4+'10-3-1. 송광단말케이블LIST(동해안)'!$H15 -> 26 | K33: ='10-3-2. 송광단말케이블LIST(동강)'!H4+'10-3-2. 송광단말케이블LIST(동강)'!H15 -> 8 | L33: ='10-3-3. 송광단말케이블LIST(신태백)'!H4+'10-3-3. 송광단말케이블LIST(신태백)'!H15 -> 18 | N33: =SUM(J33:M33) -> 52
C34: 난연성제어케이블 | D34: FR-CVV-S, 6SQ/2C | E34: 송변전광전송장치 전원(예) | F34: FADP 전원부(예) | G34: 전원분전반(UPS) | H34: 거리 * 1조 | I34: m | J34: ='10-3-1. 송광단말케이블LIST(동해안)'!$H5+'10-3-1. 송광단말케이블LIST(동해안)'!$H16 -> 26 | K34: ='10-3-2. 송광단말케이블LIST(동강)'!H5+'10-3-2. 송광단말케이블LIST(동강)'!H16 -> 8 | L34: ='10-3-3. 송광단말케이블LIST(신태백)'!H5+'10-3-3. 송광단말케이블LIST(신태백)'!H16 -> 18 | N34: =SUM(J34:M34) -> 52
C35: 난연성제어케이블 | D35: FR-CVV-S, 6SQ/2C | E35: Rack AC전원 | F35: 단말장치/IDF Rack | G35: 전원분전반(UPS) | H35: 거리 * 1조 | I35: m | J35: ='10-3-1. 송광단말케이블LIST(동해안)'!$H6+'10-3-1. 송광단말케이블LIST(동해안)'!$H17 -> 26 | K35: ='10-3-2. 송광단말케이블LIST(동강)'!H6+'10-3-2. 송광단말케이블LIST(동강)'!H17 -> 8 | L35: ='10-3-3. 송광단말케이블LIST(신태백)'!H6+'10-3-3. 송광단말케이블LIST(신태백)'!H17 -> 18 | N35: =SUM(J35:M35) -> 52
C36: 광점퍼코드 | D36: SC/APC-SC/APC, 15m, 1C | E36: 광선로 구성(패치용) | F36: OFD | G36: OFD | H36: 거리 * 1조 | I36: EA | J36: ='10-3-1. 송광단말케이블LIST(동해안)'!H8/2+'10-3-1. 송광단말케이블LIST(동해안)'!H19/2 -> 16 | K36: ='10-3-2. 송광단말케이블LIST(동강)'!H8/2+'10-3-2. 송광단말케이블LIST(동강)'!H19/2 -> 16 | L36: ='10-3-3. 송광단말케이블LIST(신태백)'!H8/2+'10-3-3. 송광단말케이블LIST(신태백)'!H19/2 -> 12 | N36: =SUM(J36:M36) -> 44
C37: UTP케이블 | D37: UTP CAT.5E 100P | E37: DS0신호 결선(C-MUX) | F37: C-MUX(DSO출력,VDF) | G37: C-MUX(VDF,MDF) | H37: 거리 * 1조 | I37: m
C38: UTP케이블 | D38: UTP CAT.5E 25P | E38: DS0신호 결선(PtoP,C-MUX) | F38: PTP,C-MUX(DSO출력/VDF) | G38: PTP,C-MUX(VDF/MDF) | H38: 거리 * 1조 | I38: m
C39: UTP케이블 | D39: CAT.5E 4P | E39: LAN 구성용 | F39: 주셀프 | G39: LAN HUB | H39: 거리 * 1조 | I39: m | J39: ='10-3-1. 송광단말케이블LIST(동해안)'!$H10+'10-3-1. 송광단말케이블LIST(동해안)'!$H21 -> 27 | K39: ='10-3-2. 송광단말케이블LIST(동강)'!H10+'10-3-2. 송광단말케이블LIST(동강)'!H21 -> 6 | L39: ='10-3-3. 송광단말케이블LIST(신태백)'!H10+'10-3-3. 송광단말케이블LIST(신태백)'!H21 -> 10 | N39: =SUM(J39:M39) -> 43
C40: UTP케이블 | D40: CAT.5E 4P | E40: TRMS용 경보 | F40: 주셀프 | G40: EPIA | H40: 거리 * 1조 | I40: m | J40: ='10-3-1. 송광단말케이블LIST(동해안)'!$H12+'10-3-1. 송광단말케이블LIST(동해안)'!$H23 -> 24 | K40: ='10-3-2. 송광단말케이블LIST(동강)'!H12+'10-3-2. 송광단말케이블LIST(동강)'!H23 -> 8 | L40: ='10-3-3. 송광단말케이블LIST(신태백)'!H12+'10-3-3. 송광단말케이블LIST(신태백)'!H23 -> 7 | N40: =SUM(J40:M40) -> 39
C41: 후렉시블전선관 | D41: 22㎜, 일반방수(GW-22) | E41: 케이블 보호(광점퍼코드) | F41: 광카드(CTRU/PtoP) | G41: OFD | H41: 거리 * 1조 | I41: m | J41: ='10-3-1. 송광단말케이블LIST(동해안)'!$H9+'10-3-1. 송광단말케이블LIST(동해안)'!$H20 -> 16 | K41: ='10-3-2. 송광단말케이블LIST(동강)'!H9+'10-3-2. 송광단말케이블LIST(동강)'!H20 -> 16 | L41: ='10-3-3. 송광단말케이블LIST(신태백)'!H9+'10-3-3. 송광단말케이블LIST(신태백)'!H20 -> 12 | N41: =SUM(J41:M41) -> 44
C42: 후렉시블전선관 | D42: 16㎜, 일반방수(GW-16) | E42: 케이블 보호(광점퍼코드) | F42: OFD | G42: OFD | H42: 거리 * 1조 | I42: m | N42: =SUM(J42:M42) -> 0
C43: 후렉시블전선관 | D43: 16㎜, 일반방수(GW-16) | E43: 케이블 보호(LAN구성용, TRMS용 경보) | F43: 단말장치 Rack | G43: LAN HUB, PIA | H43: 거리 * 1조 | I43: m | J43: ='10-3-1. 송광단말케이블LIST(동해안)'!$H13+'10-3-1. 송광단말케이블LIST(동해안)'!$H24+'10-3-1. 송광단말케이블LIST(동해안)'!$H11+'10-3-1. 송광단말케이블LIST(동해안)'!$H22 -> 42 | K43: ='10-3-2. 송광단말케이블LIST(동강)'!H11+'10-3-2. 송광단말케이블LIST(동강)'!H13+'10-3-2. 송광단말케이블LIST(동강)'!H22+'10-3-2. 송광단말케이블LIST(동강)'!H24 -> 14 | L43: ='10-3-3. 송광단말케이블LIST(신태백)'!H11+'10-3-3. 송광단말케이블LIST(신태백)'!H13+'10-3-3. 송광단말케이블LIST(신태백)'!H22+'10-3-3. 송광단말케이블LIST(신태백)'!H24 -> 12 | N43: =SUM(J43:M43) -> 68
C44: 접지케이블 | D44: F-GV, 6SQ | E44: Rack(단말장치/단자반/IDF) 접지 | F44: Rack 접지단자(메인) | G44: 환형접지망(or 접지함체) | H44: 거리 * 1조 | I44: m | J44: ='10-3-1. 송광단말케이블LIST(동해안)'!$H7+'10-3-1. 송광단말케이블LIST(동해안)'!$H18 -> 6 | K44: ='10-3-2. 송광단말케이블LIST(동강)'!H7+'10-3-2. 송광단말케이블LIST(동강)'!H18 -> 3 | L44: ='10-3-3. 송광단말케이블LIST(신태백)'!H7+'10-3-3. 송광단말케이블LIST(신태백)'!H18 -> 6 | N44: =SUM(J44:M44) -> 15
C45: 19" RACK(경하중/내진) | D45: 19"-단자대 내진랙 | E45: 단자대 실장용 | H45: 단자대 용 | I45: 대 | N45: =SUM(J45:M45) -> 0
C46: 광OFD | D46: 3U, ST-24C | E46: PIU 점퍼코드 분배용 | H46: 6T/L * 1개 | I46: EA | N46: =SUM(J46:M46) -> 0
C47: 광점퍼케이블 | D47: OJC-MM 4C, ST-ST, 3M | E47: PIU~OFD 성단용 | F47: PIU | G47: 단자대Rack | H47: 거리 * 1조 | I47: EA | N47: =SUM(J47:M47) -> 0
C48: 광감쇄기 | D48: SM-SC/PC 10dB | E48: 광신호 수신레벨 조정 | F48: 광점퍼코드 수신단 | H48: 링당*1, PtoP*2 | I48: EA | J48: =J9+J10+J11+J17*0+J18*0+J19*2+J27*2+J28*2 -> 4 | K48: =K9+K10+K11+K17*0+K18*0+K19*2+K27*2+K28*2 -> 2 | L48: =L9+L10+L11+L17*0+L18*0+L19*2+L27*2+L28*2 -> 4 | N48: =SUM(J48:M48) -> 10
C49: 블럭단자(레핑) | D49: 6*30 | E49: DS0신호 단자대 | F49: MDF내 거치 | H49: PtoP*1 | I49: EA | N49: =SUM(J49:M49) -> 0 | O49: 선택 사용
C50: QDF 단자대 | D50: 60P, 19"랙 실장용 | E50: QDF 취부 | F50: MDF내 거치 | H50: PtoP*1 | I50: EA | N50: =SUM(J50:M50) -> 0
C51: QDF | D51: 10P | E51: DS0신호 단자대 | F51: MDF내 거치 | H51: PtoP*3 | I51: EA | N51: =SUM(J51:M51) -> 0
C52: PIU IDF | D52: 2CH, 1U, 19"랙 실장, LINE LOOP기능 | E52: PIU GMU, 인터록, ARM, E1, G703 단자대 | F52: 단자대랙 거치 | H52: PIU 2SET당 1EA | I52: EA | N52: =SUM(J52:M52) -> 0
B53: PIU | C53: 난연성제어케이블 | D53: FR-CVV-S, 1.5SQ/4C | E53: 87Ry Trip접점,ALM,전화 | F53: PIU(POE Type) | G53: 보호배전반 | H53: 거리 * 1조 | I53: m | N53: =SUM(J53:M53) -> 0
C54: 난연성제어케이블 | D54: FR-CVV-S, 1.5SQ/2C | E54: PITR 경보(개별, SCADA) | F54: PITR 알람접점 | G54: 보호반, RTU,소내IED | H54: 거리 * 1조 | I54: m | N54: =SUM(J54:M54) -> 0
C55: 광케이블 | D55: FOFC-MM-48C | E55: 64kbps Data(C37.94) | F55: ICT실 OFD | G55: 현장제어동 OFD | H55: 거리 * 1조 | I55: m | N55: =SUM(J55:M55) -> 0
C56: 광점퍼코드(B/O) | D56: ST(SC)-ST -MM-4C | E56: 64kbps Data(C37.94) | F56: PIU(POE Type) | G56: 보호배전반 광모듈 | H56: 거리 * 1조(Tx, Rx)/당 #1T/L : 1조)*2계열 | I56: m | N56: =SUM(J56:M56) -> 0 | O56: 노임산출시적용
C57: 광점퍼코드(B/O) | D57: ST-ST -MM-4C, 15m | E57: 64kbps Data(C37.94) | F57: PIU(POE Type) | G57: 보호배전반 광모듈 | H57: 거리 * 1조(Tx, Rx)/당 #1T/L : 1조)*2계열 | I57: 개 | N57: =SUM(J57:M57) -> 0 | O57: 지입재료비
C58: 광점퍼코드(B/O) | D58: ST-ST -MM-4C, 35m | E58: 64kbps Data(C37.94) | F58: PIU(POE Type) | G58: 보호배전반 광모듈 | H58: 거리 * 1조(Tx, Rx)/당 #1T/L : 1조)*2계열 | I58: 개 | N58: =SUM(J58:M58) -> 0 | O58: 지입재료비
C59: 광점퍼코드(B/O) | D59: ST-ST -MM-4C, 40m | E59: 64kbps Data(C37.94) | F59: PIU(POE Type) | G59: 보호배전반 광모듈 | H59: 거리 * 1조(Tx, Rx)/당 #1T/L : 1조)*2계열 | I59: 개 | N59: =SUM(J59:M59) -> 0 | O59: 지입재료비
C60: 광점퍼코드(B/O) | D60: ST-ST -MM-4C, 50m | E60: 64kbps Data(C37.94) | F60: PIU(POE Type) | G60: 보호배전반 광모듈 | H60: 거리 * 1조(Tx, Rx)/당 #1T/L : 1조)*2계열 | I60: 개 | N60: =SUM(J60:M60) -> 0 | O60: 지입재료비
C61: 광점퍼코드(B/O) | D61: ST-ST -MM-4C, 55m | E61: 64kbps Data(C37.94) | F61: PIU(POE Type) | G61: 보호배전반 광모듈 | H61: 거리 * 1조(Tx, Rx)/당 #1T/L : 1조)*2계열 | I61: 개 | N61: =SUM(J61:M61) -> 0 | O61: 지입재료비
C62: 광점퍼코드(B/O) | D62: ST-ST -MM-4C, 60m | E62: 64kbps Data(C37.94) | F62: PIU(POE Type) | G62: 보호배전반 광모듈 | H62: 거리 * 1조(Tx, Rx)/당 #1T/L : 1조)*2계열 | I62: 개 | N62: =SUM(J62:M62) -> 0 | O62: 지입재료비
C63: 광점퍼코드(B/O) | D63: ST-ST -MM-4C, 65m | E63: 64kbps Data(C37.94) | F63: PIU(POE Type) | G63: 보호배전반 광모듈 | H63: 거리 * 1조(Tx, Rx)/당 #1T/L : 1조)*2계열 | I63: 개 | N63: =SUM(J63:M63) -> 0 | O63: 지입재료비
C64: 광점퍼코드(B/O) | D64: ST-ST -MM-4C, 70m | E64: 64kbps Data(C37.94) | F64: PIU(POE Type) | G64: 보호배전반 광모듈 | H64: 거리 * 1조(Tx, Rx)/당 #1T/L : 1조)*2계열 | I64: 개 | N64: =SUM(J64:M64) -> 0 | O64: 지입재료비
C65: 광점퍼코드(B/O) | D65: ST-ST -MM-4C, 75m | E65: 64kbps Data(C37.94) | F65: PIU(POE Type) | G65: 보호배전반 광모듈 | H65: 거리 * 1조(Tx, Rx)/당 #1T/L : 1조)*2계열 | I65: 개 | N65: =SUM(J65:M65) -> 0 | O65: 지입재료비
C66: 광점퍼코드(B/O) | D66: ST-ST -MM-4C, 80m | E66: 64kbps Data(C37.94) | F66: PIU(POE Type) | G66: 보호배전반 광모듈 | H66: 거리 * 1조(Tx, Rx)/당 #1T/L : 1조)*2계열 | I66: 개 | N66: =SUM(J66:M66) -> 0 | O66: 지입재료비
C67: 광점퍼코드(B/O) | D67: ST-ST -MM-4C, 85m | E67: 64kbps Data(C37.94) | F67: PIU(POE Type) | G67: 보호배전반 광모듈 | H67: 거리 * 1조(Tx, Rx)/당 #1T/L : 1조)*2계열 | I67: 개 | N67: =SUM(J67:M67) -> 0 | O67: 지입재료비
... C69: 광점퍼코드(B/O) | D69: ST-ST -MM-4C, 95m | E69: 64kbps Data(C37.94) | F69: PIU(POE Type) | G69: 보호배전반 광모듈 | H69: 거리 * 1조(Tx, Rx)/당 #1T/L : 1조)*2계열 | I69: 개 | N69: =SUM(J69:M69) -> 0 | O69: 지입재료비
C70: 후렉시블전선관 | D70: 22㎜, 일반방수(GW-22) | E70: 광점퍼코드 보호[PIU/보호배전반~OFD] | F70: PIU(POE Type)/보호배전반 모듈 | G70: OFD(ICT실/현장제어동) | H70: 거리 * 1조(T/L 1개당) | I70: m | N70: =SUM(J70:M70) -> 0
C71: PCM케이블 | D71: 0.65/1P | E71: PIU E1 주/예비회선 | F71: PIU㈜/(예) | G71: QDF/IDF | H71: 거리 * 2조(TX,RX)(PIU 1개당) | I71: m | N71: =SUM(J71:M71) -> 0
C72: 동축케이블 | D72: RG58 | E72: GPS용 | F72: SA주장치 | G72: 송변전광 L3스위치 | H72: 거리 * 1조 | I72: m | N72: =SUM(J72:M72) -> 0
C73: 후렉시블전선관 | D73: 16㎜, 일반방수(GW-16) | E73: 케이블 보호[E1㈜/(예)] | F73: PIU㈜/(예) | G73: QDF/IDF | H73: 거리 * 1조(EIU 1개당) | I73: m | N73: =SUM(J73:M73) -> 0
C74: UTP케이블 | D74: CAT.5E 4P | E74: LAN 구성용 | F74: PIU | G74: LAN HUB | H74: 거리 * 1조 | I74: m | N74: =SUM(J74:M74) -> 0
C75: UTP케이블 | D75: CAT.5E 4P | E75: TRMS용 경보 | F75: PIU | G75: EPIA | H75: 거리 * 1조 | I75: m | N75: =SUM(J75:M75) -> 0
C76: 후렉시블전선관 | D76: 16㎜, 일반방수(GW-16) | E76: 케이블 보호(LAN구성용, TRMS용 경보) | F76: 단말장치 Rack | G76: LAN HUB, PIA | H76: 거리 * 1조 | I76: m | N76: =SUM(J76:M76) -> 0
C77: OFD셀프 | D77: 96C | E77: 광케이블 성단 | H77: 1대/신설개소 | I77: 개 | N77: =SUM(J77:M77) -> 0
C78: 광점퍼코드(성단) | D78: OJC-SM-3 | E78: 광케이블 성단 | H78: 1개/2C당 | I78: 개 | N78: =SUM(J78:M78) -> 0
C79: 광아답타 | D79: OFA-SC/APC | E79: 광케이블 성단 | H79: 1개/1C당 | I79: 개 | N79: =SUM(J79:M79) -> 0
C80: 케이블명찰 | D80: 120*70(포맥스) | E80: 광케이블 표시 | F80: 시점 | G80: 종점 | H80: 1개/광케이블 50m당,굴곡부,단말측 | I80: 개 | N80: =SUM(J80:M80) -> 0
C81: 이동형콘솔 | D81: H970*360*550 | H81: 변전소당 1EA | I81: EA | N81: =SUM(J81:M81) -> 0 | O81: 구내통신 반영
C82: 셋트앙카(STS) | D82: Φ3/8, 75㎜ | E82: Rack 고정 | F82: 단말장치 Rack 고정 | H82: Rack당 4개 | I82: EA | J82: =J20*4+J45*4+J84*4 -> 8 | K82: =K20*4+K45*4+K84*4 -> 4 | L82: =L20*4+L45*4+L84*4 -> 4 | N82: =SUM(J82:M82) -> 16
C83: 전산볼트 | D83: M10,철 | E83: Rack 고정 | F83: 단말장치 Rack 고정 | H83: Rack당 4개 | I83: EA | N83: =SUM(J83:M83) -> 0
C84: 19" RACK(IDF/내진) | D84: 경하중,IDF,내진, 600(W)*750(D)*2000(H) | E84: IDF 실장용 | F84: 단말장치 Rack 고정 | H84: Rack당 1개 | I84: EA | N84: =SUM(J84:M84) -> 0
C85: 내진가대 | D85: 600*750*270-330 | E85: Rack 고정 | F85: 단말장치 Rack 고정 | H85: Rack당 1개 | I85: EA | N85: =SUM(J85:M85) -> 0
C86: 바닥고정브라켓(평마루용) | D86: 600*750*25 | E86: Rack 고정(베이스플레이트 등) | F86: 단말장치 Rack 고정 | H86: Rack당 1개 | I86: EA | N86: =SUM(J86:M86) -> 0
C87: 랙명판 | D87: AL,190*75*1t,헤어라인/검정색도색후 실크인쇄,후면 벨크로 | E87: Rack 명판 | F87: 단말장치 Rack 명판 | H87: Rack당 1개 | I87: EA | J87: =J20+J45+J84 -> 2 | K87: =K20+K45+K84 -> 1 | L87: =L20+L45+L84 -> 1 | N87: =SUM(J87:M87) -> 4
C88: 콘센트 | D88: 노출, 접지 2구 | E88: Rack 멀티콘센트 연결용 | F88: Rack 하단에 고정 | H88: Rack당 1EA | I88: EA | N88: =SUM(J88:M88) -> 0
C89: LAN Port Lock | D89: Lan RJ-45 | E89: LAN Port 잠금장치용 | F89: 8파장 미사용 Port 및 허브용 | H89: Rack당 32EA, 허브 24Port *2EA | I89: EA | N89: =SUM(J89:M89) -> 0
C90: LAN Port Lock 제거키 | D90: 제거키(Removal Key) | E90: LAN Port 잠금장치 제거용 | F90: 8파장 미사용 Port 및 허브용 | H90: 변전소당 1EA | I90: EA | N90: =SUM(J90:M90) -> 0
C91: DC/DC 컨버터 | D91: 19", 1U, DC125/DC48V | E91: DC 이중화용 예비전원 | F91: 단말장치 Rack 내부 거치 | H91: Rack당 1EA | I91: 개 | N91: =SUM(J91:M91) -> 0
B92: 109726 | C92: 통화로분선반 | D92: VDF | E92: T1/E1, CH급 회선 연결용 | H92: 구)PtoP, C-MUX 1대당 1EA | I92: EA | N92: =SUM(J92:M92) -> 0 | O92: 구)PTPU, C-MUX CH급
C93: 잡자재 | D93: 전선, 케이블 배관자재의 2~5% | E93: 케이블, 전선관류 부속자재 | F93: 단말처리 구간 | H93: 1식(케이블, 전선관류 2%) | I93: 식 | J93: 1 | K93: 1 | L93: 1 | N93: =SUM(J93:M93) -> 3
A95: 2. 전원설비
A96: 구 분 | C96: 품 명 | D96: 규 격 | E96: 용 도 | F96: FROM | G96: TO | H96: 산출기준 | I96: 단위 | J96: 수 량 | O96: 비 고
J97: 동해안#1 | K97: 동강CH | L97: 신태백S/S | N97: 합계
A98: 사급분 | B98: 127046 | C98: UPS | D98: 15kVA 입력 3상4선 출력 단상, 내진랙(19") | E98: 통신장비 무정전전원 공급 | F98: ICT실 | H98: 신설 변전소당 1식 | I98: 대 | J98: 1 | N98: =SUM(J98:M98) -> 1
B99: 124375 | C99: UPS | D99: 5kVA 입력 3상4선 출력 단상, 내진랙(19") | E99: 통신장비 무정전전원 공급 | F99: ICT실 | H99: 신설 변전소당 1식 | I99: 대 | K99: 1 | N99: =SUM(J99:M99) -> 1
B100: 125497 | C100: 통신용충전기 | D100: 48V 100A(50A * 2), 단독형, 내진랙(19") | E100: 통신장비 48V 전원공급 | F100: ICT실 | H100: 신설 변전소당 1식 | I100: 대 | K100: 1 | N100: =SUM(J100:M100) -> 1
B101: 125498 | C101: 통신용충전기 | D101: 48V 100A(50A * 3), 단독형, 내진랙(19") | E101: 통신장비 48V 전원공급 | F101: ICT실 | H101: 신설 변전소당 1식 | I101: 대 | J101: 2 | N101: =SUM(J101:M101) -> 2
B102: 124379 | C102: AC/UPS/DC분전반 | D102: AC 2회로, UPS 20회로, DC 16회로 | E102: 통신전원분전반 | F102: ICT실 | H102: 신설 변전소당 1식 | I102: 대 | J102: 1 | K102: 1 | N102: =SUM(J102:M102) -> 2
C103: DC분전반 | D103: DC 20+20회로 | E103: 통신전원분전반 | F103: ICT실 | H103: 신설 변전소당 1식 | I103: 대 | N103: =SUM(J103:M103) -> 0
B104: 111126 | C104: 축전지 | D104: 12V/150AH, UPS용 | E104: UPS용(AC설비) | F104: ICT실 | H104: 신설 UPS당 16개 | I104: 개 | J104: =16*J98 -> 16 | N104: =SUM(J104:M104) -> 16
...

Sheet 8-2.설비자재산출(무인보안)
A1: - | C1: 8-1-2. 자 재 수 량 산 출 내 역 ( 무 인 보 안 )
EN2: 설비관리동 | FF2: 옥외 | FN2: 본관동 | GA2: 동강
B3: 번호 | D3: 단 위 공 종 | G3: 단위 | H3: 할증후 수량 (재료비) | I3: 할증 (%) | J3: 산출수량 (노임) | K3: 설비관리동 | CF3: 본관동 | DY3: 옥외 | EG3: 설비관리동 | EK3: 본관동 | EN3: COT | EO3: RT#502 | EP3: RT#501 | EQ3: RT#503 | ER3: RT#504 | ES3: RT403 | ET3: RT#402 | EU3: RT#401 | EV3: RT#301 | EW3: RT#202 | EX3: RT#203 | EY3: RT#201 | EZ3: RT#105 | FA3: RT#104 | FB3: RT#103 | FC3: RT#102 | FD3: RT#101 | FE3: RT#B01 | FF3: RT#01 | FG3: RT#02 | FH3: RT#03 | FI3: RT#04 | FJ3: RT#05 | FK3: RT#06 | FL3: RT#07 | FM3: RT#08 | FN3: RT#A101 | FO3: RT#A102 | FP3: RT#B102 | FQ3: RT#B101 | FR3: RT#B201 | FS3: RT#B103 | FT3: RT#B104 | FU3: RT#옥상1 | FV3: RT#C401 | FW3: RT#C101 | FX3: RT#A104 | FY3: RT#A103 | FZ3: RT#A201 | GB3: 비고
C4: 자재번호 | D4: 품 명 | E4: 규 격 | F4: 구간 | K4: RACK | L4: CA 1번 | M4: CA 2번 | N4: CA 3번 | O4: CA 4번 | P4: CA 5번 | Q4: CA 6번 | R4: CA 7번 | S4: CA 8번 | T4: CA 9번 | U4: CA 10번 | V4: CA 11번 | W4: CA 12번 | X4: CA 13번 | Y4: CA 14번 | Z4: CA 15번 | AA4: CA 16번 | AB4: CA 17번 | AC4: CA 18번 | AD4: CA 19번 | AE4: CA 20번 | AF4: CA 21번 | AG4: CA 22번 | AH4: CA 23번 | AI4: CA 24번 | AJ4: CA 25번 | AK4: CA 26번 | AL4: CA 27번 | AM4: CA 28번 | AN4: CA 29번 | AO4: CA 30번 | AP4: CA 31번 | AQ4: CA 32번 | AR4: CA 33번 | AS4: CA 34번 | AT4: CA 35번 | AU4: CA 36번 | AV4: CA 37번 | AW4: CA 38번 | AX4: CA 39번 | AY4: CA 40번 | AZ4: CA 41번 | BA4: CA 42번 | BB4: CA 43번 | BC4: CA 44번 | BD4: CA 45번 | BE4: CA 46번 | BF4: CA 47번 | BG4: CA 48번 | BH4: CA 49번 | BI4: CA 50번 | BJ4: CA 51번 | BK4: CA 52번 | BL4: CA 53번 | BM4: CA 54번 | BN4: CA 55번 | BO4: CA 56번 | BP4: CA 57번 | BQ4: CA 58번 | BR4: CA 59번 | BS4: CA 60번 | BT4: CA 61번 | BU4: CA 62번 | BV4: CA 63번 | BW4: CA 64번 | BX4: CA 65번 | BY4: CA 66번 | BZ4: CA 67번 | CA4: CA 68번 | CB4: CA 69번 | CC4: CA 70번 | CD4: CA 71번 | CE4: CA 72번 | CF4: CA 73번 | CG4: CA 74번 | CH4: CA 75번 | CI4: CA 76번 | CJ4: CA 77번 | CK4: CA 78번 | CL4: CA 79번 | CM4: CA 80번 | CN4: CA 81번 | CO4: CA 82번 | CP4: CA 83번 | CQ4: CA 84번 | CR4: CA 85번 | CS4: CA 86번 | CT4: CA 87번 | CU4: CA 88번 | CV4: CA 89번 | CW4: CA 90번 | CX4: CA 91번 | CY4: CA 92번 | CZ4: CA 93번 | DA4: CA 94번 | DB4: CA 95번 | DC4: CA 96번 | DD4: CA 97번 | DE4: CA 98번 | DF4: CA 99번 | DG4: CA 100번 | DH4: CA 101번 | DI4: CA 102번 | DJ4: CA 103번 | DK4: CA 104번 | DL4: CA 105번 | DM4: CA 106번 | DN4: CA 107번 | DO4: CA 108번 | DP4: CA 109번 | DQ4: CA 110번 | DR4: CA 111번 | DS4: CA 112번 | DT4: CA 113번 | DU4: CA 114번 | DV4: CA 115번 | DW4: CA 116번 | DX4: CA 117번 | DY4: CA 120번 | DZ4: CA 121번 | EA4: CA 122번 | EB4: CA 123번 | EC4: CA 124번 | ED4: CA 125번 | EE4: CA 126번 | EF4: CA 127번 | EG4: 침투주장치 | EH4: 현관 | EI4: 출입문 | EJ4: 출입문 | EK4: 출입문 | EL4: 출입문 | EM4: 출입문 | EN4: RT#502-> | EO4: COT-> | EP4: RT#502> | EQ4: RT#501-> | ER4: RT#503-> | ES4: RT#504-> | ET4: RT#403-> | EU4: RT#402-> | EV4: RT#401-> | EW4: RT#301-> | EX4: RT#202-> | EY4: RT#203-> | EZ4: RT#201-> | FA4: RT105-> | FB4: RT#104-> | FC4: RT#103-> | FD4: RT#102-> | FE4: RT#101-> | FF4: RT#B01-> | FG4: RT#01-> | FH4: RT#02-> | FI4: RT#03-> | FJ4: RT#04-> | FK4: RT#05-> | FL4: RT#B01-> | FM4: RT#B01-> | FN4: RT#08 | FO4: RT#A101-> | FP4: RT#A102-> | FQ4: RT#B102-> | FR4: RT#B101-> | FS4: RT#B201-> | FT4: RT#B103-> | FU4: RT#B104-> | FV4: RT#옥상1-> | FW4: RT#C401-> | FX4: RT#C101-> | FY4: RT#A104-> | FZ4: RT#A103-> | GC4: 광케이블
K5: COT | L5: RT#B01 | M5: RT#B01 | N5: RT#101 | O5: RT#101 | P5: RT#101 | Q5: RT#102 | R5: RT#102 | S5: RT#102 | T5: RT#103 | U5: RT#103 | V5: RT#103 | W5: RT#103 | X5: RT#104 | Y5: RT#104 | Z5: RT#104 | AA5: RT#104 | AB5: RT#105 | AC5: RT#105 | AD5: RT#105 | AE5: RT#201 | AF5: RT#201 | AG5: RT#201 | AH5: RT#201 | AI5: RT#201 | AJ5: RT#201 | AK5: RT#202 | AL5: RT#202 | AM5: RT#202 | AN5: RT#202 | AO5: RT#202 | AP5: RT#202 | AQ5: RT#203 | AR5: RT#203 | AS5: RT#203 | AT5: RT#203 | AU5: RT#203 | AV5: RT#203 | AW5: RT#301 | AX5: RT#301 | AY5: RT#301 | AZ5: RT#301 | BA5: RT#401 | BB5: RT#401 | BC5: RT#401 | BD5: RT#401 | BE5: RT#402 | BF5: RT#402 | BG5: RT#402 | BH5: RT#402 | BI5: RT#403 | BJ5: RT#403 | BK5: RT#403 | BL5: RT#403 | BM5: RT#501 | BN5: RT#501 | BO5: RT#501 | BP5: RT#501 | BQ5: RT#501 | BR5: RT#502 | BS5: RT#502 | BT5: RT#503 | BU5: RT#503 | BV5: RT#503 | BW5: RT#503 | BX5: RT#503 | BY5: RT#503 | BZ5: RT#504 | CA5: RT#504 | CB5: RT#504 | CC5: RT#504 | CD5: RT#504 | CE5: RT#504 | CF5: RT#A101 | CG5: RT#A101 | CH5: RT#A102 | CI5: RT#A102 | CJ5: RT#A103 | CK5: RT#A103 | CL5: RT#A103 | CM5: RT#A103 | CN5: RT#A103 | CO5: RT#A104 | CP5: RT#A104 | CQ5: RT#A104 | CR5: RT#B101 | CS5: RT#B101 | CT5: RT#B101 | CU5: RT#B102 | CV5: RT#B102 | CW5: RT#B103 | CX5: RT#B103 | CY5: RT#B103 | CZ5: RT#B103 | DA5: RT#B103 | DB5: RT#B104 | DC5: RT#B104 | DD5: RT#B104 | DE5: RT#C101 | DF5: RT#C101 | DG5: RT#C101 | DH5: RT#A201 | DI5: RT#A201 | DJ5: RT#A201 | DK5: RT#A201 | DL5: RT#A201 | DM5: RT#B201 | DN5: RT#B201 | DO5: RT#B201 | DP5: RT#B201 | DQ5: RT#B201 | DR5: RT#C401 | DS5: RT#C401 | DT5: RT#C401 | DU5: RT#C401 | DV5: RT#C401 | DW5: RT#옥상1 | DX5: RT#옥상1 | DY5: RT#01 | DZ5: RT#02 | EA5: RT#03 | EB5: RT#04 | EC5: RT#05 | ED5: RT#06 | EE5: RT#07 | EF5: RT#A08 | EG5: COT | EH5: RT#101 | EI5: RT#501 | EJ5: RT#502 | EK5: RT#A101 | EL5: RT#B101 | EM5: RT#C101 | EU5: COT-> | EV5: COT-> | FD5: COT-> | FF5: COT-> | FN5: COT-> | GC5: 전원케이블
K6: 지상5층 | L6: 지하1층 | M6: 지하1층 | N6: 지상1층 | O6: 지상1층 | P6: 지상1층 | Q6: 지상1층 | R6: 지상1층 | S6: 지상1층 | T6: 지상1층 | U6: 지상1층 | V6: 지상1층 | W6: 지상1층 | X6: 지상1층 | Y6: 지상1층 | Z6: 지상1층 | AA6: 지상1층 | AB6: 지상1층 | AC6: 지상1층 | AD6: 지상1층 | AE6: 지상2층 | AF6: 지상2층 | AG6: 지상2층 | AH6: 지상2층 | AI6: 지상2층 | AJ6: 지상2층 | AK6: 지상2층 | AL6: 지상2층 | AM6: 지상2층 | AN6: 지상2층 | AO6: 지상2층 | AP6: 지상2층 | AQ6: 지상2층 | AR6: 지상2층 | AS6: 지상2층 | AT6: 지상2층 | AU6: 지상2층 | AV6: 지상2층 | AW6: 지상3층 | AX6: 지상3층 | AY6: 지상3층 | AZ6: 지상3층 | BA6: 지상4층 | BB6: 지상4층 | BC6: 지상4층 | BD6: 지상4층 | BE6: 지상4층 | BF6: 지상4층 | BG6: 지상4층 | BH6: 지상4층 | BI6: 지상4층 | BJ6: 지상4층 | BK6: 지상4층 | BL6: 지상4층 | BM6: 지상5층 | BN6: 지상5층 | BO6: 지상5층 | BP6: 지상5층 | BQ6: 지상5층 | BR6: 지상5층 | BS6: 지상5층 | BT6: 지상5층 | BU6: 지상5층 | BV6: 지상5층 | BW6: 지상5층 | BX6: 지상5층 | BY6: 지상5층 | BZ6: 지상5층 | CA6: 지상5층 | CB6: 지상5층 | CC6: 지상5층 | CD6: 지상5층 | CE6: 지상5층 | CF6: 지상1층 | CG6: 지상1층 | CH6: 지상1층 | CI6: 지상1층 | CJ6: 지상1층 | CK6: 지상1층 | CL6: 지상1층 | CM6: 지상1층 | CN6: 지상1층 | CO6: 지상1층 | CP6: 지상1층 | CQ6: 지상1층 | CR6: 지상1층 | CS6: 지상1층 | CT6: 지상1층 | CU6: 지상1층 | CV6: 지상1층 | CW6: 지상1층 | CX6: 지상1층 | CY6: 지상1층 | CZ6: 지상1층 | DA6: 지상1층 | DB6: 지상1층 | DC6: 지상1층 | DD6: 지상1층 | DE6: 지상1층 | DF6: 지상2층 | DG6: 지상3층 | DH6: 지상2층 | DI6: 지상2층 | DJ6: 지상2층 | DK6: 지상2층 | DL6: 지상2층 | DM6: 지상2층 | DN6: 지상2층 | DO6: 지상2층 | DP6: 지상2층 | DQ6: 지상2층 | DR6: 지상4층 | DS6: 지상4층 | DT6: 지상4층 | DU6: 지상4층 | DV6: 지상4층 | DW6: 옥상층 | DX6: 옥상층 | DY6: 옥외 | DZ6: 옥외 | EA6: 옥외 | EB6: 옥외 | EC6: 옥외 | ED6: 옥외 | EE6: 옥외 | EF6: 옥외 | EG6: 지상5층 | EH6: 지상1층 | EI6: 지상5층 | EJ6: 지상5층 | EK6: 지상1층 | EL6: 지상1층 | EM6: 지상1층 | EN6: 지상5층 | EO6: 지상5층 | EP6: 지상5층 | EQ6: 지상5층 | ER6: 지상5층 | ES6: 지상4층 | ET6: 지상4층 | EU6: 지상4층 | EV6: 지상3층 | EW6: 지상2층 | EX6: 지상2층 | EY6: 지상2층 | EZ6: 지상1층 | FA6: 지상1층 | FB6: 지상1층 | FC6: 지상1층 | FD6: 지상1층 | FE6: 지하1층 | FF6: 옥외 | FG6: 옥외 | FH6: 옥외 | FI6: 옥외 | FJ6: 옥외 | FK6: 옥외 | FL6: 옥외 | FM6: 옥외 | FN6: 지상1층 | FO6: 지상1층 | FP6: 지상1층 | FQ6: 지상1층 | FR6: 지상2층 | FS6: 지상1층 | FT6: 지상1층 | FU6: 지상4층 | FV6: 지상4층 | FW6: 지상1층 | FX6: 지상1층 | FY6: 지상1층 | FZ6: 지상2층
K7: ICT실 | L7: CAM#B01 | M7: CAM#B02 | N7: CAM#101 | O7: CAM#102 | P7: CAM#103 | Q7: CAM#104 | R7: CAM#105 | S7: CAM#106 | T7: CAM#107 | U7: CAM#108 | V7: CAM#109 | W7: CAM#110 | X7: CAM#111 | Y7: CAM#112 | Z7: CAM#113 | AA7: CAM#114 | AB7: CAM#115 | AC7: CAM#116 | AD7: CAM#117 | AE7: CAM#201 | AF7: CAM#202 | AG7: CAM#203 | AH7: CAM#204 | AI7: CAM#205 | AJ7: CAM#206 | AK7: CAM#207 | AL7: CAM#208 | AM7: CAM#209 | AN7: CAM#210 | AO7: CAM#211 | AP7: CAM#212 | AQ7: CAM#213 | AR7: CAM#214 | AS7: CAM#215 | AT7: CAM#216 | AU7: CAM#217 | AV7: CAM#218 | AW7: CAM#301 | AX7: CAM#302 | AY7: CAM#303 | AZ7: CAM#304 | BA7: CAM#401 | BB7: CAM#402 | BC7: CAM#403 | BD7: CAM#404 | BE7: CAM#405 | BF7: CAM#406 | BG7: CAM#407 | BH7: CAM#408 | BI7: CAM#409 | BJ7: CAM#410 | BK7: CAM#411 | BL7: CAM#412 | BM7: CAM#501 | BN7: CAM#502 | BO7: CAM#503 | BP7: CAM#504 | BQ7: CAM#505 | BR7: CAM#506 | BS7: CAM#507 | BT7: CAM#508 | BU7: CAM#509 | BV7: CAM#510 | BW7: CAM#511 | BX7: CAM#512 | BY7: CAM#513 | BZ7: CAM#514 | CA7: CAM#515 | CB7: CAM#516 | CC7: CAM#517 | CD7: CAM#518 | CE7: CAM#519 | CF7: CAM#A101 | CG7: CAM#A102 | CH7: CAM#A103 | CI7: CAM#A104 | CJ7: CAM#A105 | CK7: CAM#A106 | CL7: CAM#A107 | CM7: CAM#A108 | CN7: CAM#A109 | CO7: CAM#A110 | CP7: CAM#A111 | CQ7: CAM#A112 | CR7: CAM#B101 | CS7: CAM#B102 | CT7: CAM#전력구 | CU7: CAM#B103 | CV7: CAM#B104 | CW7: CAM#B105 | CX7: CAM#B106 | CY7: CAM#B107 | CZ7: CAM#B108 | DA7: CAM#B109 | DB7: CAM#B110 | DC7: CAM#B111 | DD7: CAM#B112 | DE7: CAM#C101 | DF7: CAM#C201 | DG7: CAM#C301 | DH7: CAM#A201 | DI7: CAM#A202 | DJ7: CAM#A203 | DK7: CAM#A204 | DL7: CAM#A205 | DM7: CAM#B201 | DN7: CAM#B202 | DO7: CAM#B203 | DP7: CAM#B204 | DQ7: CAM#B205 | DR7: CAM#C401 | DS7: CAM#C402 | DT7: CAM#C403 | DU7: CAM#C404 | DV7: CAM#C405 | DW7: CAM함체#옥상1,2 | DX7: CAM함체#옥상3,4 | DY7: CAM#01 | DZ7: CAM#02 | EA7: CAM#03 | EB7: CAM#04 | EC7: CAM#05 | ED7: CAM#06 | EE7: CAM#07 | EF7: CAM#08 | EG7: 감시실 | EH7: 현관 | EI7: ICT실 | EJ7: 감시실 | EK7: 현관 | EL7: 현관 | EM7: 현관 | EN7: ICT실 RACK
B8: 가. | C8: 가. | D8: 회사분
A9: 1 | B9: 1 | C9: 126571 | D9: 녹화장치(동강C/H) | E9: 4core 2.4GHz*1EA이상,8GB이상, SSD256GB,스토리지4TB이하 | G9: 대 | H9: =ROUNDUP(J9+INT(J9*I9/100),1) -> 1 | J9: =ROUNDUP(SUM(K9:GA9),1) -> 1 | GA9: 1
A10: 2 | B10: =B9+1 -> 2 | C10: 126571 | D10: 녹화장치 | E10: 4core 2.4GHz*1EA이상,16GB이상, SSD512GB,스토리지80TB이상 | G10: 대 | H10: =ROUNDUP(J10+INT(J10*I10/100),1) -> 2 | J10: =ROUNDUP(SUM(K10:GA10),1) -> 2 | K10: 2
A11: 3 | B11: =B10+1 -> 3 | C11: 126572 | D11: 운영자 단말 | E11: 2.9GHz, 16GB, Display 다중전송, 23인치 이상 LCD모니터 포함 | G11: 대 | H11: =ROUNDUP(J11+INT(J11*I11/100),1) -> 4 | J11: =ROUNDUP(SUM(K11:GA11),1) -> 4 | K11: 3 | GA11: 1
A12: 4 | B12: =B11+1 -> 4 | C12: 126573 | D12: 멀티 모니터링장치 | E12: 3.4GHz, 8GB, Display 다중전송 | G12: 대 | H12: =ROUNDUP(J12+INT(J12*I12/100),1) -> 0 | J12: =ROUNDUP(SUM(K12:GA12),1) -> 0
A13: 5 | B13: =B12+1 -> 5 | C13: 126574 | D13: KVM스위치 | E13: 8채널 이상, 19" 랙타입 | G13: 대 | H13: =ROUNDUP(J13+INT(J13*I13/100),1) -> 1 | J13: =ROUNDUP(SUM(K13:GA13),1) -> 1 | K13: 1
A14: 6 | B14: =B13+1 -> 6 | C14: 126575 | D14: 42" LED모니터 | E14: 42” 이상 (16:9 지원) | G14: 대 | H14: =ROUNDUP(J14+INT(J14*I14/100),1) -> 0 | J14: =ROUNDUP(SUM(K14:GA14),1) -> 0
A15: 7 | B15: =B14+1 -> 7 | C15: 126576 | D15: 55" LED모니터 | E15: 55” 이상 (16:9 지원) | G15: 대 | H15: =ROUNDUP(J15+INT(J15*I15/100),1) -> 4 | J15: =ROUNDUP(SUM(K15:GA15),1) -> 4 | K15: 4
A16: 8 | B16: =B15+1 -> 8 | C16: 126577 | D16: 영상추적서버 | E16: 3.4GHz, 8GB, SATA 1TB | G16: 대 | H16: =ROUNDUP(J16+INT(J16*I16/100),1) -> 0 | J16: =ROUNDUP(SUM(K16:GA16),1) -> 0
A17: 9 | B17: =B16+1 -> 9 | C17: 126578 | D17: 영상추적 소프트웨어 | E17: 영상분석, 움직임추적 | G17: 개 | H17: =ROUNDUP(J17+INT(J17*I17/100),1) -> 0 | J17: =ROUNDUP(SUM(K17:GA17),1) -> 0
A18: 10 | B18: =B17+1 -> 10 | C18: 126579 | D18: 오디오앰프 | E18: 30W, G.711 또는 G729a/b | G18: 개 | H18: =ROUNDUP(J18+INT(J18*I18/100),1) -> 0 | J18: =ROUNDUP(SUM(K18:GA18),1) -> 0
A19: 11 | B19: =B18+1 -> 11 | C19: 126580 | D19: Full-HD PTZ IP카메라(30X) | E19: 30배줌, Onvif 2.0, TTA인증 | G19: 대 | H19: =ROUNDUP(J19+INT(J19*I19/100),1) -> 0 | J19: =ROUNDUP(SUM(K19:GA19),1) -> 0
A20: 12 | B20: =B19+1 -> 12 | C20: 126581 | D20: Full-HD PTZ IP카메라(20X) | E20: 20배줌, Onvif 2.0, TTA인증 | G20: 대 | H20: =ROUNDUP(J20+INT(J20*I20/100),1) -> 127 | J20: =ROUNDUP(SUM(K20:GA20),1) -> 127 | L20: 1 | M20: 1 | N20: 1 | O20: 1 | P20: 1 | Q20: 1 | R20: 1 | S20: 1 | T20: 1 | U20: 1 | V20: 1 | W20: 1 | X20: 1 | Y20: 1 | Z20: 1 | AA20: 1 | AB20: 1 | AC20: 1 | AD20: 1 | AE20: 1 | AF20: 1 | AG20: 1 | AH20: 1 | AI20: 1 | AJ20: 1 | AK20: 1 | AL20: 1 | AM20: 1 | AN20: 1 | AO20: 1 | AP20: 1 | AQ20: 1 | AR20: 1 | AS20: 1 | AT20: 1 | AU20: 1 | AV20: 1 | AW20: 1 | AX20: 1 | AY20: 1 | AZ20: 1 | BA20: 1 | BB20: 1 | BC20: 1 | BD20: 1 | BE20: 1 | BF20: 1 | BG20: 1 | BH20: 1 | BI20: 1 | BJ20: 1 | BK20: 1 | BL20: 1 | BM20: 1 | BN20: 1 | BO20: 1 | BP20: 1 | BQ20: 1 | BR20: 1 | BS20: 1 | BT20: 1 | BU20: 1 | BV20: 1 | BW20: 1 | BX20: 1 | BY20: 1 | BZ20: 1 | CA20: 1 | CB20: 1 | CC20: 1 | CD20: 1 | CE20: 1 | CF20: 1 | CG20: 1 | CH20: 1 | CI20: 1 | CJ20: 1 | CK20: 1 | CL20: 1 | CM20: 1 | CN20: 1 | CO20: 1 | CP20: 1 | CQ20: 1 | CR20: 1 | CS20: 1 | CT20: 1 | CU20: 1 | CV20: 1 | CW20: 1 | CX20: 1 | CY20: 1 | CZ20: 1 | DA20: 1 | DB20: 1 | DC20: 1 | DD20: 1 | DE20: 1 | DF20: 1 | DG20: 1 | DH20: 1 | DI20: 1 | DJ20: 1 | DK20: 1 | DL20: 1 | DM20: 1 | DN20: 1 | DO20: 1 | DP20: 1 | DQ20: 1 | DR20: 1 | DS20: 1 | DT20: 1 | DU20: 1 | DV20: 1 | DW20: 2 | DX20: 2 | DY20: 1 | DZ20: 1 | EA20: 1 | EB20: 1 | EC20: 1 | ED20: 1 | EE20: 1 | EF20: 1
A21: 12 | B21: =B20+1 -> 13 | D21: Full-HD PTZ IP카메라(20X) | E21: 20배줌, Onvif 2.0 | G21: 대 | H21: =ROUNDUP(J21+INT(J21*I21/100),1) -> 0 | J21: =ROUNDUP(SUM(K21:GA21),1) -> 0
A22: 13 | B22: =B20+1 -> 13 | C22: 127781 | D22: Full-HD IP카메라(고정형) | E22: 4배줌, Onvif 2.0, TTA인증 | G22: 대 | H22: =ROUNDUP(J22+INT(J22*I22/100),1) -> 1 | J22: =ROUNDUP(SUM(K22:GA22),1) -> 1 | GA22: 1
A23: 13 | B23: =B22+1 -> 14 | C23: 126582 | D23: 19인치 랙(내진형) | E23: 내진형, 600×750×2000 | G23: 대 | H23: =ROUNDUP(J23+INT(J23*I23/100),1) -> 3 | J23: =ROUNDUP(SUM(K23:GA23),1) -> 3 | K23: 2 | GA23: 1
A24: 14 | B24: =B23+1 -> 15 | C24: 126583 | D24: 카메라함체 | E24: 방수형, Stainless | G24: 대 | H24: =ROUNDUP(J24+INT(J24*I24/100),1) -> 0 | J24: =ROUNDUP(SUM(K24:GA24),1) -> 0
A25: 15 | B25: =B24+1 -> 16 | C25: 126584 | D25: 네트워크장치함체 | E25: 네트웍 방수형, Stainless | G25: 대 | H25: =ROUNDUP(J25+INT(J25*I25/100),1) -> 0 | J25: =ROUNDUP(SUM(K25:GA25),1) -> 0
A26: 16 | B26: =B25+1 -> 17 | C26: 126585 | D26: 카메라 지지대 | E26: 일반형, W165 X H6000 X T5mm, 안전작업대 포함 | G26: 대 | H26: =ROUNDUP(J26+INT(J26*I26/100),1) -> 8 | J26: =ROUNDUP(SUM(K26:GA26),1) -> 8 | DY26: 1 | DZ26: 1 | EA26: 1 | EB26: 1 | EC26: 1 | ED26: 1 | EE26: 1 | EF26: 1
A27: 16 | B27: =B26+1 -> 18 | D27: ㄷ'자 카메라 폴대 | E27: 일반형, W700 X H700 X 200 | G27: 대 | H27: =ROUNDUP(J27+INT(J27*I27/100),1) -> 0 | J27: =ROUNDUP(SUM(K27:GA27),1) -> 0
A28: 16 | B28: =B27+1 -> 19 | D28: 스마트 카메라 지지대 | E28: 일반형, W165 X H6000 X T5mm | G28: 대 | H28: =ROUNDUP(J28+INT(J28*I28/100),1) -> 0 | J28: =ROUNDUP(SUM(K28:GA28),1) -> 0
A29: 17 | B29: =B26+1 -> 18 | C29: 127030 | D29: 카메라리프트(옥내) | E29: 카메라 승하강 동작, 자동, 수동 | G29: 대 | H29: =ROUNDUP(J29+INT(J29*I29/100),1) -> 69 | J29: =ROUNDUP(SUM(K29:GA29),1) -> 69 | Q29: 1 | R29: 1 | S29: 1 | T29: 1 | U29: 1 | V29: 1 | W29: 1 | X29: 1 | Y29: 1 | Z29: 1 | AA29: 1 | AB29: 1 | AC29: 1 | AD29: 1 | AK29: 1 | AL29: 1 | AM29: 1 | AN29: 1 | AO29: 1 | AP29: 1 | AQ29: 1 | AR29: 1 | AS29: 1 | AT29: 1 | AU29: 1 | AV29: 1 | BA29: 1 | BB29: 1 | BC29: 1 | BE29: 1 | BF29: 1 | BG29: 1 | BH29: 1 | BI29: 1 | BJ29: 1 | BK29: 1 | BL29: 1 | BT29: 1 | BU29: 1 | BV29: 1 | BW29: 1 | BX29: 1 | BY29: 1 | BZ29: 1 | CA29: 1 | CB29: 1 | CC29: 1 | CD29: 1 | CE29: 1 | CH29: 1 | CI29: 1 | CJ29: 1 | CK29: 1 | CL29: 1 | CM29: 1 | CN29: 1 | CO29: 1 | CP29: 1 | CQ29: 1 | CU29: 1 | CV29: 1 | CW29: 1 | CX29: 1 | CY29: 1 | CZ29: 1 | DA29: 1 | DB29: 1 | DC29: 1 | DD29: 1
A30: 17 | B30: =B29+1 -> 19 | C30: 127780 | D30: 카메라리프트 | E30: 카메라 승하강 동작, 자동, 수동, 방수, 6m 이하 | G30: 대 | H30: =ROUNDUP(J30+INT(J30*I30/100),1) -> 8 | J30: =ROUNDUP(SUM(K30:GA30),1) -> 8 | DY30: 1 | DZ30: 1 | EA30: 1 | EB30: 1 | EC30: 1 | ED30: 1 | EE30: 1 | EF30: 1
A31: 18 | B31: =B29+1 -> 19 | C31: 126586 | D31: 주전원공급장치 | E31: AC220V 60Hz, 8채널 | G31: 대 | H31: =ROUNDUP(J31+INT(J31*I31/100),1) -> 3 | J31: =ROUNDUP(SUM(K31:GA31),1) -> 3 | K31: 2 | GA31: 1
A32: 19 | B32: =B31+1 -> 20 | C32: 126587 | D32: 전원분배기 | E32: AC220V, 8채널 | G32: 대 | H32: =ROUNDUP(J32+INT(J32*I32/100),1) -> 0 | J32: =ROUNDUP(SUM(K32:GA32),1) -> 0
B33: =B32+1 -> 21 | C33: 126588 | D33: 서지전원장치 | E33: AC220V, 60Hz, 40KA, KS인증제품 | G33: 개 | H33: =ROUNDUP(J33+INT(J33*I33/100),1) -> 128 | J33: =ROUNDUP(SUM(K33:GA33),1) -> 128 | L33: 1 | M33: 1 | N33: 1 | O33: 1 | P33: 1 | Q33: 1 | R33: 1 | S33: 1 | T33: 1 | U33: 1 | V33: 1 | W33: 1 | X33: 1 | Y33: 1 | Z33: 1 | AA33: 1 | AB33: 1 | AC33: 1 | AD33: 1 | AE33: 1 | AF33: 1 | AG33: 1 | AH33: 1 | AI33: 1 | AJ33: 1 | AK33: 1 | AL33: 1 | AM33: 1 | AN33: 1 | AO33: 1 | AP33: 1 | AQ33: 1 | AR33: 1 | AS33: 1 | AT33: 1 | AU33: 1 | AV33: 1 | AW33: 1 | AX33: 1 | AY33: 1 | AZ33: 1 | BA33: 1 | BB33: 1 | BC33: 1 | BD33: 1 | BE33: 1 | BF33: 1 | BG33: 1 | BH33: 1 | BI33: 1 | BJ33: 1 | BK33: 1 | BL33: 1 | BM33: 1 | BN33: 1 | BO33: 1 | BP33: 1 | BQ33: 1 | BR33: 1 | BS33: 1 | BT33: 1 | BU33: 1 | BV33: 1 | BW33: 1 | BX33: 1 | BY33: 1 | BZ33: 1 | CA33: 1 | CB33: 1 | CC33: 1 | CD33: 1 | CE33: 1 | CF33: 1 | CG33: 1 | CH33: 1 | CI33: 1 | CJ33: 1 | CK33: 1 | CL33: 1 | CM33: 1 | CN33: 1 | CO33: 1 | CP33: 1 | CQ33: 1 | CR33: 1 | CS33: 1 | CT33: 1 | CU33: 1 | CV33: 1 | CW33: 1 | CX33: 1 | CY33: 1 | CZ33: 1 | DA33: 1 | DB33: 1 | DC33: 1 | DD33: 1 | DE33: 1 | DF33: 1 | DG33: 1 | DH33: 1 | DI33: 1 | DJ33: 1 | DK33: 1 | DL33: 1 | DM33: 1 | DN33: 1 | DO33: 1 | DP33: 1 | DQ33: 1 | DR33: 1 | DS33: 1 | DT33: 1 | DU33: 1 | DV33: 1 | DW33: 2 | DX33: 2 | DY33: 1 | DZ33: 1 | EA33: 1 | EB33: 1 | EC33: 1 | ED33: 1 | EE33: 1 | EF33: 1 | GA33: 1
A34: 20 | B34: =B33+1 -> 22 | C34: 126589 | D34: 경보주장치 | E34: 터치형 7인치 LCD(16DI*1, 16DO*2) | G34: 대 | H34: =ROUNDUP(J34+INT(J34*I34/100),1) -> 1 | J34: =ROUNDUP(SUM(K34:GA34),1) -> 1 | EG34: 1
A35: 20 | B35: =B34+1 -> 23 | C35: 128131 | D35: 컴팩트 LCD 출입리더기 | E35: 번호, RF카드, 지문인식(OR, AND인증 설정지원), 상태표시창 | G35: 대 | H35: =ROUNDUP(J35+INT(J35*I35/100),1) -> 6 | J35: =ROUNDUP(SUM(K35:GA35),1) -> 6 | EH35: 1 | EI35: 1 | EJ35: 1 | EK35: 1 | EL35: 1 | EM35: 1
A36: 22 | B36: =B35+1 -> 24 | C36: 126591 | D36: 출입리더기 함체 | E36: Stainless Steel, Window는 안전접합 유리 | G36: 개 | H36: =ROUNDUP(J36+INT(J36*I36/100),1) -> 0 | J36: =ROUNDUP(SUM(K36:GA36),1) -> 0
A37: 22 | B37: =B36+1 -> 25 | C37: 126592 | D37: E/M Lock | E37: 500㎏ 이상, NO/NC, Com+ | G37: 개 | H37: =ROUNDUP(J37+INT(J37*I37/100),1) -> 0 | J37: =ROUNDUP(SUM(K37:GA37),1) -> 0
A38: 22 | B38: =B37+1 -> 26 | C38: 126593 | D38: 퇴실버튼 | E38: 벽면부착형 | G38: 개 | H38: =ROUNDUP(J38+INT(J38*I38/100),1) -> 0 | J38: =ROUNDUP(SUM(K38:GA38),1) -> 0
A39: 22 | B39: =B38+1 -> 27 | C39: 126594 | D39: 지문등록기 | E39: 지문등록 | G39: 개 | H39: =ROUNDUP(J39+INT(J39*I39/100),1) -> 0 | J39: =ROUNDUP(SUM(K39:GA39),1) -> 0
A40: 22 | B40: =B39+1 -> 28 | C40: 126595 | D40: ID Card | E40: 비접촉 근접식 | G40: 개 | H40: =ROUNDUP(J40+INT(J40*I40/100),1) -> 0 | J40: =ROUNDUP(SUM(K40:GA40),1) -> 0
A41: 22 | B41: =B40+1 -> 29 | C41: 126596 | D41: 센서수신장치 | E41: 자가진단형, 4i-node(4IN 4OUT) | G41: 개 | H41: =ROUNDUP(J41+INT(J41*I41/100),1) -> 0 | J41: =ROUNDUP(SUM(K41:GA41),1) -> 0
A42: 23 | B42: =B41+1 -> 30 | C42: 126597 | D42: 문 감지기 | E42: (자가진단형)영구자석근접, 전자코일 | G42: 조 | H42: =ROUNDUP(J42+INT(J42*I42/100),1) -> 0 | J42: =ROUNDUP(SUM(K42:GA42),1) -> 0
D43: 문 감지기 | E43: 자석근접 | G43: 조 | H43: =ROUNDUP(J43+INT(J43*I43/100),1) -> 0 | J43: =ROUNDUP(SUM(K43:GA43),1) -> 0
A44: 24 | B44: =B42+1 -> 31 | C44: 126598 | D44: 셔터 감지기 | E44: 적외선반사, 5-20cm | G44: 조 | H44: =ROUNDUP(J44+INT(J44*I44/100),1) -> 0 | J44: =ROUNDUP(SUM(K44:GA44),1) -> 0
A45: 25 | B45: =B44+1 -> 32 | C45: 126599 | D45: 열선감지기 | E45: (자가진단형)Wide angle 11m | G45: 개 | H45: =ROUNDUP(J45+INT(J45*I45/100),1) -> 0 | J45: =ROUNDUP(SUM(K45:GA45),1) -> 0
D46: 열선감지기 | E46: Wide angle 11m | G46: 개 | H46: =ROUNDUP(J46+INT(J46*I46/100),1) -> 0 | J46: =ROUNDUP(SUM(K46:GA46),1) -> 0
A47: 26 | B47: =B45+1 -> 33 | C47: 126600 | D47: 마이크로웨이브(단거리용) | E47: 단거리용_50m | G47: 조 | H47: =ROUNDUP(J47+INT(J47*I47/100),1) -> 0 | J47: =ROUNDUP(SUM(K47:GA47),1) -> 0
A48: 27 | B48: =B47+1 -> 34 | C48: 126601 | D48: 마이크로웨이브(중장거리용) | E48: 중장거리용_100m | G48: 조 | H48: =ROUNDUP(J48+INT(J48*I48/100),1) -> 0 | J48: =ROUNDUP(SUM(K48:GA48),1) -> 0
A49: 27 | B49: =B48+1 -> 35 | D49: 스마트레이더감지기(송,수) | E49: 송-감지거리 50m, 2CH/ 수-1CH | G49: 조 | H49: =ROUNDUP(J49+INT(J49*I49/100),1) -> 0 | J49: =ROUNDUP(SUM(K49:GA49),1) -> 0
D50: 적외선감지기 | E50: 2빔_30m | G50: 조 | H50: =ROUNDUP(J50+INT(J50*I50/100),1) -> 0 | J50: =ROUNDUP(SUM(K50:GA50),1) -> 0
A51: 26 | B51: =B48+1 -> 35 | C51: 124745 | D51: 적외선감지기(단거리용) | E51: 단거리용_100m | G51: 조 | H51: =ROUNDUP(J51+INT(J51*I51/100),1) -> 0 | J51: =ROUNDUP(SUM(K51:GA51),1) -> 0
A52: 27 | B52: =B51+1 -> 36 | C52: 124746 | D52: 적외선감지기(중장거리용) | E52: 중장거리용_200m | G52: 조 | H52: =ROUNDUP(J52+INT(J52*I52/100),1) -> 0 | J52: =ROUNDUP(SUM(K52:GA52),1) -> 0
A53: 28 | B53: =B52+1 -> 37 | C53: 126336 | D53: 광이더넷스위치 | E53: 광4포트, LAN24포트, RACK Type, 광모듈포함 | G53: 대 | H53: =ROUNDUP(J53+INT(J53*I53/100),1) -> 1 | J53: =ROUNDUP(SUM(K53:GA53),1) -> 1 | EN53: 1
A54: 29 | B54: =B53+1 -> 38 | C54: 126335 | D54: 광이더넷스위치 | E54: 광4포트, LAN8포트, 광모듈포함(함체설치브라켓제작필요) | G54: 대 | H54: =ROUNDUP(J54+INT(J54*I54/100),1) -> 39 | J54: =ROUNDUP(SUM(K54:GA54),1) -> 39 | EO54: 1 | EP54: 1 | EQ54: 1 | ER54: 1 | ES54: 1 | ET54: 1 | EU54: 1 | EV54: 1 | EW54: 1 | EX54: 1 | EY54: 1 | EZ54: 1 | FA54: 1 | FB54: 1 | FC54: 1 | FD54: 1 | FE54: 1 | FF54: 1 | FG54: 1 | FH54: 1 | FI54: 1 | FJ54: 1 | FK54: 1 | FL54: 1 | FM54: 1 | FN54: 1 | FO54: 1 | FP54: 1 | FQ54: 1 | FR54: 1 | FS54: 1 | FT54: 1 | FU54: 1 | FV54: 1 | FW54: 1 | FX54: 1 | FY54: 1 | FZ54: 1 | GA54: 1
D55: 스위칭허브 | E55: 미니기가허브, 8포트 | G55: 대 | H55: =ROUNDUP(J55+INT(J55*I55/100),1) -> 0 | J55: =ROUNDUP(SUM(K55:GA55),1) -> 0
C56: 124242 | D56: 광이더넷스위치 COT | E56: COT, 1Gbps | G56: 대 | H56: =ROUNDUP(J56+INT(J56*I56/100),1) -> 0 | J56: =ROUNDUP(SUM(K56:GA56),1) -> 0
C57: 124244 | D57: 광이더넷스위치 RT | E57: RT, 1Gbps | G57: 대 | H57: =ROUNDUP(J57+INT(J57*I57/100),1) -> 0 | J57: =ROUNDUP(SUM(K57:GA57),1) -> 0
D58: 지문인식 리더기 | E58: 전력제어시스템용,번호,카드,지문인식,스마트카드 | G58: 대 | H58: =ROUNDUP(J58+INT(J58*I58/100),1) -> 0 | J58: =ROUNDUP(SUM(K58:GA58),1) -> 0
D59: 스마트 레이더감지기 | E59: 영상분석+레이더2ch,감지영역 50m | G59: 개 | H59: =ROUNDUP(J59+INT(J59*I59/100),1) -> 0 | J59: =ROUNDUP(SUM(K59:GA59),1) -> 0
B60: =B54+1 -> 39 | D60: 카메라 지지대 | E60: 환경친화형 | G60: 대 | H60: =ROUNDUP(J60+INT(J60*I60/100),1) -> 0 | J60: =ROUNDUP(SUM(K60:GA60),1) -> 0
B61: 나. | C61: 나. | D61: 도급분 | H61: =ROUNDUP(J61+INT(J61*I61/100),1) -> 0 | J61: =ROUNDUP(SUM(K61:GA61),1) -> 0
A62: 3 | B62: 1 | D62: 벽부형브라켓 | E62: 벽부형 | G62: 개 | H62: =ROUNDUP(J62+INT(J62*I62/100),1) -> 0 | J62: =ROUNDUP(SUM(K62:GA62),1) -> 0
A63: 1 | B63: =B62+1 -> 2 | D63: 옥내용 스피커 | E63: 컬럼, 20W | G63: 개 | H63: =ROUNDUP(J63+INT(J63*I63/100),1) -> 0 | J63: =ROUNDUP(SUM(K63:GA63),1) -> 0
A64: 2 | B64: =B63+1 -> 3 | D64: 옥외용 스피커 | E64: 컬럼, 30W | G64: 개 | H64: =ROUNDUP(J64+INT(J64*I64/100),1) -> 8 | J64: =ROUNDUP(SUM(K64:GA64),1) -> 8 | DY64: 1 | DZ64: 1 | EA64: 1 | EB64: 1 | EC64: 1 | ED64: 1 | EE64: 1 | EF64: 1
A65: 4 | B65: =B64+1 -> 4 | D65: 카메라 지지대 | E65: 스테인레스, 1.8m, 3T | G65: 개 | H65: =ROUNDUP(J65+INT(J65*I65/100),1) -> 0 | J65: =ROUNDUP(SUM(K65:GA65),1) -> 0
A66: 4 | B66: =B65+1 -> 5 | D66: 카메라 브라켓(폴부착형) | E66: SUS 304, 600*89￠*2T | G66: 개 | H66: =ROUNDUP(J66+INT(J66*I66/100),1) -> 0 | J66: =ROUNDUP(SUM(K66:GA66),1) -> 0
A67: 8 | B67: =B66+1 -> 6 | D67: OFD | E67: FDF-24C, Rack type | G67: 개 | H67: =ROUNDUP(J67+INT(J67*I67/100),1) -> 2 | J67: =ROUNDUP(SUM(K67:GA67),1) -> 2 | EN67: 1 | GA67: 1
A68: 8 | B68: =B67+1 -> 7 | D68: 광심선분배함 | E68: FDF-8core, SC Connector Type | G68: 개 | H68: =ROUNDUP(J68+INT(J68*I68/100),1) -> 38 | J68: =ROUNDUP(SUM(K68:GA68),1) -> 38 | EO68: 1 | EP68: 1 | EQ68: 1 | ER68: 1 | ES68: 1 | ET68: 1 | EU68: 1 | EV68: 1 | EW68: 1 | EX68: 1 | EY68: 1 | EZ68: 1 | FA68: 1 | FB68: 1 | FC68: 1 | FD68: 1 | FE68: 1 | FF68: 1 | FG68: 1 | FH68: 1 | FI68: 1 | FJ68: 1 | FK68: 1 | FL68: 1 | FM68: 1 | FN68: 1 | FO68: 1 | FP68: 1 | FQ68: 1 | FR68: 1 | FS68: 1 | FT68: 1 | FU68: 1 | FV68: 1 | FW68: 1 | FX68: 1 | FY68: 1 | FZ68: 1
A69: 9 | B69: =B68+1 -> 8 | D69: 광전송장치용 전원장치 | E69: 입220V/출DC24 1A, 15V 6A | G69: 개 | H69: =ROUNDUP(J69+INT(J69*I69/100),1) -> 39 | J69: =ROUNDUP(SUM(K69:GA69),1) -> 39 | EN69: 1 | EO69: 1 | EP69: 1 | EQ69: 1 | ER69: 1 | ES69: 1 | ET69: 1 | EU69: 1 | EV69: 1 | EW69: 1 | EX69: 1 | EY69: 1 | EZ69: 1 | FA69: 1 | FB69: 1 | FC69: 1 | FD69: 1 | FE69: 1 | FF69: 1 | FG69: 1 | FH69: 1 | FI69: 1 | FJ69: 1 | FK69: 1 | FL69: 1 | FM69: 1 | FN69: 1 | FO69: 1 | FP69: 1 | FQ69: 1 | FR69: 1 | FS69: 1 | FT69: 1 | FU69: 1 | FV69: 1 | FW69: 1 | FX69: 1 | FY69: 1 | FZ69: 1
D70: 감지기용전원장치 | E70: 입220V/출DC24 1A, 15V 6A | G70: 개 | H70: =ROUNDUP(J70+INT(J70*I70/100),1) -> 0 | J70: =ROUNDUP(SUM(K70:GA70),1) -> 0
A71: 10 | B71: =B69+1 -> 9 | D71: 광아답터 | E71: SC, 세라믹 ,MM | G71: 개 | H71: =ROUNDUP(J71+INT(J71*I71/100),1) -> 312 | J71: =ROUNDUP(SUM(K71:GA71),1) -> 312 | EN71: 8 | EO71: 8 | EP71: 8 | EQ71: 8 | ER71: 8 | ES71: 8 | ET71: 8 | EU71: 8 | EV71: 8 | EW71: 8 | EX71: 8 | EY71: 8 | EZ71: 8 | FA71: 8 | FB71: 8 | FC71: 8 | FD71: 8 | FE71: 8 | FF71: 8 | FG71: 8 | FH71: 8 | FI71: 8 | FJ71: 8 | FK71: 8 | FL71: 8 | FM71: 8 | FN71: 8 | FO71: 8 | FP71: 8 | FQ71: 8 | FR71: 8 | FS71: 8 | FT71: 8 | FU71: 8 | FV71: 8 | FW71: 8 | FX71: 8 | FY71: 8 | FZ71: 8
A72: 11 | B72: =B71+1 -> 10 | D72: 점퍼코드 | E72: OJC-SC/APC-SM-LC, 2m | G72: 개 | H72: =ROUNDUP(J72+INT(J72*I72/100),1) -> 156 | J72: =ROUNDUP(SUM(K72:GA72),1) -> 156 | EN72: 4 | EO72: 4 | EP72: 4 | EQ72: 4 | ER72: 4 | ES72: 4 | ET72: 4 | EU72: 4 | EV72: 4 | EW72: 4 | EX72: 4 | EY72: 4 | EZ72: 4 | FA72: 4 | FB72: 4 | FC72: 4 | FD72: 4 | FE72: 4 | FF72: 4 | FG72: 4 | FH72: 4 | FI72: 4 | FJ72: 4 | FK72: 4 | FL72: 4 | FM72: 4 | FN72: 4 | FO72: 4 | FP72: 4 | FQ72: 4 | FR72: 4 | FS72: 4 | FT72: 4 | FU72: 4 | FV72: 4 | FW72: 4 | FX72: 4 | FY72: 4 | FZ72: 4
D73: 옥외용광점퍼코드 | E73: OJC-SC/PC-MM-LC/PC-2C(50m용) | G73: 개 | H73: =ROUNDUP(J73+INT(J73*I73/100),1) -> 0 | J73: =ROUNDUP(SUM(K73:GA73),1) -> 0
A74: 16 | B74: =B73+1 -> 1 | D74: ㄷ'자 카메라 폴대 | E74: 일반형, W700 X H700 X 200 | G74: 대 | H74: =ROUNDUP(J74+INT(J74*I74/100),1) -> 4 | J74: =ROUNDUP(SUM(K74:GA74),1) -> 4 | DW74: 2 | DX74: 2
A75: 13 | B75: =B72+1 -> 11 | D75: 카메라지지대 기초 | E75: 500*800*1000H이상, 앵커포함 | G75: 식 | H75: =ROUNDUP(J75+INT(J75*I75/100),1) -> 8 | J75: =ROUNDUP(SUM(K75:GA75),1) -> 8 | M75: . | DY75: 1 | DZ75: 1 | EA75: 1 | EB75: 1 | EC75: 1 | ED75: 1 | EE75: 1 | EF75: 1
A76: 14 | B76: =B75+1 -> 12 | D76: 감지기 폴 | E76: 400*400*400H기초포함 | G76: 식 | H76: =ROUNDUP(J76+INT(J76*I76/100),1) -> 0 | J76: =ROUNDUP(SUM(K76:GA76),1) -> 0
A77: 15 | B77: =B76+1 -> 13 | D77: CCTV안내판 | E77: 알루미늄 | G77: 개 | H77: =ROUNDUP(J77+INT(J77*I77/100),1) -> 1 | J77: =ROUNDUP(SUM(K77:GA77),1) -> 1 | K77: 1
A78: 16 | B78: =B77+1 -> 14 | D78: 광케이블 | E78: FOFC-SM-4C | F78: COT - RT, RT - RT | G78: m | H78: =ROUNDUP(J78+INT(J78*I78/100),1) -> 2650.3 | I78: 7.5 | J78: =ROUNDUP(SUM(K78:GA78),1) -> 2466.3 | EO78: =16.2+3 -> 19.2 | EP78: =18.2+2 -> 20.2 | EQ78: =48.2+2 -> 50.2 | ER78: =70.2+2 -> 72.2 | ES78: =13+2 -> 15 | ET78: =70.2+2 -> 72.2 | EU78: =60.2+2 -> 62.2 | EV78: =6.7+2 -> 8.7 | EW78: =67.2+2 -> 69.2 | EX78: =70.2+2 -> 72.2 | EY78: =109.2+2 -> 111.2 | EZ78: =179.7+2 -> 181.7 | FA78: =18.2+2 -> 20.2 | FB78: =98.2+2 -> 100.2 | FC78: =35.2+2 -> 37.2 | FD78: =43.2+2 -> 45.2 | FE78: =19.2+2 -> 21.2 | FF78: =21+16.7+3+30+2 -> 72.7 | FG78: =101+4+32.7+3 -> 140.7 | FH78: =29.7+3+89+4 -> 125.7 | FI78: =25.7+3+79+4 -> 111.7 | FJ78: =18.7+3+96+4 -> 121.7 | FK78: =25.7+3+79+4 -> 111.7 | FL78: =14.7+3+79+4 -> 100.7 | FM78: =16.7+3+104+4 -> 127.7 | FN78: =12.7+1.6+0.9 -> 15.2 | FO78: =FO81 -> 32.2 | FP78: =119.2+2 -> 121.2 | FQ78: =38.2+2 -> 40.2 | FR78: =27.2+2 -> 29.2 | FS78: =74.2+2 -> 76.2 | FT78: =15.2+2 -> 17.2 | FU78: =80.1+2 -> 82.1 | FV78: =6.3+2 -> 8.3 | FW78: =19.1+2 -> 21.1 | FX78: =78.2+2 -> 80.2 | FY78: =18.2+2 -> 20.2 | FZ78: =30.2+2 -> 32.2
A79: 17 | B79: =B78+1 -> 15 | D79: 케이블 명찰 | E79: 포맥스, 230x60mm | G79: 개 | H79: =ROUNDUP(J79+INT(J79*I79/100),1) -> 16 | J79: =ROUNDUP(SUM(K79:GA79),1) -> 16 | K79: 3 | EN79: 3 | EU79: 2 | EV79: 2 | FD79: 2 | FF79: 2 | FN79: 2
A80: 19 | B80: =B79+1 -> 16 | D80: 전원케이블 | E80: FR-CVVS 16SQ-2C | F80: 메인전원(RACK - UPS분전반) | G80: m | H80: =ROUNDUP(J80+INT(J80*I80/100),1) -> 20.5 | I80: 7.5 | J80: =ROUNDUP(SUM(K80:GA80),1) -> 19.5 | K80: =1+1+10+4.5+1+1+1 -> 19.5
A81: 20 | B81: =B80+1 -> 17 | D81: 전원케이블 | E81: FR-CVVS 2.5SQ-2C | F81: RACK - RT함체, RT함체 - CCTV함체 | G81: m | H81: =ROUNDUP(J81+INT(J81*I81/100),1) -> 7393.7 | I81: 7.5 | J81: =ROUNDUP(SUM(K81:GA81),1) -> 6878.7 | L81: 1 | M81: 2 | N81: =10.4+1.5-N92 -> 10.4 | O81: =21.4+1.5-O92 -> 21.4 | P81: =25.4+1.5-P92 -> 25.4 | Q81: =14.7+1.5-Q92 -> 7.4 | R81: =21.4+1.5-R92 -> 14.1 | S81: =28.7+1.5-S92 -> 21.4 | T81: =27.2+1.5-T92 -> 19.9 | U81: =30.2+1.5-U92 -> 22.9 | V81: =47.7+1.5-V92 -> 40.4 | W81: =49.7+1.5-W92 -> 42.4 | X81: =26.7+1.5-X92 -> 19.4 | Y81: =29.2+1.5-Y92 -> 21.9 | Z81: =47.2+1.5-Z92 -> 39.9 | AA81: =49.7+1.5-AA92 -> 42.4 | AB81: =26.7+1.5-AB92 -> 19.4 | AC81: =38.7+1.5-AC92 -> 31.4 | AD81: =50.7+1.5-AD92 -> 43.4 | AE81: =7.4+1.5-AE92 -> 7.4 | AF81: =13.4+1.5-AF92 -> 13.4 | AG81: =30.4+1.5-AG92 -> 30.4 | AH81: =14.4+1.5-AH92 -> 14.4 | AI81: =22.4+1.5-AI92 -> 22.4 | AJ81: =29.4+15-AJ92 -> 42.9 | AK81: =42.7+1.5-AK92 -> 35.4 | AL81: =75.7+1.5-AL92 -> 68.4 | AM81: =33.7+1.5-AM92 -> 26.4 | AN81: =35.7+1.5-AN92 -> 28.4 | AO81: =38.7+1.5-AO92 -> 31.4 | AP81: =36.7+1.5-AP92 -> 29.4 | AQ81: =31.7+1.5-AQ92 -> 24.4 | AR81: =33.7+1.5-AR92 -> 26.4 | AS81: =81.7+1.5-AS92 -> 74.4 | AT81: =13.7+1.5-AT92 -> 6.4 | AU81: =26.7+1.5-AU92 -> 19.4 | AV81: =74.7+1.5-AV92 -> 67.4 | AW81: =11.4+1.5-AW92 -> 11.4 | AX81: =11.4+1.5-AX92 -> 11.4 | AY81: =33.4+1.5-AY92 -> 33.4 | AZ81: =68.4+1.5-AZ92 -> 68.4 | BA81: =11.4+1.5-BA92 -> 6.1 | BB81: =35.4+1.5-BB92 -> 30.1 | BC81: =75.4+1.5-BC92 -> 70.1 | BD81: =36.7+1.5-BD92 -> 36.7 | BE81: =54.7+1.5-BE92 -> 47.4 | BF81: =98.7+1.5-BF92 -> 91.4 | BG81: =41.7+1.5-BG92 -> 34.4 | BH81: =85.7+1.5-BH92 -> 78.4 | BI81: =42.7+1.5-BI92 -> 35.4 | BJ81: =92.7+1.5-BJ92 -> 85.4 | BK81: =25.7+1.5-BK92 -> 18.4 | BL81: =72.7+1.5-BL92 -> 65.4 | BM81: =8.4+1.5-BM92 -> 8.4 | BN81: =28.4+1.5-BN92 -> 28.4 | BO81: =42.4+1.5-BO92 -> 42.4 | BP81: =15.4+1.5-BP92 -> 15.4 | BQ81: =35.4+1.5-BQ92 -> 35.4 | BR81: =12.4+1.5-BR92 -> 12.4 | BS81: =29.4+1.5-BS92 -> 29.4 | BT81: =42.7+1.5-BT92 -> 35.4 | BU81: =75.7+1.5-BU92 -> 68.4 | BV81: =43.7+1.5-BV92 -> 36.4 | BW81: =29.7+1.5-BW92 -> 22.4 | BX81: =36.7+1.5-BX92 -> 29.4 | BY81: =38.7+1.5-BY92 -> 31.4 | BZ81: =44.7+1.5-BZ92 -> 37.4 | CA81: =92.7+1.5-CA92 -> 85.4 | CB81: =29.7+1.5-CB92 -> 22.4 | CC81: =14.7+1.5-CC92 -> 7.4 | CD81: =27.7+1.5-CD92 -> 20.4 | CE81: =74.7+1.5-CE92 -> 67.4 | CF81: =7.4+1.5-CF92 -> 7.4 | CG81: =10.4+1.5-CG92 -> 10.4 | CH81: =31.7+1.5-CH92 -> 16.4 | CI81: =66.7+1.5-CI92 -> 51.4 | CJ81: =64.7+1.5-CJ92 -> 49.4 | CK81: =114.7+1.5-CK92 -> 98.4 | CL81: =103.7+1.5-CL92 -> 87.4 | CM81: =64.7+1.5-CM92 -> 48.4 | CN81: =67.7+1.5-CN92 -> 51.4 | CO81: =65.7+1.5-CO92 -> 49.4 | CP81: =32.7+1.5-CP92 -> 16.4 | CQ81: =22.2+1.5-CQ92 -> 5.9 | CR81: =7.4+1.5-CR92 -> 7.4 | CS81: =10.4+1.5-CS92 -> 10.4 | CT81: =12.6+1.5-CT92 -> 13.1 | CU81: =30.7+1.5-CU92 -> 15.4 | CV81: =69.7+1.5-CV92 -> 54.4 | CW81: =65.7+1.5-CW92 -> 49.4 | CX81: =67.7+1.5-CX92 -> 51.4 | CY81: =112.7+1.5-CY92 -> 96.4 | CZ81: =101.7+1.5-CZ92 -> 85.4 | DA81: =66.7+1.5-DA92 -> 51.4 | DB81: =32.7+1.5-DB92 -> 16.4 | DC81: =22.7+1.5-DC92 -> 6.4 | DD81: =60.7+1.5-DD92 -> 44.4 | DE81: =7.4+1.5-DE92 -> 7.4 | DF81: =12.3+1.5-DF92 -> 12.3 | DG81: =18.3+1.5-DG92 -> 18.3 | DH81: =16+1.5-DH92 -> 16 | DI81: =21+1.5-DI92 -> 21 | DJ81: =24+1.5-DJ92 -> 24 | DK81: =29+1.5-DK92 -> 29 | DL81: =34+1.5-DL92 -> 34 | DM81: =16+1.5-DM92 -> 16 | DN81: =21+1.5-DN92 -> 21 | DO81: =24+1.5-DO92 -> 24 | DP81: =29+1.5-DP92 -> 29 | DQ81: =34+1.5-DQ92 -> 34 | DR81: =10+1.5-DR92 -> 10 | DS81: =17+1.5-DS92 -> 17 | DT81: =21+1.5-DT92 -> 21 | DU81: =27+1.5-DU92 -> 27 | DV81: =34+1.5-DV92 -> 34 | DW81: =2.5+1+2.5 -> 6 | DX81: =2.5+1+1+2.5 -> 7 | DY81: =3.6+1.5 -> 5.1 | DZ81: =3.6+1.5 -> 5.1 | EA81: =3.6+1.5 -> 5.1 | EB81: =3.6+1.5 -> 5.1 | EC81: =3.6+1.5 -> 5.1 | ED81: =3.6+1.5 -> 5.1 | EE81: =3.6+1.5 -> 5.1 | EF81: =3.6+1.5 -> 5.1 | EG81: =(38.5+2)+(80.5+2) -> 123 | EH81: =92.6+1.2 -> 93.8 | EI81: =1+11.8+3.5+1 -> 17.3 | EJ81: =15.2+1.2 -> 16.4 | EO81: =1.6+13+1.6+3 -> 19.2 | EP81: =18.2+2 -> 20.2 | EQ81: =48.2+2 -> 50.2 | ER81: =70.2+2 -> 72.2 | ES81: =70.2+2 -> 72.2 | ET81: =60.2+2 -> 62.2 | EU81: =15.6+1+82.5+3 -> 102.1 | EV81: =15.6+1+89.2+2 -> 107.8 | EW81: =67.2+2 -> 69.2 | EX81: =70.2+2 -> 72.2 | EY81: =109.2+2 -> 111.2 | FA81: =18.2+2 -> 20.2 | FB81: =99.2+2 -> 101.2 | FC81: =43.2+2 -> 45.2 | FD81: =5.6+1+106.7+2 -> 115.3 | FE81: =19.8+2 -> 21.8 | FF81: =1+106.7+2 -> 109.7 | FG81: =101+4+32.7+3 -> 140.7 | FH81: =29.7+3+89+4 -> 125.7 | FI81: =25.7+3+79+4 -> 111.7 | FJ81: =18.7+3+96+4 -> 121.7 | FK81: =25.7+3+79+4 -> 111.7 | FL81: =14.7+3+79+4 -> 100.7 | FM81: =16.7+3+104+4 -> 127.7 | FN81: =9.6+114+48.2+63.5+3 -> 238.3 | FO81: =30.2+2 -> 32.2 | FP81: =119.2+2 -> 121.2 | FQ81: =38.2+2 -> 40.2 | FR81: =27.2+2 -> 29.2 | FS81: =74.2+2 -> 76.2 | FT81: =15.2+2 -> 17.2 | FU81: =80.1+2 -> 82.1 | FV81: =6.3+2 -> 8.3 | FW81: =19.1+2 -> 21.1 | FX81: =78.2+2 -> 80.2 | FY81: =18.2+2 -> 20.2 | FZ81: =30.2+2 -> 32.2 | GD81: 1 | GE81: 2 | GF81: 3 | GG81: 4 | GH81: 5 | GI81: 6 | GJ81: 7 | GK81: 8
A82: 21 | B82: =B81+1 -> 18 | D82: 전원케이블 | E82: FR-CVVS 4SQ-2C | F82: RACK - RT함체 | G82: m | H82: =ROUNDUP(J82+INT(J82*I82/100),1) -> 0 | I82: 7.5 | J82: =ROUNDUP(SUM(K82:GA82),1) -> 0 | GD82: #1,2 | GE82: 3 | GF82: 4 | GG82: 5 | GH82: 6 | GI82: 7 | GJ82: #8,9 | GK82: 랙
A83: 21 | B83: =B82+1 -> 19 | D83: 전원케이블 | E83: FR-CVVS 6SQ-2C | F83: RACK - RT함체(옥외 할로겐등 사용시) | G83: m | H83: =ROUNDUP(J83+INT(J83*I83/100),1) -> 0 | I83: 7.5 | J83: =ROUNDUP(SUM(K83:GA83),1) -> 0
A84: 22 | B84: =B83+1 -> 20 | D84: 전원케이블 | E84: FR-CVVS 1.5SQ-2C | F84: RT함체 - 스피커, 스피커, LED등, 투광등 | G84: m | H84: =ROUNDUP(J84+INT(J84*I84/100),1) -> 0 | I84: 7.5 | J84: =ROUNDUP(SUM(K84:GA84),1) -> 0
A85: 23 | B85: =B84+1 -> 21 | D85: 제어케이블 | E85: FR-CVVS 1.5SQ-4C | F85: RT함체-카메라, LED 등, 출입경보주장치-RTU | G85: m | H85: =ROUNDUP(J85+INT(J85*I85/100),1) -> 43.2 | I85: 7.5 | J85: =ROUNDUP(SUM(K85:GA85),1) -> 40.2 | EG85: =38.2+2 -> 40.2
A86: 24 | B86: =B85+1 -> 22 | D86: 제어케이블 | E86: FR-CVVS 1.5SQ-15C | F86: 출입경보주장치-RTU | G86: m | H86: =ROUNDUP(J86+INT(J86*I86/100),1) -> 43.2 | I86: 7.5 | J86: =ROUNDUP(SUM(K86:GA86),1) -> 40.2 | EG86: =38.2+2 -> 40.2
A87: 25 | B87: =B86+1 -> 23 | D87: 동축케이블 | E87: ECX 3C-2V | F87: CCTV함체-카메라(영상용) | G87: m | H87: =ROUNDUP(J87+INT(J87*I87/100),1) -> 0 | I87: 7.5 | J87: =ROUNDUP(SUM(K87:GA87),1) -> 0
A88: 26 | B88: =B87+1 -> 24 | D88: UTP케이블 | E88: CAT. 5E CM 4P_일반(회색) | F88: LAN등 | G88: m | H88: =ROUNDUP(J88+INT(J88*I88/100),1) -> 32 | I88: 7.5 | J88: =ROUNDUP(SUM(K88:GA88),1) -> 30 | EN88: =6*5 -> 30
A89: 28 | B89: =B92+1 -> 26 | D89: S-FTP 케이블 | E89: CAT. 5E CM 4P_SFTP(회색) | F89: RT함체 - i Node(CCTV함체) - 카메라 | G89: m | H89: =ROUNDUP(J89+INT(J89*I89/100),1) -> 5726.2 | I89: 7.5 | J89: =ROUNDUP(SUM(K89:GA89),1) -> 5327.2 | L89: =(L81)+L92 -> 3 | M89: =(M81)+M92 -> 8.5 | N89: =N81+N92 -> 11.9 | O89: =O81+O92 -> 22.9 | P89: =P81+P92 -> 26.9 | Q89: =Q81+Q92 -> 16.2 | R89: =R81+R92 -> 22.9 | S89: =S81+S92 -> 30.2 | T89: =T81+T92 -> 28.7 | U89: =U81+U92 -> 31.7 | ... Y89: =Y81+Y92 -> 30.7 | Z89: =(Z81)+Z92 -> 48.7 | AA89: =(AA81)+AA92 -> 51.2 | AB89: =(AB81)+AB92 -> 28.2 | AC89: =(AC81)+AC92 -> 40.2 | AD89: =(AD81)+AD92 -> 52.2 | AE89: =(AE81)+AE92 -> 8.9 | AF89: =(AF81)+AF92 -> 14.9 | AG89: =(AG81)+AG92 -> 31.9 | ... EF89: =(EF81)+EF92 -> 8.7 | EG89: =(5.2+2)+(11.2+2) -> 20.4 | EH89: =(9.2+1.2)*2+(92.6+1.2)*2 -> 208.4 | EI89: =(9.2+1.2)*2 -> 20.8 | EJ89: =(9.2+1.2)*2+(15.2+1.2)*2 -> 53.6 | EK89: =(10.2+1.2)*2 -> 22.8 | EL89: =(10.2+1.2)*2 -> 22.8 | EM89: =(1.6+15+1.6+1.2)*2 -> 38.8 | GA89: 12
D90: 데이터케이블 | E90: 20AWG/0.5㎟ 2C, 조작,실드 | G90: m | H90: =ROUNDUP(J90+INT(J90*I90/100),1) -> 0 | I90: 7.5 | J90: =ROUNDUP(SUM(K90:GA90),1) -> 0
D91: 데이터케이블 | E91: 20AWG/0.5㎟ 4C, 조작,실드 | G91: m | H91: =ROUNDUP(J91+INT(J91*I91/100),1) -> 0 | I91: 7.5 | J91: =ROUNDUP(SUM(K91:GA91),1) -> 0
A92: 27 | B92: =B88+1 -> 25 | D92: 데이터케이블 | E92: 20AWG/0.5㎟ 6C, 조작,실드 | F92: i Node-감지기, 침투감지주장치-화재, CCTV함체-카메라 | G92: m | H92: =ROUNDUP(J92+INT(J92*I92/100),1) -> 1414.9 | I92: 7.5 | J92: =ROUNDUP(SUM(K92:GA92),1) -> 1316.9 | L92: 2 | M92: 6.5 | N92: 1.5 | O92: 1.5 | P92: 1.5 | Q92: 8.8 | R92: 8.8 | S92: 8.8 | T92: 8.8 | U92: 8.8 | V92: 8.8 | W92: 8.8 | X92: 8.8 | Y92: 8.8 | Z92: 8.8 | AA92: 8.8 | AB92: 8.8 | AC92: 8.8 | AD92: 8.8 | AE92: 1.5 | AF92: 1.5 | AG92: 1.5 | AH92: 1.5 | AI92: 1.5 | AJ92: 1.5 | AK92: 8.8 | AL92: 8.8 | AM92: 8.8 | AN92: 8.8 | AO92: 8.8 | AP92: 8.8 | AQ92: 8.8 | AR92: 8.8 | AS92: 8.8 | AT92: 8.8 | AU92: 8.8 | AV92: 8.8 | AW92: 1.5 | AX92: 1.5 | AY92: 1.5 | AZ92: 1.5 | BA92: 6.8 | BB92: 6.8 | BC92: 6.8 | BD92: 1.5 | BE92: 8.8 | BF92: 8.8 | BG92: 8.8 | BH92: 8.8 | BI92: 8.8 | BJ92: 8.8 | BK92: 8.8 | BL92: 8.8 | BM92: 1.5 | BN92: 1.5 | BO92: 1.5 | BP92: 1.5 | BQ92: 1.5 | BR92: 1.5 | BS92: 1.5 | BT92: 8.8 | BU92: 8.8 | BV92: 8.8 | BW92: 8.8 | BX92: 8.8 | BY92: 8.8 | BZ92: 8.8 | CA92: 8.8 | CB92: 8.8 | CC92: 8.8 | CD92: 8.8 | CE92: 8.8 | CF92: 1.5 | CG92: 1.5 | CH92: 16.8 | CI92: 16.8 | CJ92: 16.8 | CK92: 17.8 | CL92: 17.8 | CM92: 17.8 | CN92: 17.8 | CO92: 17.8 | CP92: 17.8 | CQ92: 17.8 | CR92: 1.5 | CS92: 1.5 | CT92: 1 | CU92: 16.8 | CV92: 16.8 | CW92: 17.8 | CX92: 17.8 | CY92: 17.8 | CZ92: 17.8 | DA92: 16.8 | DB92: 17.8 | DC92: 17.8 | DD92: 17.8 | DE92: 1.5 | DF92: 1.5 | DG92: 1.5 | DH92: 1.5 | DI92: 1.5 | DJ92: 1.5 | DK92: 1.5 | DL92: 1.5 | DM92: 1.5 | DN92: 1.5 | DO92: 1.5 | DP92: 1.5 | DQ92: 1.5 | DR92: 1.5 | DS92: 1.5 | DT92: 1.5 | DU92: 1.5 | DV92: 1.5 | DW92: =(2.5+12+27)*2+43 -> 126 | DX92: =(2.5+14+19)*2+35 -> 106 | DY92: 3.6 | DZ92: 3.6 | EA92: 3.6 | EB92: 3.6 | EC92: 3.6 | ED92: 3.6 | EE92: 3.6 | EF92: 3.6 | EG92: =28.5+2 -> 30.5 | EH92: =(2.2+3+1.6)*2+(1.3+3+1.6)*2+0.8*2 -> 27 | EI92: =(2.2+3+1.6)*2+(1+3.3+1.6)*2+0.8*2 -> 27 | EJ92: =(2.2+3+1.6)*2+(1.3+3+1.6)*2+2*2 -> 29.4 | EK92: =(2.2+3+1.6)*2+(1.3+3+1.6)*2+0.8*2 -> 27 | EL92: =(2.2+3+1.6)*2+(1.3+3+1.6)*2+0.8*2 -> 27 | EM92: =(2.2+3+1.6)*2+(1.3+3+1.6)*2+0.8*2 -> 27 | GA92: 12
A93: 29 | B93: =B89+1 -> 27 | D93: 접지케이블 | E93: F-GV 6SQ | F93: RT함체 - i Node | G93: m | H93: =ROUNDUP(J93+INT(J93*I93/100),1) -> 136.5 | I93: 7.5 | J93: =ROUNDUP(SUM(K93:GA93),1) -> 127.5 | EH93: =EH81 -> 93.8 | EI93: =EI81 -> 17.3 | EJ93: =EJ81 -> 16.4 | EK93: =EK81 -> 0 | EL93: =EL81 -> 0 | EM93: =EM81 -> 0
A94: 30 | B94: =B93+1 -> 28 | D94: 접지케이블 | E94: F-GV 16SQ | F94: RACK(RT함체) - 메쉬접지,RT함체(CCTV함체) | G94: m | H94: =ROUNDUP(J94+INT(J94*I94/100),1) -> 0 | I94: 7.5 | J94: =ROUNDUP(SUM(K94:GA94),1) -> 0
A95: 30 | B95: =B94+1 -> 29 | D95: 접지케이블 | E95: F-GV 95SQ | F95: 주접지망 - 메쉬접지 | G95: m | H95: =ROUNDUP(J95+INT(J95*I95/100),1) -> 0 | I95: 7.5 | J95: =ROUNDUP(SUM(K95:GA95),1) -> 0
D96: ELP전선관 | E96: 30㎜ | G96: m | H96: =ROUNDUP(J96+INT(J96*I96/100),1) -> 0 | I96: 7.5 | J96: =ROUNDUP(SUM(K96:GA96),1) -> 0
A97: 31 | B97: =B95+1 -> 30 | D97: ELP전선관 | E97: 40㎜ | G97: m | H97: =ROUNDUP(J97+INT(J97*I97/100),1) -> 0 | I97: 7.5 | J97: =ROUNDUP(SUM(K97:GA97),1) -> 0
A98: 32 | B98: =B97+1 -> 31 | D98: 강제전선관 | E98: 강제전선관, 22㎜ | G98: m | H98: =ROUNDUP(J98+INT(J98*I98/100),1) -> 0 | I98: 7.5 | J98: =ROUNDUP(SUM(K98:GA98),1) -> 0
A99: 33 | B99: =B98+1 -> 32 | D99: 강제전선관 | E99: 강제전선관, 28㎜ | G99: m | H99: =ROUNDUP(J99+INT(J99*I99/100),1) -> 0 | I99: 7.5 | J99: =ROUNDUP(SUM(K99:GA99),1) -> 0
A100: 34 | B100: =B99+1 -> 33 | D100: 플랙시블전선관 | E100: GW-22㎜ | G100: m | H100: =ROUNDUP(J100+INT(J100*I100/100),1) -> 0 | I100: 7.5 | J100: =ROUNDUP(SUM(K100:GA100),1) -> 0
...

Sheet 8-3.노무산출
A2: 8-3. 노 무 임 수 량 산 출 내 역 | K2: 8-2. 노 무 임 수 량 산 출 내 역
A4: =표지!A13 -> 공사명 : 동해안#1 변환소 전력통신설비 시설공사 | K4: 공사명 : 동해안#1 변환소 전력통신설비 시설공사
A5: No. | B5: 품 셈 명 | C5: 규 격 | D5: 단 위 | I5: 단가 | J5: 비 고 | K5: No.
H6: 소계
A7: ='8-1.설비자재산출(전력통신)'!#REF! -> #REF! | K7: #REF!
A8: =#REF! -> #REF! | B8: =#REF! -> #REF! | C8: =#REF! -> #REF! | D8: =#REF! -> #REF! | G8: ='8-1.설비자재산출(전력통신)'!#REF! -> #REF! | H8: =SUM(G8:G8) -> #REF! | I8: =#REF! -> #REF! | K8: #REF!
A9: =#REF! -> #REF! | B9: =#REF! -> #REF! | C9: =#REF! -> #REF! | D9: =#REF! -> #REF! | H9: =SUM(G9:G9) -> 0 | I9: =#REF! -> #REF! | K9: #REF!
A10: =#REF! -> #REF! | B10: =#REF! -> #REF! | C10: =#REF! -> #REF! | D10: =#REF! -> #REF! | G10: ='8-1.설비자재산출(전력통신)'!#REF!/2 -> #REF! | H10: =SUM(G10:G10) -> #REF! | I10: =#REF! -> #REF! | K10: #REF!
A11: =#REF! -> #REF! | B11: =#REF! -> #REF! | C11: =#REF! -> #REF! | D11: =#REF! -> #REF! | G11: =#REF!+#REF!++#REF! -> #REF! | H11: =SUM(G11:G11) -> #REF! | I11: =#REF! -> #REF! | K11: #REF!
A12: =#REF! -> #REF! | B12: =#REF! -> #REF! | C12: =#REF! -> #REF! | D12: =#REF! -> #REF! | G12: =#REF!+#REF!++#REF! -> #REF! | H12: =SUM(G12:G12) -> #REF! | I12: =#REF! -> #REF! | K12: #REF! | L12: =#REF! -> #REF!
A13: =#REF! -> #REF! | B13: =#REF! -> #REF! | C13: =#REF! -> #REF! | D13: =#REF! -> #REF! | H13: =SUM(G13:G13) -> 0 | I13: =#REF! -> #REF! | K13: #REF!
A14: =#REF! -> #REF! | B14: =#REF! -> #REF! | C14: =#REF! -> #REF! | D14: =#REF! -> #REF! | H14: =SUM(G14:G14) -> 0 | I14: =#REF! -> #REF! | K14: #REF!
A15: =#REF! -> #REF! | B15: =#REF! -> #REF! | C15: =#REF! -> #REF! | D15: =#REF! -> #REF! | G15: ='8-1.설비자재산출(전력통신)'!#REF! -> #REF! | H15: =SUM(G15:G15) -> #REF! | I15: =#REF! -> #REF! | K15: #REF!
A16: =#REF! -> #REF! | B16: =#REF! -> #REF! | C16: =#REF! -> #REF! | D16: =#REF! -> #REF! | G16: =G15*24 -> #REF! | H16: =SUM(G16:G16) -> #REF! | I16: =#REF! -> #REF! | K16: #REF!
A17: =#REF! -> #REF! | B17: =#REF! -> #REF! | C17: =#REF! -> #REF! | D17: =#REF! -> #REF! | G17: =#REF!+#REF!+#REF! -> #REF! | H17: =SUM(G17:G17) -> #REF! | I17: =#REF! -> #REF! | K17: #REF!
A18: =#REF! -> #REF! | B18: =#REF! -> #REF! | C18: =#REF! -> #REF! | D18: =#REF! -> #REF! | H18: =SUM(G18:G18) -> 0 | I18: =#REF! -> #REF! | K18: #REF!
A19: =#REF! -> #REF! | B19: =#REF! -> #REF! | C19: =#REF! -> #REF! | D19: =#REF! -> #REF! | G19: =SUM('8-1.설비자재산출(전력통신)'!#REF!) -> #REF! | H19: =SUM(G19:G19) -> #REF! | I19: =#REF! -> #REF! | K19: #REF!
A20: =#REF! -> #REF! | B20: =#REF! -> #REF! | C20: =#REF! -> #REF! | D20: =#REF! -> #REF! | G20: ='8-1.설비자재산출(전력통신)'!#REF!+'8-1.설비자재산출(전력통신)'!#REF! -> #REF! | H20: =SUM(G20:G20) -> #REF! | I20: =#REF! -> #REF! | K20: #REF!
A21: =#REF! -> #REF! | B21: =#REF! -> #REF! | C21: =#REF! -> #REF! | D21: =#REF! -> #REF! | G21: ='8-1.설비자재산출(전력통신)'!#REF! -> #REF! | H21: =SUM(G21:G21) -> #REF! | I21: =#REF! -> #REF! | K21: #REF!
A22: =#REF! -> #REF! | B22: =#REF! -> #REF! | C22: =#REF! -> #REF! | D22: =#REF! -> #REF! | G22: ='8-1.설비자재산출(전력통신)'!#REF!+'8-1.설비자재산출(전력통신)'!#REF! -> #REF! | H22: =SUM(G22:G22) -> #REF! | I22: =#REF! -> #REF! | K22: #REF!
A23: =#REF! -> #REF! | B23: =#REF! -> #REF! | C23: =#REF! -> #REF! | D23: =#REF! -> #REF! | G23: ='8-1.설비자재산출(전력통신)'!#REF!/4 -> #REF! | H23: =SUM(G23:G23) -> #REF! | I23: =#REF! -> #REF! | K23: #REF!
A24: =#REF! -> #REF! | B24: =#REF! -> #REF! | C24: =#REF! -> #REF! | D24: =#REF! -> #REF! | G24: ='8-1.설비자재산출(전력통신)'!#REF! -> #REF! | H24: =SUM(G24:G24) -> #REF! | I24: =#REF! -> #REF! | K24: #REF!
A25: =#REF! -> #REF! | B25: =#REF! -> #REF! | C25: =#REF! -> #REF! | D25: =#REF! -> #REF! | G25: =G8 -> #REF! | H25: =SUM(G25:G25) -> #REF! | I25: =#REF! -> #REF! | K25: #REF!
A26: =#REF! -> #REF! | B26: =#REF! -> #REF! | C26: =#REF! -> #REF! | D26: =#REF! -> #REF! | G26: =(#REF!+#REF!+#REF!)-(#REF!+#REF!+#REF!) -> #REF! | H26: =SUM(G26:G26) -> #REF! | I26: =#REF! -> #REF! | K26: #REF!
A27: =#REF! -> #REF! | B27: =#REF! -> #REF! | C27: =#REF! -> #REF! | D27: =#REF! -> #REF! | G27: =(#REF!+#REF!+#REF!+#REF!+#REF!+#REF!)-#REF! -> #REF! | H27: =SUM(G27:G27) -> #REF! | I27: =#REF! -> #REF! | K27: #REF!
A28: =#REF! -> #REF! | B28: =#REF! -> #REF! | C28: =#REF! -> #REF! | D28: =#REF! -> #REF! | G28: =(#REF!+#REF!+#REF!) -> #REF! | H28: =SUM(G28:G28) -> #REF! | I28: =#REF! -> #REF! | K28: #REF!
A29: =#REF! -> #REF! | B29: =#REF! -> #REF! | C29: =#REF! -> #REF! | D29: =#REF! -> #REF! | G29: =(#REF!+#REF!+#REF!) -> #REF! | H29: =SUM(G29:G29) -> #REF! | I29: =#REF! -> #REF! | K29: #REF!
A30: =#REF! -> #REF! | B30: =#REF! -> #REF! | C30: =#REF! -> #REF! | D30: =#REF! -> #REF! | G30: =(#REF!+#REF!+#REF!) -> #REF! | H30: =SUM(G30:G30) -> #REF! | I30: =#REF! -> #REF! | K30: #REF!
A31: =#REF! -> #REF! | B31: =#REF! -> #REF! | C31: =#REF! -> #REF! | D31: =#REF! -> #REF! | G31: =(#REF!+#REF!+#REF!)+(#REF!+#REF!+#REF!) -> #REF! | H31: =SUM(G31:G31) -> #REF! | I31: =#REF! -> #REF! | K31: #REF!
A32: =#REF! -> #REF! | B32: =#REF! -> #REF! | C32: =#REF! -> #REF! | D32: =#REF! -> #REF! | G32: =(#REF!+#REF!+#REF!) -> #REF! | H32: =SUM(G32:G32) -> #REF! | I32: =#REF! -> #REF! | K32: #REF!
A33: =#REF! -> #REF! | B33: =#REF! -> #REF! | C33: =#REF! -> #REF! | D33: =#REF! -> #REF! | H33: =SUM(G33:G33) -> 0 | I33: =#REF! -> #REF! | K33: #REF!
A34: =#REF! -> #REF! | B34: =#REF! -> #REF! | C34: =#REF! -> #REF! | D34: =#REF! -> #REF! | H34: =SUM(G34:G34) -> 0 | I34: =#REF! -> #REF! | K34: #REF!
A35: =#REF! -> #REF! | B35: =#REF! -> #REF! | C35: =#REF! -> #REF! | D35: =#REF! -> #REF! | H35: =SUM(G35:G35) -> 0 | I35: =#REF! -> #REF! | K35: #REF!
A36: =#REF! -> #REF! | B36: =#REF! -> #REF! | C36: =#REF! -> #REF! | D36: =#REF! -> #REF! | H36: =SUM(G36:G36) -> 0 | I36: =#REF! -> #REF! | K36: #REF!
A37: =#REF! -> #REF! | B37: =#REF! -> #REF! | C37: =#REF! -> #REF! | D37: =#REF! -> #REF! | H37: =SUM(G37:G37) -> 0 | I37: =#REF! -> #REF! | K37: #REF!
A38: =#REF! -> #REF! | B38: =#REF! -> #REF! | C38: =#REF! -> #REF! | D38: =#REF! -> #REF! | H38: =SUM(G38:G38) -> 0 | I38: =#REF! -> #REF! | K38: #REF!
A39: =#REF! -> #REF! | B39: =#REF! -> #REF! | C39: =#REF! -> #REF! | D39: =#REF! -> #REF! | H39: =SUM(G39:G39) -> 0 | I39: =#REF! -> #REF! | K39: #REF!
A41: No. | B41: 품 셈 명 | C41: 규 격 | D41: 단 위 | E41: 수 량 | I41: 단가 | J41: 비 고 | K41: No.
E42: 동해안#1 | F42: 동강C/H | G42: 신태백S/S | H42: 합계
A43: ='8-4.일위대가표'!A4 -> 1. 송변전용 광전송장치 | K43: 1. 송변전용 광전송장치
A44: ='8-4.일위대가표'!A5 -> 품1-1. | B44: =VLOOKUP(A44,'8-4.일위대가표'!$A$4:$N$723,2,FALSE) -> 송변전용 광단말장치 설치 | C44: =VLOOKUP(A44,'8-4.일위대가표'!$A$4:$N$723,3,FALSE) -> HSR-10G | D44: =VLOOKUP(A44,'8-4.일위대가표'!$A$4:$N$723,5,FALSE) -> 대 | E44: ='8-1.설비자재산출(전력통신)'!J7 -> 1 | F44: ='8-1.설비자재산출(전력통신)'!K7 -> 1 | G44: ='8-1.설비자재산출(전력통신)'!L7 -> 1 | H44: =SUM(E44:G44) -> 3 | I44: =VLOOKUP(A44,'8-4.일위대가표'!$A$4:$N$723,13,FALSE) -> 2835567 | K44: 품1-1.
A45: ='8-4.일위대가표'!A21 -> 품1-1-1. | B45: =VLOOKUP(A45,'8-4.일위대가표'!$A$4:$N$723,2,FALSE) -> 송변전용 광단말장치용 광전송유니트설치 | C45: =VLOOKUP(A45,'8-4.일위대가표'!$A$4:$N$723,3,FALSE) -> CTRU 2매 및 8파장 기준 | D45: =VLOOKUP(A45,'8-4.일위대가표'!$A$4:$N$723,5,FALSE) -> 2유니트 | H45: =SUM(E45:G45) -> 0 | I45: =VLOOKUP(A45,'8-4.일위대가표'!$A$4:$N$723,13,FALSE) -> 1310720 | K45: 품1-1-1.
A46: ='8-4.일위대가표'!A44 -> 품1-2. | B46: =VLOOKUP(A46,'8-4.일위대가표'!$A$4:$N$723,2,FALSE) -> HSR-PtoP unit 설치 | C46: =VLOOKUP(A46,'8-4.일위대가표'!$A$4:$N$723,3,FALSE) -> 신형)HSR-PTP | D46: =VLOOKUP(A46,'8-4.일위대가표'!$A$4:$N$723,5,FALSE) -> 대 | E46: ='8-1.설비자재산출(전력통신)'!J17+'8-1.설비자재산출(전력통신)'!J18+'8-1.설비자재산출(전력통신)'!J19 -> 1 | F46: ='8-1.설비자재산출(전력통신)'!K17+'8-1.설비자재산출(전력통신)'!K18+'8-1.설비자재산출(전력통신)'!K19 -> 0 | G46: ='8-1.설비자재산출(전력통신)'!L17+'8-1.설비자재산출(전력통신)'!L18+'8-1.설비자재산출(전력통신)'!L19 -> 1 | H46: =SUM(E46:G46) -> 2 | I46: =VLOOKUP(A46,'8-4.일위대가표'!$A$4:$N$723,13,FALSE) -> 1156346 | K46: 품1-2.
A47: ='8-4.일위대가표'!A68 -> 품1-3. | B47: =VLOOKUP(A47,'8-4.일위대가표'!$A$4:$N$723,2,FALSE) -> 송광치/IDF/단자/PITR 랙 설치 | C47: =VLOOKUP(A47,'8-4.일위대가표'!$A$4:$N$723,3,FALSE) -> 19" Rack | D47: =VLOOKUP(A47,'8-4.일위대가표'!$A$4:$N$723,5,FALSE) -> 대 | E47: ='8-1.설비자재산출(전력통신)'!J20+'8-1.설비자재산출(전력통신)'!J45 -> 2 | F47: ='8-1.설비자재산출(전력통신)'!K20 -> 1 | G47: ='8-1.설비자재산출(전력통신)'!L20 -> 1 | H47: =SUM(E47:G47) -> 4 | I47: =VLOOKUP(A47,'8-4.일위대가표'!$A$4:$N$723,13,FALSE) -> 252964 | K47: 품1-3.
A48: ='8-4.일위대가표'!A74 -> 0 | B48: =VLOOKUP(A48,'8-4.일위대가표'!$A$4:$N$723,2,FALSE) -> #N/A | C48: =VLOOKUP(A48,'8-4.일위대가표'!$A$4:$N$723,3,FALSE) -> #N/A | D48: =VLOOKUP(A48,'8-4.일위대가표'!$A$4:$N$723,5,FALSE) -> #N/A | H48: =SUM(E48:G48) -> 0 | I48: =VLOOKUP(A48,'8-4.일위대가표'!$A$4:$N$723,13,FALSE) -> #N/A | K48: 0
A49: ='8-4.일위대가표'!A76 -> 0 | B49: =VLOOKUP(A49,'8-4.일위대가표'!$A$4:$N$723,2,FALSE) -> #N/A | C49: =VLOOKUP(A49,'8-4.일위대가표'!$A$4:$N$723,3,FALSE) -> #N/A | D49: =VLOOKUP(A49,'8-4.일위대가표'!$A$4:$N$723,5,FALSE) -> #N/A | H49: =SUM(E49:G49) -> 0 | I49: =VLOOKUP(A49,'8-4.일위대가표'!$A$4:$N$723,13,FALSE) -> #N/A | K49: 0
A50: ='8-4.일위대가표'!A79 -> 품1-4. | B50: =VLOOKUP(A50,'8-4.일위대가표'!$A$4:$N$723,2,FALSE) -> L3 스위치 설치 및 시험 | C50: =VLOOKUP(A50,'8-4.일위대가표'!$A$4:$N$723,3,FALSE) -> 본체 설치 | D50: =VLOOKUP(A50,'8-4.일위대가표'!$A$4:$N$723,5,FALSE) -> 0 | E50: ='8-1.설비자재산출(전력통신)'!J24-1 -> 5 | F50: ='8-1.설비자재산출(전력통신)'!K24 -> 1 | H50: =SUM(E50:G50) -> 6 | I50: =VLOOKUP(A50,'8-4.일위대가표'!$A$4:$N$723,13,FALSE) -> 458028 | K50: 품1-4.
A51: ='8-4.일위대가표'!A84 -> 품1-5. | B51: =VLOOKUP(A51,'8-4.일위대가표'!$A$4:$N$723,2,FALSE) -> 유니트 실장 | C51: =VLOOKUP(A51,'8-4.일위대가표'!$A$4:$N$723,3,FALSE) -> IDF,QDF,VDF,CTRU등 | D51: =VLOOKUP(A51,'8-4.일위대가표'!$A$4:$N$723,5,FALSE) -> 개 | E51: ='8-1.설비자재산출(전력통신)'!J22+'8-1.설비자재산출(전력통신)'!J23+'8-1.설비자재산출(전력통신)'!J24 -> 8 | F51: ='8-1.설비자재산출(전력통신)'!K22+'8-1.설비자재산출(전력통신)'!K23+'8-1.설비자재산출(전력통신)'!K24 -> 2 | G51: ='8-1.설비자재산출(전력통신)'!L22+'8-1.설비자재산출(전력통신)'!L23+'8-1.설비자재산출(전력통신)'!L24 -> 1 | H51: =SUM(E51:G51) -> 11 | I51: =VLOOKUP(A51,'8-4.일위대가표'!$A$4:$N$723,13,FALSE) -> 5524 | K51: 품1-5.
A52: ='8-4.일위대가표'!A90 -> 품1-6. | B52: =VLOOKUP(A52,'8-4.일위대가표'!$A$4:$N$723,2,FALSE) -> 제어케이블 포설 | C52: =VLOOKUP(A52,'8-4.일위대가표'!$A$4:$N$723,3,FALSE) -> 6SQ/2C 1열 | D52: =VLOOKUP(A52,'8-4.일위대가표'!$A$4:$N$723,5,FALSE) -> m | H52: =SUM(E52:G52) -> 0 | I52: =VLOOKUP(A52,'8-4.일위대가표'!$A$4:$N$723,13,FALSE) -> 8355 | K52: 품1-6.
A53: ='8-4.일위대가표'!A94 -> 품1-6-1. | B53: =VLOOKUP(A53,'8-4.일위대가표'!$A$4:$N$723,2,FALSE) -> 제어케이블 포설 | C53: =VLOOKUP(A53,'8-4.일위대가표'!$A$4:$N$723,3,FALSE) -> 6SQ/2C 2열 | D53: =VLOOKUP(A53,'8-4.일위대가표'!$A$4:$N$723,5,FALSE) -> m | H53: =SUM(E53:G53) -> 0 | I53: =VLOOKUP(A53,'8-4.일위대가표'!$A$4:$N$723,13,FALSE) -> 15040 | K53: 품1-6-1.
A54: ='8-4.일위대가표'!A98 -> 품1-6-2. | B54: =VLOOKUP(A54,'8-4.일위대가표'!$A$4:$N$723,2,FALSE) -> 제어케이블 포설 | C54: =VLOOKUP(A54,'8-4.일위대가표'!$A$4:$N$723,3,FALSE) -> 6SQ/2C 3열 | D54: =VLOOKUP(A54,'8-4.일위대가표'!$A$4:$N$723,5,FALSE) -> m | E54: =('8-1.설비자재산출(전력통신)'!J33+'8-1.설비자재산출(전력통신)'!J34+'8-1.설비자재산출(전력통신)'!J35)/3 -> 26 | F54: =('8-1.설비자재산출(전력통신)'!K33+'8-1.설비자재산출(전력통신)'!K34+'8-1.설비자재산출(전력통신)'!K35)/3 -> 8 | G54: =('8-1.설비자재산출(전력통신)'!L33+'8-1.설비자재산출(전력통신)'!L34+'8-1.설비자재산출(전력통신)'!L35)/3 -> 18 | H54: =SUM(E54:G54) -> 52 | I54: =VLOOKUP(A54,'8-4.일위대가표'!$A$4:$N$723,13,FALSE) -> 21725 | K54: 품1-6-2.
A55: ='8-4.일위대가표'!A102 -> 0 | B55: =VLOOKUP(A55,'8-4.일위대가표'!$A$4:$N$723,2,FALSE) -> #N/A | C55: =VLOOKUP(A55,'8-4.일위대가표'!$A$4:$N$723,3,FALSE) -> #N/A | D55: =VLOOKUP(A55,'8-4.일위대가표'!$A$4:$N$723,5,FALSE) -> #N/A | H55: =SUM(E55:G55) -> 0 | I55: =VLOOKUP(A55,'8-4.일위대가표'!$A$4:$N$723,13,FALSE) -> #N/A | K55: 0
A56: ='8-4.일위대가표'!A104 -> 0 | B56: =VLOOKUP(A56,'8-4.일위대가표'!$A$4:$N$723,2,FALSE) -> #N/A | C56: =VLOOKUP(A56,'8-4.일위대가표'!$A$4:$N$723,3,FALSE) -> #N/A | D56: =VLOOKUP(A56,'8-4.일위대가표'!$A$4:$N$723,5,FALSE) -> #N/A | H56: =SUM(E56:G56) -> 0 | I56: =VLOOKUP(A56,'8-4.일위대가표'!$A$4:$N$723,13,FALSE) -> #N/A | K56: 0
A57: ='8-4.일위대가표'!A106 -> 0 | B57: =VLOOKUP(A57,'8-4.일위대가표'!$A$4:$N$723,2,FALSE) -> #N/A | C57: =VLOOKUP(A57,'8-4.일위대가표'!$A$4:$N$723,3,FALSE) -> #N/A | D57: =VLOOKUP(A57,'8-4.일위대가표'!$A$4:$N$723,5,FALSE) -> #N/A | H57: =SUM(E57:G57) -> 0 | I57: =VLOOKUP(A57,'8-4.일위대가표'!$A$4:$N$723,13,FALSE) -> #N/A | K57: 0
A58: ='8-4.일위대가표'!A108 -> 0 | B58: =VLOOKUP(A58,'8-4.일위대가표'!$A$4:$N$723,2,FALSE) -> #N/A | C58: =VLOOKUP(A58,'8-4.일위대가표'!$A$4:$N$723,3,FALSE) -> #N/A | D58: =VLOOKUP(A58,'8-4.일위대가표'!$A$4:$N$723,5,FALSE) -> #N/A | H58: =SUM(E58:G58) -> 0 | I58: =VLOOKUP(A58,'8-4.일위대가표'!$A$4:$N$723,13,FALSE) -> #N/A | K58: 0
A59: ='8-4.일위대가표'!A110 -> 0 | B59: =VLOOKUP(A59,'8-4.일위대가표'!$A$4:$N$723,2,FALSE) -> #N/A | C59: =VLOOKUP(A59,'8-4.일위대가표'!$A$4:$N$723,3,FALSE) -> #N/A | D59: =VLOOKUP(A59,'8-4.일위대가표'!$A$4:$N$723,5,FALSE) -> #N/A | H59: =SUM(E59:G59) -> 0 | I59: =VLOOKUP(A59,'8-4.일위대가표'!$A$4:$N$723,13,FALSE) -> #N/A | K59: 0
A60: ='8-4.일위대가표'!A112 -> 0 | B60: =VLOOKUP(A60,'8-4.일위대가표'!$A$4:$N$723,2,FALSE) -> #N/A | C60: =VLOOKUP(A60,'8-4.일위대가표'!$A$4:$N$723,3,FALSE) -> #N/A | D60: =VLOOKUP(A60,'8-4.일위대가표'!$A$4:$N$723,5,FALSE) -> #N/A | H60: =SUM(E60:G60) -> 0 | I60: =VLOOKUP(A60,'8-4.일위대가표'!$A$4:$N$723,13,FALSE) -> #N/A | K60: 0
A61: ='8-4.일위대가표'!A114 -> 품1-7. | B61: =VLOOKUP(A61,'8-4.일위대가표'!$A$4:$N$723,2,FALSE) -> 광점퍼코드 포설 | C61: =VLOOKUP(A61,'8-4.일위대가표'!$A$4:$N$723,3,FALSE) -> SC/PC(APC)↔SC/APC, 2열 | D61: =VLOOKUP(A61,'8-4.일위대가표'!$A$4:$N$723,5,FALSE) -> m | E61: ='10-3-1. 송광단말케이블LIST(동해안)'!H8/2+'10-3-1. 송광단말케이블LIST(동해안)'!H19/2 -> 16 | F61: ='10-3-2. 송광단말케이블LIST(동강)'!H8/2+'10-3-2. 송광단말케이블LIST(동강)'!H19/2 -> 16 | G61: ='10-3-3. 송광단말케이블LIST(신태백)'!H8/2+'10-3-3. 송광단말케이블LIST(신태백)'!H19/2 -> 12 | H61: =SUM(E61:G61) -> 44 | I61: =VLOOKUP(A61,'8-4.일위대가표'!$A$4:$N$723,13,FALSE) -> 8851 | K61: 품1-7.
A62: ='8-4.일위대가표'!A117 -> 0 | B62: =VLOOKUP(A62,'8-4.일위대가표'!$A$4:$N$723,2,FALSE) -> #N/A | C62: =VLOOKUP(A62,'8-4.일위대가표'!$A$4:$N$723,3,FALSE) -> #N/A | D62: =VLOOKUP(A62,'8-4.일위대가표'!$A$4:$N$723,5,FALSE) -> #N/A | H62: =SUM(E62:G62) -> 0 | I62: =VLOOKUP(A62,'8-4.일위대가표'!$A$4:$N$723,13,FALSE) -> #N/A | K62: 0
A63: ='8-4.일위대가표'!A120 -> 0 | B63: =VLOOKUP(A63,'8-4.일위대가표'!$A$4:$N$723,2,FALSE) -> #N/A | C63: =VLOOKUP(A63,'8-4.일위대가표'!$A$4:$N$723,3,FALSE) -> #N/A | D63: =VLOOKUP(A63,'8-4.일위대가표'!$A$4:$N$723,5,FALSE) -> #N/A | H63: =SUM(E63:G63) -> 0 | I63: =VLOOKUP(A63,'8-4.일위대가표'!$A$4:$N$723,13,FALSE) -> #N/A | K63: 0
A64: ='8-4.일위대가표'!A123 -> 0 | B64: =VLOOKUP(A64,'8-4.일위대가표'!$A$4:$N$723,2,FALSE) -> #N/A | C64: =VLOOKUP(A64,'8-4.일위대가표'!$A$4:$N$723,3,FALSE) -> #N/A | D64: =VLOOKUP(A64,'8-4.일위대가표'!$A$4:$N$723,5,FALSE) -> #N/A | H64: =SUM(E64:G64) -> 0 | I64: =VLOOKUP(A64,'8-4.일위대가표'!$A$4:$N$723,13,FALSE) -> #N/A | K64: 0
A65: ='8-4.일위대가표'!A125 -> 0 | B65: =VLOOKUP(A65,'8-4.일위대가표'!$A$4:$N$723,2,FALSE) -> #N/A | C65: =VLOOKUP(A65,'8-4.일위대가표'!$A$4:$N$723,3,FALSE) -> #N/A | D65: =VLOOKUP(A65,'8-4.일위대가표'!$A$4:$N$723,5,FALSE) -> #N/A | H65: =SUM(E65:G65) -> 0 | I65: =VLOOKUP(A65,'8-4.일위대가표'!$A$4:$N$723,13,FALSE) -> #N/A | K65: 0
A66: ='8-4.일위대가표'!A127 -> 0 | B66: =VLOOKUP(A66,'8-4.일위대가표'!$A$4:$N$723,2,FALSE) -> #N/A | C66: =VLOOKUP(A66,'8-4.일위대가표'!$A$4:$N$723,3,FALSE) -> #N/A | D66: =VLOOKUP(A66,'8-4.일위대가표'!$A$4:$N$723,5,FALSE) -> #N/A | H66: =SUM(E66:G66) -> 0 | I66: =VLOOKUP(A66,'8-4.일위대가표'!$A$4:$N$723,13,FALSE) -> #N/A | K66: 0
A67: ='8-4.일위대가표'!A128 -> 0 | B67: =VLOOKUP(A67,'8-4.일위대가표'!$A$4:$N$723,2,FALSE) -> #N/A | C67: =VLOOKUP(A67,'8-4.일위대가표'!$A$4:$N$723,3,FALSE) -> #N/A | D67: =VLOOKUP(A67,'8-4.일위대가표'!$A$4:$N$723,5,FALSE) -> #N/A | H67: =SUM(E67:G67) -> 0 | I67: =VLOOKUP(A67,'8-4.일위대가표'!$A$4:$N$723,13,FALSE) -> #N/A | K67: 0
A68: ='8-4.일위대가표'!A130 -> 0 | B68: =VLOOKUP(A68,'8-4.일위대가표'!$A$4:$N$723,2,FALSE) -> #N/A | C68: =VLOOKUP(A68,'8-4.일위대가표'!$A$4:$N$723,3,FALSE) -> #N/A | D68: =VLOOKUP(A68,'8-4.일위대가표'!$A$4:$N$723,5,FALSE) -> #N/A | H68: =SUM(E68:G68) -> 0 | I68: =VLOOKUP(A68,'8-4.일위대가표'!$A$4:$N$723,13,FALSE) -> #N/A | K68: 0
A69: ='8-4.일위대가표'!A132 -> 품1-8. | B69: =VLOOKUP(A69,'8-4.일위대가표'!$A$4:$N$723,2,FALSE) -> UTP케이블 포설 | C69: =VLOOKUP(A69,'8-4.일위대가표'!$A$4:$N$723,3,FALSE) -> CAT.5 4Pr, 2열 | D69: =VLOOKUP(A69,'8-4.일위대가표'!$A$4:$N$723,5,FALSE) -> m | E69: =('8-1.설비자재산출(전력통신)'!J39+'8-1.설비자재산출(전력통신)'!J40)/2 -> 25.5 | F69: =('8-1.설비자재산출(전력통신)'!K39+'8-1.설비자재산출(전력통신)'!K40)/2 -> 7 | G69: =('8-1.설비자재산출(전력통신)'!L39+'8-1.설비자재산출(전력통신)'!L40)/2 -> 8.5 | H69: =SUM(E69:G69) -> 41 | I69: =VLOOKUP(A69,'8-4.일위대가표'!$A$4:$N$723,13,FALSE) -> 10444 | K69: 품1-8.
A70: ='8-4.일위대가표'!A134 -> 0 | B70: =VLOOKUP(A70,'8-4.일위대가표'!$A$4:$N$723,2,FALSE) -> #N/A | C70: =VLOOKUP(A70,'8-4.일위대가표'!$A$4:$N$723,3,FALSE) -> #N/A | D70: =VLOOKUP(A70,'8-4.일위대가표'!$A$4:$N$723,5,FALSE) -> #N/A | H70: =SUM(E70:G70) -> 0 | I70: =VLOOKUP(A70,'8-4.일위대가표'!$A$4:$N$723,13,FALSE) -> #N/A | K70: 0
A71: ='8-4.일위대가표'!A136 -> 0 | B71: =VLOOKUP(A71,'8-4.일위대가표'!$A$4:$N$723,2,FALSE) -> #N/A | C71: =VLOOKUP(A71,'8-4.일위대가표'!$A$4:$N$723,3,FALSE) -> #N/A | D71: =VLOOKUP(A71,'8-4.일위대가표'!$A$4:$N$723,5,FALSE) -> #N/A | H71: =SUM(E71:G71) -> 0 | I71: =VLOOKUP(A71,'8-4.일위대가표'!$A$4:$N$723,13,FALSE) -> #N/A | K71: 0
A72: ='8-4.일위대가표'!A138 -> 품1-9. | B72: =VLOOKUP(A72,'8-4.일위대가표'!$A$4:$N$723,2,FALSE) -> 후렉시블전선관 시설 | C72: =VLOOKUP(A72,'8-4.일위대가표'!$A$4:$N$723,3,FALSE) -> 금속가요전선관 22㎜ | D72: =VLOOKUP(A72,'8-4.일위대가표'!$A$4:$N$723,5,FALSE) -> m | E72: ='8-1.설비자재산출(전력통신)'!J41 -> 16 | F72: ='8-1.설비자재산출(전력통신)'!K41 -> 16 | G72: ='8-1.설비자재산출(전력통신)'!L41 -> 12 | H72: =SUM(E72:G72) -> 44 | I72: =VLOOKUP(A72,'8-4.일위대가표'!$A$4:$N$723,13,FALSE) -> 19087 | K72: 품1-9.
A73: ='8-4.일위대가표'!A142 -> 품1-10. | B73: =VLOOKUP(A73,'8-4.일위대가표'!$A$4:$N$723,2,FALSE) -> 후렉시블전선관 시설 | C73: =VLOOKUP(A73,'8-4.일위대가표'!$A$4:$N$723,3,FALSE) -> 금속가요전선관 16㎜ | D73: =VLOOKUP(A73,'8-4.일위대가표'!$A$4:$N$723,5,FALSE) -> m | E73: ='8-1.설비자재산출(전력통신)'!J43 -> 42 | F73: ='8-1.설비자재산출(전력통신)'!K43 -> 14 | G73: ='8-1.설비자재산출(전력통신)'!L43 -> 12 | H73: =SUM(E73:G73) -> 68 | I73: =VLOOKUP(A73,'8-4.일위대가표'!$A$4:$N$723,13,FALSE) -> 14234 | K73: 품1-10.
A74: ='8-4.일위대가표'!A146 -> 품1-11. | B74: =VLOOKUP(A74,'8-4.일위대가표'!$A$4:$N$723,2,FALSE) -> 접지선 포설 | C74: =VLOOKUP(A74,'8-4.일위대가표'!$A$4:$N$723,3,FALSE) -> 10㎟ 이하 | D74: =VLOOKUP(A74,'8-4.일위대가표'!$A$4:$N$723,5,FALSE) -> m | E74: ='8-1.설비자재산출(전력통신)'!J44 -> 6 | F74: ='8-1.설비자재산출(전력통신)'!K44 -> 3 | G74: ='8-1.설비자재산출(전력통신)'!L44 -> 6 | H74: =SUM(E74:G74) -> 15 | I74: =VLOOKUP(A74,'8-4.일위대가표'!$A$4:$N$723,13,FALSE) -> 3732 | K74: 품1-11.
A75: ='8-4.일위대가표'!A150 -> 품1-12. | B75: =VLOOKUP(A75,'8-4.일위대가표'!$A$4:$N$723,2,FALSE) -> 접지선 접속 | C75: =VLOOKUP(A75,'8-4.일위대가표'!$A$4:$N$723,3,FALSE) -> 압착단자 | D75: =VLOOKUP(A75,'8-4.일위대가표'!$A$4:$N$723,5,FALSE) -> 개 | E75: =E74/3 -> 2 | F75: =F74/3 -> 1 | G75: =G74/3 -> 2 | H75: =SUM(E75:G75) -> 5 | I75: =VLOOKUP(A75,'8-4.일위대가표'!$A$4:$N$723,13,FALSE) -> 7465 | K75: 품1-12.
A76: ='8-4.일위대가표'!A152 -> 품1-13. | B76: =VLOOKUP(A76,'8-4.일위대가표'!$A$4:$N$723,2,FALSE) -> 케이블 심선성단 및 수용 | C76: =VLOOKUP(A76,'8-4.일위대가표'!$A$4:$N$723,3,FALSE) -> 케이블 심선성단 및 수용 | D76: =VLOOKUP(A76,'8-4.일위대가표'!$A$4:$N$723,5,FALSE) -> 단자 | E76: =(2*12*2)*E46+(2*12*2)*'8-1.설비자재산출(전력통신)'!J13/2 -> 96 | F76: =(2*12*2)*F46+(2*12*2)*'8-1.설비자재산출(전력통신)'!K13/2 -> 24 | G76: =(2*12*2)*G46+(2*12*2)*'8-1.설비자재산출(전력통신)'!L13/2 -> 48 | H76: =SUM(E76:G76) -> 168 | I76: =VLOOKUP(A76,'8-4.일위대가표'!$A$4:$N$723,13,FALSE) -> 1254 | K76: 품1-13.
B77: PtoP(120단자) : QDF(IDF) [2단자*12T]*2(Tx,Rx)=48, VDF [6단자*4CH]*2(in,out)=48, MDF [6단자*4CH]=24
B78: HSR PtoP(48단자) : QDF(IDF) [2단자*12T]*2(Tx,Rx)=48, C-MUX(432단자) : VDF [6단자*24CH]*2(in,out)=288, MDF [6단자*24CH]=144
B79: LIU(48단자) : QDF(IDF) [2단자*12T]*2(Tx,Rx)=48, LIU-DS(80단자) : QDF(IDF) [2단자*20T]*2(Tx,Rx)=80
A80: ='8-4.일위대가표'!A155 -> 품1-14. | B80: =VLOOKUP(A80,'8-4.일위대가표'!$A$4:$N$723,2,FALSE) -> 케이블 도통점검 | C80: =VLOOKUP(A80,'8-4.일위대가표'!$A$4:$N$723,3,FALSE) -> 케이블 도통점검 | D80: =VLOOKUP(A80,'8-4.일위대가표'!$A$4:$N$723,5,FALSE) -> 단자 | E80: =(12*2)*E46+(12*2)*'8-1.설비자재산출(전력통신)'!J13/2 -> 48 | F80: =(12*2)*F46+(12*2)*'8-1.설비자재산출(전력통신)'!K13/2 -> 12 | G80: =(12*2)*G46+(12*2)*'8-1.설비자재산출(전력통신)'!L13/2 -> 24 | H80: =SUM(E80:G80) -> 84 | I80: =VLOOKUP(A80,'8-4.일위대가표'!$A$4:$N$723,13,FALSE) -> 1005 | K80: 품1-14.
B81: PtoP(48P) : QDF(IDF) [12T]*2(Tx,Rx)=24, VDF [3P*4CH]=12, MDF [3P*4CH]=12 | M81: =SUM(K81:L81) -> 0 | N81: =SUM(J81,M81) -> 0
B82: HSR PtoP(24P) : QDF(IDF) [12T]*2(Tx,Rx)=24, C-MUX(144P) : VDF [3P*24CH]=72, MDF [3P*24CH]=72 | M82: =SUM(K82:L82) -> 0 | N82: =SUM(J82,M82) -> 0
B83: LIU(24P) : QDF(IDF) [12T]*2(Tx,Rx)=24, LIU-DS(40P) : QDF(IDF) [20T]*2(Tx,Rx)=40 | M83: =SUM(K83:L83) -> 0 | N83: =SUM(J83,M83) -> 0
A84: ='8-4.일위대가표'!A157 -> 품1-32. | B84: =VLOOKUP(A84,'8-4.일위대가표'!$A$4:$N$723,2,FALSE) -> 단자블럭 설치 | C84: =VLOOKUP(A84,'8-4.일위대가표'!$A$4:$N$723,3,FALSE) -> 블럭단자, QDF 10P | D84: =VLOOKUP(A84,'8-4.일위대가표'!$A$4:$N$723,5,FALSE) -> 개 | H84: =SUM(E84:G84) -> 0 | I84: =VLOOKUP(A84,'8-4.일위대가표'!$A$4:$N$723,13,FALSE) -> 11618 | K84: 품1-31.
A85: ='8-4.일위대가표'!A160 -> 품1-33. | B85: =VLOOKUP(A85,'8-4.일위대가표'!$A$4:$N$723,2,FALSE) -> 콘센트 설치 | C85: =VLOOKUP(A85,'8-4.일위대가표'!$A$4:$N$723,3,FALSE) -> 노출 접지 2구 | D85: =VLOOKUP(A85,'8-4.일위대가표'!$A$4:$N$723,5,FALSE) -> 개 | E85: ='8-1.설비자재산출(전력통신)'!J88 -> 0 | F85: ='8-1.설비자재산출(전력통신)'!K88 -> 0 | G85: ='8-1.설비자재산출(전력통신)'!L88 -> 0 | H85: =SUM(E85:G85) -> 0 | I85: =VLOOKUP(A85,'8-4.일위대가표'!$A$4:$N$723,13,FALSE) -> 23042 | K85: 품1-33.
A86: ='8-4.일위대가표'!A164 -> 품1-35. | B86: =VLOOKUP(A86,'8-4.일위대가표'!$A$4:$N$723,2,FALSE) -> 동축 케이블 포설 | C86: =VLOOKUP(A86,'8-4.일위대가표'!$A$4:$N$723,3,FALSE) -> RG 58 | D86: =VLOOKUP(A86,'8-4.일위대가표'!$A$4:$N$723,5,FALSE) -> m | H86: =SUM(E86:G86) -> 0 | I86: =VLOOKUP(A86,'8-4.일위대가표'!$A$4:$N$723,13,FALSE) -> 6576 | K86: 품1-35.
A87: ='8-4.일위대가표'!A166 -> 품1-36. | B87: =VLOOKUP(A87,'8-4.일위대가표'!$A$4:$N$723,2,FALSE) -> 광케이블 포설 | C87: =VLOOKUP(A87,'8-4.일위대가표'!$A$4:$N$723,3,FALSE) -> 인력견인포설(관로,구내),주간 | D87: =VLOOKUP(A87,'8-4.일위대가표'!$A$4:$N$723,5,FALSE) -> m | H87: =SUM(E87:G87) -> 0 | I87: =VLOOKUP(A87,'8-4.일위대가표'!$A$4:$N$723,13,FALSE) -> 5973 | K87: 품1-36.
A88: ='8-4.일위대가표'!A168 -> 품1-36-가. | B88: =VLOOKUP(A88,'8-4.일위대가표'!$A$4:$N$723,2,FALSE) -> 광케이블 포설 | C88: =VLOOKUP(A88,'8-4.일위대가표'!$A$4:$N$723,3,FALSE) -> 인력견인포설(관로,구내),야간 | D88: =VLOOKUP(A88,'8-4.일위대가표'!$A$4:$N$723,5,FALSE) -> m | H88: =SUM(E88:G88) -> 0 | I88: =VLOOKUP(A88,'8-4.일위대가표'!$A$4:$N$723,13,FALSE) -> 11199 | K88: 품1-36-가.
A89: ='8-4.일위대가표'!A170 -> 품1-37. | B89: =VLOOKUP(A89,'8-4.일위대가표'!$A$4:$N$723,2,FALSE) -> 광케이블 국내성단 | C89: =VLOOKUP(A89,'8-4.일위대가표'!$A$4:$N$723,3,FALSE) -> 13-71코아 | D89: =VLOOKUP(A89,'8-4.일위대가표'!$A$4:$N$723,5,FALSE) -> 코아 | H89: =SUM(E89:G89) -> 0 | I89: =VLOOKUP(A89,'8-4.일위대가표'!$A$4:$N$723,13,FALSE) -> 66970 | K89: 품1-37.
A90: ='8-4.일위대가표'!A173 -> 품1-38. | B90: =VLOOKUP(A90,'8-4.일위대가표'!$A$4:$N$723,2,FALSE) -> 광케이블 측정 및 시험 | C90: =VLOOKUP(A90,'8-4.일위대가표'!$A$4:$N$723,3,FALSE) -> 최종시험 | D90: =VLOOKUP(A90,'8-4.일위대가표'!$A$4:$N$723,5,FALSE) -> 코아 | H90: =SUM(E90:G90) -> 0 | I90: =VLOOKUP(A90,'8-4.일위대가표'!$A$4:$N$723,13,FALSE) -> 133613 | K90: 품1-38.
A91: ='8-4.일위대가표'!A176 -> 품1-39. | B91: =VLOOKUP(A91,'8-4.일위대가표'!$A$4:$N$723,2,FALSE) -> OFD셀프 설치 | C91: =VLOOKUP(A91,'8-4.일위대가표'!$A$4:$N$723,3,FALSE) -> OFD셀프 설치 | D91: =VLOOKUP(A91,'8-4.일위대가표'!$A$4:$N$723,5,FALSE) -> 개소 | H91: =SUM(E91:G91) -> 0 | I91: =VLOOKUP(A91,'8-4.일위대가표'!$A$4:$N$723,13,FALSE) -> 38366 | K91: 품1-39.
A92: ='8-4.일위대가표'!A179 -> 품1-40. | B92: =VLOOKUP(A92,'8-4.일위대가표'!$A$4:$N$723,2,FALSE) -> 케이블 명찰 취부 | C92: =VLOOKUP(A92,'8-4.일위대가표'!$A$4:$N$723,3,FALSE) -> 식별표시용,주간 | D92: =VLOOKUP(A92,'8-4.일위대가표'!$A$4:$N$723,5,FALSE) -> 개 | H92: =SUM(E92:G92) -> 0 | I92: =VLOOKUP(A92,'8-4.일위대가표'!$A$4:$N$723,13,FALSE) -> 1500 | K92: 품1-40.
A93: ='8-4.일위대가표'!A180 -> 품1-40-가. | B93: =VLOOKUP(A93,'8-4.일위대가표'!$A$4:$N$723,2,FALSE) -> 케이블 명찰 취부 | C93: =VLOOKUP(A93,'8-4.일위대가표'!$A$4:$N$723,3,FALSE) -> 식별표시용,야간 | D93: =VLOOKUP(A93,'8-4.일위대가표'!$A$4:$N$723,5,FALSE) -> 개 | K93: 품1-40-가.
A95: ='8-1.설비자재산출(전력통신)'!A95 -> 2. 전원설비 | K95: 2. 전원설비
A96: ='8-4.일위대가표'!A264 -> 품2-1. | B96: =VLOOKUP(A96,'8-4.일위대가표'!$A$4:$N$723,2,FALSE) -> UPS 설치 | C96: =VLOOKUP(A96,'8-4.일위대가표'!$A$4:$N$723,3,FALSE) -> 15kVA/5kVA | D96: =VLOOKUP(A96,'8-4.일위대가표'!$A$4:$N$723,5,FALSE) -> 대 | E96: ='8-1.설비자재산출(전력통신)'!J98+'8-1.설비자재산출(전력통신)'!J99 -> 1 | F96: ='8-1.설비자재산출(전력통신)'!K98+'8-1.설비자재산출(전력통신)'!K99 -> 1 | G96: ='8-1.설비자재산출(전력통신)'!L98+'8-1.설비자재산출(전력통신)'!L99 -> 0 | H96: =SUM(E96:G96) -> 2 | I96: =VLOOKUP(A96,'8-4.일위대가표'!$A$4:$N$723,13,FALSE) -> 252964 | K96: 품2-1.
A97: ='8-4.일위대가표'!A270 -> 품2-2. | B97: =VLOOKUP(A97,'8-4.일위대가표'!$A$4:$N$723,2,FALSE) -> 충전기 설치 | C97: =VLOOKUP(A97,'8-4.일위대가표'!$A$4:$N$723,3,FALSE) -> 50A | D97: =VLOOKUP(A97,'8-4.일위대가표'!$A$4:$N$723,5,FALSE) -> 대 | E97: ='8-1.설비자재산출(전력통신)'!J101+'8-1.설비자재산출(전력통신)'!J100 -> 2 | F97: ='8-1.설비자재산출(전력통신)'!K101+'8-1.설비자재산출(전력통신)'!K100 -> 1 | G97: ='8-1.설비자재산출(전력통신)'!L101+'8-1.설비자재산출(전력통신)'!L100 -> 0 | H97: =SUM(E97:G97) -> 3 | I97: =VLOOKUP(A97,'8-4.일위대가표'!$A$4:$N$723,13,FALSE) -> 252964 | K97: 품2-2.
A98: ='8-4.일위대가표'!A276 -> 품2-3. | B98: =VLOOKUP(A98,'8-4.일위대가표'!$A$4:$N$723,2,FALSE) -> 전원분전반 설치 | C98: =VLOOKUP(A98,'8-4.일위대가표'!$A$4:$N$723,3,FALSE) -> 장치거치 준용 | D98: =VLOOKUP(A98,'8-4.일위대가표'!$A$4:$N$723,5,FALSE) -> 대 | E98: ='8-1.설비자재산출(전력통신)'!J102 -> 1 | F98: ='8-1.설비자재산출(전력통신)'!K102 -> 1 | G98: ='8-1.설비자재산출(전력통신)'!L102 -> 0 | H98: =SUM(E98:G98) -> 2 | I98: =VLOOKUP(A98,'8-4.일위대가표'!$A$4:$N$723,13,FALSE) -> 252964 | K98: 품2-3.
A99: ='8-4.일위대가표'!A282 -> 품2-4. | B99: =VLOOKUP(A99,'8-4.일위대가표'!$A$4:$N$723,2,FALSE) -> 밧데리함 설치 | C99: =VLOOKUP(A99,'8-4.일위대가표'!$A$4:$N$723,3,FALSE) -> 장치거치 준용 | D99: =VLOOKUP(A99,'8-4.일위대가표'!$A$4:$N$723,5,FALSE) -> 대 | E99: ='8-1.설비자재산출(전력통신)'!J108+'8-1.설비자재산출(전력통신)'!J109 -> 6 | F99: ='8-1.설비자재산출(전력통신)'!K108+'8-1.설비자재산출(전력통신)'!K109 -> 3 | G99: ='8-1.설비자재산출(전력통신)'!L108+'8-1.설비자재산출(전력통신)'!L109 -> 0 | H99: =SUM(E99:G99) -> 9 | I99: =VLOOKUP(A99,'8-4.일위대가표'!$A$4:$N$723,13,FALSE) -> 252964 | K99: 품2-4.
A100: ='8-4.일위대가표'!A288 -> 품2-5. | B100: =VLOOKUP(A100,'8-4.일위대가표'!$A$4:$N$723,2,FALSE) -> 통신용 구내 전력케이블 신설 | C100: =VLOOKUP(A100,'8-4.일위대가표'!$A$4:$N$723,3,FALSE) -> 25SQ 이하 4심 | D100: =VLOOKUP(A100,'8-4.일위대가표'!$A$4:$N$723,5,FALSE) -> m | E100: ='8-1.설비자재산출(전력통신)'!J110 -> 153 | F100: ='8-1.설비자재산출(전력통신)'!K110 -> 150 | G100: ='8-1.설비자재산출(전력통신)'!L110 -> 0 | H100: =SUM(E100:G100) -> 303 | I100: =VLOOKUP(A100,'8-4.일위대가표'!$A$4:$N$723,13,FALSE) -> 30174 | K100: 품2-5.
A101: ='8-4.일위대가표'!A290 -> 품2-6. | B101: =VLOOKUP(A101,'8-4.일위대가표'!$A$4:$N$723,2,FALSE) -> 통신용 구내 전력케이블 신설 | C101: =VLOOKUP(A101,'8-4.일위대가표'!$A$4:$N$723,3,FALSE) -> 16SQ 이하 4심 | D101: =VLOOKUP(A101,'8-4.일위대가표'!$A$4:$N$723,5,FALSE) -> m | E101: ='8-1.설비자재산출(전력통신)'!J111 -> 8 | F101: ='8-1.설비자재산출(전력통신)'!K111 -> 8 | G101: ='8-1.설비자재산출(전력통신)'!L111 -> 0 | H101: =SUM(E101:G101) -> 16 | I101: =VLOOKUP(A101,'8-4.일위대가표'!$A$4:$N$723,13,FALSE) -> 23133 | K101: 품2-6.
A102: ='8-4.일위대가표'!A292 -> 품2-7. | B102: =VLOOKUP(A102,'8-4.일위대가표'!$A$4:$N$723,2,FALSE) -> 통신용 구내 전력케이블 신설 | C102: =VLOOKUP(A102,'8-4.일위대가표'!$A$4:$N$723,3,FALSE) -> 16SQ 이하 3심 | D102: =VLOOKUP(A102,'8-4.일위대가표'!$A$4:$N$723,5,FALSE) -> m | E102: 0 | F102: ='8-1.설비자재산출(전력통신)'!K112 -> 150 | G102: ='8-1.설비자재산출(전력통신)'!L112 -> 0 | H102: =SUM(E102:G102) -> 150 | I102: =VLOOKUP(A102,'8-4.일위대가표'!$A$4:$N$723,13,FALSE) -> 17795 | K102: 품2-7.
A103: ='8-4.일위대가표'!A294 -> 품2-7-1. | B103: ='8-4.일위대가표'!B294 -> 통신용 구내 전력케이블 신설 | C103: ='8-4.일위대가표'!C294 -> 16SQ 이하 3심, 2열 동시 | D103: ='8-4.일위대가표'!E294 -> m | E103: =ROUNDUP('10-2-1. 전원_PIA_LAN물량(ICT실)_동해안'!H40/2,0) -> 153 | F103: 0 | G103: 0 | H103: =SUM(E103:G103) -> 153 | I103: =VLOOKUP(A103,'8-4.일위대가표'!$A$4:$N$723,13,FALSE) -> 32031 | K103: 품2-7-1.
A104: ='8-4.일위대가표'!A296 -> 품2-8. | B104: =VLOOKUP(A104,'8-4.일위대가표'!$A$4:$N$723,2,FALSE) -> 통신용 구내 전력케이블 신설 | C104: =VLOOKUP(A104,'8-4.일위대가표'!$A$4:$N$723,3,FALSE) -> 16SQ 이하 2심 | D104: =VLOOKUP(A104,'8-4.일위대가표'!$A$4:$N$723,5,FALSE) -> m | E104: ='8-1.설비자재산출(전력통신)'!J113 -> 23 | F104: ='8-1.설비자재산출(전력통신)'!K113 -> 15 | G104: ='8-1.설비자재산출(전력통신)'!L113 -> 0 | H104: =SUM(E104:G104) -> 38 | I104: =VLOOKUP(A104,'8-4.일위대가표'!$A$4:$N$723,13,FALSE) -> 12456 | K104: 품2-8.
...

Sheet 8-4.일위대가표
A1: 8-4. 일 위 대 가 표
A2: =표지!A13 -> 공사명 : 동해안#1 변환소 전력통신설비 시설공사
A3: No. | B3: 공 종 | C3: 규 격 | D3: 할증내용 | E3: 단위 | F3: 직 종 | G3: 적용 | H3: 할증1 | I3: 할증2 | J3: 할증3 | K3: 노임단가 | L3: 금 액 | M3: 합 계 | N3: 비 고
A4: 1. 송변전용 광전송장치
A5: 품1-1. | B5: 송변전용 광단말장치 설치 | C5: HSR-10G | E5: 대 | M5: =SUM(L6:L20) -> 2835567 | N5: 통6-3-7 | O5: 문서 20190729 아인(네트)-1550 송변전광단말장치 표준품셈 및 시설기준 변경 알림
B6: 가. 입력전원 측정 | E6: 대 | F6: 광케이블설치사 | G6: 0.23 | H6: 1 | I6: 1 | J6: 1 | K6: =VLOOKUP(F6,'8-5.2025하노임'!$A$6:$G$47,6,0) -> 410351.48 | L6: =INT(G6*H6*I6*J6*K6) -> 94380 | M6: =L6 -> 94380
B8: 나. 경보시험(PDP) | E8: 대 | F8: 광케이블설치사 | G8: 0.21 | H8: 1 | I8: 1 | J8: 1 | K8: =VLOOKUP(F8,'8-5.2025하노임'!$A$6:$G$47,6,0) -> 410351.48 | L8: =INT(G8*H8*I8*J8*K8) -> 86173 | M8: =L8 -> 86173
B10: 다. 장비설정 및 상태확인 시험 | E10: 대 | F10: 광케이블설치사 | G10: 0.73 | H10: 1 | I10: 1 | J10: 1 | K10: =VLOOKUP(F10,'8-5.2025하노임'!$A$6:$G$47,6,0) -> 410351.48 | L10: =INT(G10*H10*I10*J10*K10) -> 299556 | M10: =SUM(L10:L11) -> 426190
F11: H/W시험사 | G11: 0.37 | H11: 1 | I11: 1 | J11: 1 | K11: =VLOOKUP(F11,'8-5.2025하노임'!$A$6:$G$47,6,0) -> 342255.42 | L11: =INT(G11*H11*I11*J11*K11) -> 126634
B13: 라. 광전송유니트 특성시험 | C13: CTRU 2매 및 8파장 기준 | E13: 2유니트 | F13: 광케이블설치사 | G13: =1.13*2 -> 2.26 | H13: 1 | I13: 1 | J13: 1 | K13: =VLOOKUP(F13,'8-5.2025하노임'!$A$6:$G$47,6,0) -> 410351.48 | L13: =INT(G13*H13*I13*J13*K13) -> 927394 | M13: =SUM(L13:L14) -> 1310720
F14: H/W시험사 | G14: =0.56*2 -> 1.12 | H14: 1 | I14: 1 | J14: 1 | K14: =VLOOKUP(F14,'8-5.2025하노임'!$A$6:$G$47,6,0) -> 342255.42 | L14: =INT(G14*H14*I14*J14*K14) -> 383326
B16: 마. Ethernet 회선구성 시험 | C16: CTRU 2매 및 8파장 기준 | E16: 2유니트 | F16: H/W시험사 | G16: 0.4 | H16: 1 | I16: 1 | J16: 1 | K16: =VLOOKUP(F16,'8-5.2025하노임'!$A$6:$G$47,6,0) -> 342255.42 | L16: =INT(G16*H16*I16*J16*K16) -> 136902 | M16: =SUM(L16:L17) -> 293442
F17: S/W시험사 | G17: 0.4 | H17: 1 | I17: 1 | J17: 1 | K17: =VLOOKUP(F17,'8-5.2025하노임'!$A$6:$G$47,6,0) -> 391351.62 | L17: =INT(G17*H17*I17*J17*K17) -> 156540
B19: 바. 장비특성 및 대국시험 | E19: 대 | F19: 광케이블설치사 | G19: 0.83 | H19: 1 | I19: 1 | J19: 1 | K19: =VLOOKUP(F19,'8-5.2025하노임'!$A$6:$G$47,6,0) -> 410351.48 | L19: =INT(G19*H19*I19*J19*K19) -> 340591 | M19: =SUM(L19:L20) -> 624662
F20: H/W시험사 | G20: 0.83 | H20: 1 | I20: 1 | J20: 1 | K20: =VLOOKUP(F20,'8-5.2025하노임'!$A$6:$G$47,6,0) -> 342255.42 | L20: =INT(G20*H20*I20*J20*K20) -> 284071
A21: 품1-1-1. | B21: 송변전용 광단말장치용 광전송유니트설치 | C21: CTRU 2매 및 8파장 기준 | E21: 2유니트 | M21: =SUM(L22:L23) -> 1310720 | N21: 통6-3-7 | O21: 문서 20190729 아인(네트)-1550 송변전광단말장치 표준품셈 및 시설기준 변경 알림
B22: 광전송유니트 특성시험 | E22: 2유니트 | F22: 광케이블설치사 | G22: =1.13*2 -> 2.26 | H22: 1 | I22: 1 | J22: 1 | K22: =VLOOKUP(F22,'8-5.2025하노임'!$A$6:$G$47,6,0) -> 410351.48 | L22: =INT(G22*H22*I22*J22*K22) -> 927394 | M22: =SUM(L22:L23) -> 1310720
F23: H/W시험사 | G23: =0.56*2 -> 1.12 | H23: 1 | I23: 1 | J23: 1 | K23: =VLOOKUP(F23,'8-5.2025하노임'!$A$6:$G$47,6,0) -> 342255.42 | L23: =INT(G23*H23*I23*J23*K23) -> 383326
B25: 계통보호회선유니트(PIU) 설치 | C25: 전류차동방식, 1T/L | E25: T/L | M25: =SUM(L25:L34) -> 1197462 | N25: 통6-3-7 | O25: 문서 20190729 아인(네트)-1550 송변전광단말장치 표준품셈 및 시설기준 변경 알림
B26: 가. 64kbps 측정 | E26: T/L | F26: 통신관련산업기사 | G26: 1 | H26: 1 | I26: 1 | J26: 1 | K26: =VLOOKUP(F26,'8-5.2025하노임'!$A$6:$G$47,6,0) -> 266103.31 | L26: =INT(G26*H26*I26*J26*K26) -> 266103
B28: 나. 전송지연 시간측정 | E28: T/L | F28: 통신관련산업기사 | G28: 0.5 | H28: 1 | I28: 1 | J28: 1 | K28: =VLOOKUP(F28,'8-5.2025하노임'!$A$6:$G$47,6,0) -> 266103.31 | L28: =INT(G28*H28*I28*J28*K28) -> 133051
B30: 다. G.703데이터 저장상태 확인 | E30: T/L | F30: 통신관련산업기사 | G30: 0.5 | H30: 1 | I30: 1 | J30: 1 | K30: =VLOOKUP(F30,'8-5.2025하노임'!$A$6:$G$47,6,0) -> 266103.31 | L30: =INT(G30*H30*I30*J30*K30) -> 133051
B32: 라. 장비설정 및 상태확인 시험 | E32: T/L | F32: 통신관련산업기사 | G32: 1 | H32: 1 | I32: 1 | J32: 1 | K32: =VLOOKUP(F32,'8-5.2025하노임'!$A$6:$G$47,6,0) -> 266103.31 | L32: =INT(G32*H32*I32*J32*K32) -> 266103
B34: 마. 대국간 송수신 상태 확인 | E34: T/L | F34: 통신관련산업기사 | G34: 1.5 | H34: 1 | I34: 1 | J34: 1 | K34: =VLOOKUP(F34,'8-5.2025하노임'!$A$6:$G$47,6,0) -> 266103.31 | L34: =INT(G34*H34*I34*J34*K34) -> 399154
B36: 계통보호회선유니트(PIU) 설치 | C36: 전류차동방식, 1T/L, 단거리 | E36: T/L | F36: 1.8 | M36: =INT(F36*M25) -> 2155431 | N36: 통6-3-7 | O36: 문서 20190729 아인(네트)-1550 송변전광단말장치 표준품셈 및 시설기준 변경 알림
B38: 계통보호회선유니트(PIU) 시험 | C38: 전류차동 1T/L, 단거리, 시험품 | E38: T/L | F38: 1.8 | M38: =SUM(L39:L42) -> 1676447 | N38: 통6-3-7 | O38: 문서 20190729 아인(네트)-1550 송변전광단말장치 표준품셈 및 시설기준 변경 알림
B39: 가. 장비설정 및 상태확인 시험 | E39: T/L | F39: 통신관련산업기사 | G39: 1 | H39: 1.8 | I39: 1 | J39: 1 | K39: =VLOOKUP(F39,'8-5.2025하노임'!$A$6:$G$47,6,0) -> 266103.31 | L39: =INT(G39*H39*I39*J39*K39) -> 478985
B40: 나. 전송지연 시간측정 | E40: T/L | F40: 통신관련산업기사 | G40: 0.5 | H40: 1.8 | I40: 1 | J40: 1 | K40: =VLOOKUP(F40,'8-5.2025하노임'!$A$6:$G$47,6,0) -> 266103.31 | L40: =INT(G40*H40*I40*J40*K40) -> 239492
B41: 다. G.703데이터 저장상태 확인 | E41: T/L | F41: 통신관련산업기사 | G41: 0.5 | H41: 1.8 | I41: 1 | J41: 1 | K41: =VLOOKUP(F41,'8-5.2025하노임'!$A$6:$G$47,6,0) -> 266103.31 | L41: =INT(G41*H41*I41*J41*K41) -> 239492
B42: 마. 대국간 송수신 상태 확인 | E42: T/L | F42: 통신관련산업기사 | G42: 1.5 | H42: 1.8 | I42: 1 | J42: 1 | K42: =VLOOKUP(F42,'8-5.2025하노임'!$A$6:$G$47,6,0) -> 266103.31 | L42: =INT(G42*H42*I42*J42*K42) -> 718478
A44: 품1-2. | B44: HSR-PtoP unit 설치 | C44: 신형)HSR-PTP | E44: 대 | M44: =SUM(L45:L58) -> 1156346 | N44: 통6-3-7 | O44: 문서 20190729 아인(네트)-1550 송변전광단말장치 표준품셈 및 시설기준 변경 알림
B45: 가. Ptop unit 취부(유니트 취부) | E45: 대 | F45: 통신설비공 | G45: 0.03 | H45: 1 | I45: 1 | J45: 1 | K45: =VLOOKUP(F45,'8-5.2025하노임'!$A$6:$G$47,6,0) -> 276216.15 | L45: =INT(G45*H45*I45*J45*K45) -> 8286 | N45: 통6-1-1
F46: 보통인부 | G46: 0.02 | H46: 1 | I46: 1 | J46: 1 | K46: =VLOOKUP(F46,'8-5.2025하노임'!$A$6:$G$47,6,0) -> 150079.84 | L46: =INT(G46*H46*I46*J46*K46) -> 3001
B48: 나. 자체시험
B49: 1) 시스템 셋업 및 현재상태 확인시험 | E49: 대 | F49: 광케이블설치사 | G49: 0.72 | H49: 1 | I49: 1 | J49: 1 | K49: =VLOOKUP(F49,'8-5.2025하노임'!$A$6:$G$47,6,0) -> 410351.48 | L49: =INT(G49*H49*I49*J49*K49) -> 295453 | N49: 통6-3-7
B51: 2) 광전송 특성시험 | E51: 대 | F51: 광케이블설치사 | G51: 0.41 | H51: 1 | I51: 1 | J51: 1 | K51: =VLOOKUP(F51,'8-5.2025하노임'!$A$6:$G$47,6,0) -> 410351.48 | L51: =INT(G51*H51*I51*J51*K51) -> 168244 | N51: 통6-3-7
F52: 특별인부 | G52: 0.36 | H52: 1 | I52: 1 | J52: 1 | K52: =VLOOKUP(F52,'8-5.2025하노임'!$A$6:$G$47,6,0) -> 196983.24 | L52: =INT(G52*H52*I52*J52*K52) -> 70913
B54: 3) DS1급 전기적 특성시험 | E54: 대 | F54: 광케이블설치사 | G54: 0.82 | H54: 1 | I54: 1 | J54: 1 | K54: =VLOOKUP(F54,'8-5.2025하노임'!$A$6:$G$47,6,0) -> 410351.48 | L54: =INT(G54*H54*I54*J54*K54) -> 336488 | N54: 통6-3-7
F55: 특별인부 | G55: 0.72 | H55: 1 | I55: 1 | J55: 1 | K55: =VLOOKUP(F55,'8-5.2025하노임'!$A$6:$G$47,6,0) -> 196983.24 | L55: =INT(G55*H55*I55*J55*K55) -> 141827
B57: 4) 장비특성 및 대국시험 | E57: 대 | F57: 광케이블설치사 | G57: 0.25 | H57: 1 | I57: 1 | J57: 1 | K57: =VLOOKUP(F57,'8-5.2025하노임'!$A$6:$G$47,6,0) -> 410351.48 | L57: =INT(G57*H57*I57*J57*K57) -> 102587 | N57: 통6-3-7
F58: 특별인부 | G58: 0.15 | H58: 1 | I58: 1 | J58: 1 | K58: =VLOOKUP(F58,'8-5.2025하노임'!$A$6:$G$47,6,0) -> 196983.24 | L58: =INT(G58*H58*I58*J58*K58) -> 29547
A60: 품1-3-가. | B60: 통합단말장치 설치(PtoP unit) | C60: 구)PTP | E60: 대 | M60: =L61+L62 -> 1189174 | N60: 통6-3-7
B61: 1) PTP 시설 | L61: =M44 -> 1156346 | N61: 통6-3-7
B62: 2) DS0급 음성회선 대국 전기적 특성시험 | E62: 4회선 | F62: 광케이블설치사 | G62: =0.02*4 -> 0.08 | H62: 1 | I62: 1 | J62: 1 | K62: =VLOOKUP(F62,'8-5.2025하노임'!$A$6:$G$47,6,0) -> 410351.48 | L62: =INT(G62*H62*I62*J62*K62) -> 32828 | N62: 통6-2-1-1
A64: 품1-3-나. | B64: HSR, 통합단말장치 철거(PtoP unit) | C64: 신)PTP, 구)PTP | D64: 재사용 50% | E64: 대 | M64: =L65+L66 -> 5643 | N64: 통6-1-1
B65: 1) PTP(유니트 취부) 철거 | E65: 개 | F65: 통신설비공 | G65: 0.03 | H65: 0.5 | I65: 1 | J65: 1 | K65: =VLOOKUP(F65,'8-5.2025하노임'!$A$6:$G$47,6,0) -> 276216.15 | L65: =INT(G65*H65*I65*J65*K65) -> 4143
F66: 보통인부 | G66: 0.02 | H66: 0.5 | I66: 1 | J66: 1 | K66: =VLOOKUP(F66,'8-5.2025하노임'!$A$6:$G$47,6,0) -> 150079.84 | L66: =INT(G66*H66*I66*J66*K66) -> 1500
A68: 품1-3. | B68: 송광치/IDF/단자/PITR 랙 설치 | C68: 19" Rack | E68: 대 | M68: =SUM(L69:L72) -> 252964 | N68: 통6-3-7
B69: 가. 장치거치 | C69: 19" Rack | E69: 가 | F69: 통신설비공 | G69: 0.5 | H69: 1 | I69: 1 | J69: 1 | K69: =VLOOKUP(F69,'8-5.2025하노임'!$A$6:$G$47,6,0) -> 276216.15 | L69: =INT(G69*H69*I69*J69*K69) -> 138108 | N69: 통6-1-1
F70: 보통인부 | G70: 0.5 | H70: 1 | I70: 1 | J70: 1 | K70: =VLOOKUP(F70,'8-5.2025하노임'!$A$6:$G$47,6,0) -> 150079.84 | L70: =INT(G70*H70*I70*J70*K70) -> 75039
B72: 나. 앙카볼트 설치 | C72: ￠13㎜ 이하 | E72: 4개 | F72: 통신내선공 | G72: =0.04*4 -> 0.16 | H72: 1 | I72: 1 | J72: 1 | K72: =VLOOKUP(F72,'8-5.2025하노임'!$A$6:$G$47,6,0) -> 248856.63 | L72: =INT(G72*H72*I72*J72*K72) -> 39817 | N72: 통3-7-1
B74: 내부배선 및 기타결선 | C74: 확장셀프, PIU관련 케이블 | D74: T/L당 | E74: 대 | F74: 통신설비공 | G74: 0.5 | H74: 1 | I74: 1 | J74: 1 | K74: =VLOOKUP(F74,'8-5.2025하노임'!$A$6:$G$47,6,0) -> 276216.15 | L74: =INT(G74*H74*I74*J74*K74) -> 138108 | M74: =SUM(L74:L74) -> 138108 | N74: 통6-3-7
B76: 분배반(FDF) | C76: 분배반(FDF) | E76: 대 | F76: 통신설비공 | G76: 0.23 | H76: 1 | I76: 1 | J76: 1 | K76: =VLOOKUP(F76,'8-5.2025하노임'!$A$6:$G$47,6,0) -> 276216.15 | L76: =INT(G76*H76*I76*J76*K76) -> 63529 | M76: =SUM(L76:L77) -> 108835 | N76: 통4-1-2-2
E77: 대 | F77: 특별인부 | G77: 0.23 | H77: 1 | I77: 1 | J77: 1 | K77: =VLOOKUP(F77,'8-5.2025하노임'!$A$6:$G$47,6,0) -> 196983.24 | L77: =INT(G77*H77*I77*J77*K77) -> 45306
A79: 품1-4. | B79: L3 스위치 설치 및 시험 | C79: 본체 설치 | F79: 통신관련산업기사 | G79: 0.2 | H79: 1 | I79: 1 | J79: 1 | K79: =VLOOKUP(F79,'[197]8-5.2025하노임'!$A$6:$G$47,6,0) -> 303262 | L79: =INT(G79*H79*I79*J79*K79) -> 60652 | M79: =SUM(L79:L82) -> 458028 | N79: 통 9-2-1-2
F80: 통신설비공 | G80: 0.2 | H80: 1 | I80: 1 | J80: 1 | K80: =VLOOKUP(F80,'[197]8-5.2025하노임'!$A$6:$G$47,6,0) -> 314787 | L80: =INT(G80*H80*I80*J80*K80) -> 62957
C81: control consol 시험 | F81: S/W시험사 | G81: 0.4 | H81: 1 | I81: 1 | J81: 1 | K81: =VLOOKUP(F81,'[197]8-5.2025하노임'!$A$6:$G$47,6,0) -> 446000 | L81: =INT(G81*H81*I81*J81*K81) -> 178400
F82: H/W시험사 | G82: 0.4 | H82: 1 | I82: 1 | J82: 1 | K82: =VLOOKUP(F82,'[197]8-5.2025하노임'!$A$6:$G$47,6,0) -> 390048 | L82: =INT(G82*H82*I82*J82*K82) -> 156019
A84: 품1-5. | B84: 유니트 실장 | C84: IDF,QDF,VDF,CTRU등 | E84: 개 | F84: 통신설비공 | G84: 0.02 | H84: 1 | I84: 1 | J84: 1 | K84: =VLOOKUP(F84,'8-5.2025하노임'!$A$6:$G$47,6,0) -> 276216.15 | L84: =INT(G84*H84*I84*J84*K84) -> 5524 | M84: =SUM(L84:L84) -> 5524 | N84: 통6-1-1
A86: 품1-10-가. | B86: 유니트 철거 | C86: IDF,QDF,VDF,CTRU등 | E86: 개 | F86: 통신설비공 | G86: 0.02 | H86: 0.5 | I86: 1 | J86: 1 | K86: =VLOOKUP(F86,'8-5.2025하노임'!$A$6:$G$47,6,0) -> 276216.15 | L86: =INT(G86*H86*I86*J86*K86) -> 2762 | M86: =SUM(L86:L86) -> 2762 | N86: 통6-1-1
A88: 품1-10-나. | B88: 유니트 이설 | C88: IDF,QDF,VDF,CTRU등 | E88: 개 | F88: 통신설비공 | G88: 0.02 | H88: 1.8 | I88: 1 | J88: 1 | K88: =VLOOKUP(F88,'8-5.2025하노임'!$A$6:$G$47,6,0) -> 276216.15 | L88: =INT(G88*H88*I88*J88*K88) -> 9943 | M88: =SUM(L88:L88) -> 9943 | N88: 통6-1-1
A90: 품1-6. | B90: 제어케이블 포설 | C90: 6SQ/2C 1열 | D90: 실드케이블 | E90: m | F90: 통신케이블공 | G90: 0.018 | H90: 1.2 | I90: 1 | J90: 1 | K90: =VLOOKUP(F90,'8-5.2025하노임'!$A$6:$G$47,6,0) -> 386848.44 | L90: =INT(G90*H90*I90*J90*K90) -> 8355 | M90: =SUM(L90) -> 8355 | N90: 통4-4-1
A92: 공구손료용 | B92: 제어케이블 포설 | E92: m | F92: 통신케이블공 | G92: 0.018 | H92: 1 | I92: 1 | J92: 1 | K92: =VLOOKUP(F92,'8-5.2025하노임'!$A$6:$G$47,6,0) -> 386848.44 | L92: =INT(G92*H92*I92*J92*K92) -> 6963 | M92: =SUM(L92) -> 6963 | N92: 통4-4-1
A94: 품1-6-1. | B94: 제어케이블 포설 | C94: 6SQ/2C 2열 | D94: 실드케이블, 2열 동시 : 180% | E94: m | F94: 통신케이블공 | G94: 0.018 | H94: 1.8 | I94: 1.2 | J94: 1 | K94: =VLOOKUP(F94,'8-5.2025하노임'!$A$6:$G$47,6,0) -> 386848.44 | L94: =INT(G94*H94*I94*J94*K94) -> 15040 | M94: =SUM(L94) -> 15040 | N94: 통4-4-1
A96: 공구손료용 | B96: 제어케이블 포설 | E96: m | F96: 통신케이블공 | G96: 0.018 | H96: 1.8 | I96: 1 | J96: 1 | K96: =VLOOKUP(F96,'8-5.2025하노임'!$A$6:$G$47,6,0) -> 386848.44 | L96: =INT(G96*H96*I96*J96*K96) -> 12533 | M96: =SUM(L96) -> 12533 | N96: 통4-4-1
A98: 품1-6-2. | B98: 제어케이블 포설 | C98: 6SQ/2C 3열 | D98: 실드케이블, 3열 동시 : 260% | E98: m | F98: 통신케이블공 | G98: 0.018 | H98: 2.6 | I98: 1.2 | J98: 1 | K98: =VLOOKUP(F98,'8-5.2025하노임'!$A$6:$G$47,6,0) -> 386848.44 | L98: =INT(G98*H98*I98*J98*K98) -> 21725 | M98: =SUM(L98) -> 21725 | N98: 통4-4-1
A100: 공구손료용 | B100: 제어케이블 포설 | E100: m | F100: 통신케이블공 | G100: 0.018 | H100: 2.6 | I100: 1 | J100: 1 | K100: =VLOOKUP(F100,'8-5.2025하노임'!$A$6:$G$47,6,0) -> 386848.44 | L100: =INT(G100*H100*I100*J100*K100) -> 18104 | M100: =SUM(L100) -> 18104 | N100: 통4-4-1
B102: 제어케이블 포설 | C102: 1.5SQ/4C 1열 | D102: 실드케이블 | E102: m | F102: 통신케이블공 | G102: 0.023 | H102: 1.2 | I102: 1 | J102: 1 | K102: =VLOOKUP(F102,'8-5.2025하노임'!$A$6:$G$47,6,0) -> 386848.44 | L102: =INT(G102*H102*I102*J102*K102) -> 10677 | M102: =SUM(L102) -> 10677 | N102: 통4-4-1
B104: 제어케이블 포설 | C104: 1.5SQ/4C 2열 | D104: 실드케이블 | E104: m | F104: 통신케이블공 | G104: 0.023 | H104: 1.2 | I104: 1.8 | J104: 1 | K104: =VLOOKUP(F104,'8-5.2025하노임'!$A$6:$G$47,6,0) -> 386848.44 | L104: =INT(G104*H104*I104*J104*K104) -> 19218 | M104: =SUM(L104) -> 19218 | N104: 통4-4-1
B106: 제어케이블 포설 | C106: 1.5SQ/4C 4열 | D106: 실드케이블 | E106: m | F106: 통신케이블공 | G106: 0.023 | H106: 1.2 | I106: 3.4 | J106: 1 | K106: =VLOOKUP(F106,'8-5.2025하노임'!$A$6:$G$47,6,0) -> 386848.44 | L106: =INT(G106*H106*I106*J106*K106) -> 36301 | M106: =SUM(L106) -> 36301 | N106: 통4-4-1
B108: 제어케이블 포설 | C108: 1.5SQ/2C 1열 | D108: 실드케이블 | E108: m | F108: 통신케이블공 | G108: 0.012 | H108: 1.2 | I108: 1 | J108: 1 | K108: =VLOOKUP(F108,'8-5.2025하노임'!$A$6:$G$47,6,0) -> 386848.44 | L108: =INT(G108*H108*I108*J108*K108) -> 5570 | M108: =SUM(L108) -> 5570 | N108: 통4-4-1
B110: 제어케이블 포설 | C110: 1.5SQ/2C 2열 | D110: 실드케이블 | E110: m | F110: 통신케이블공 | G110: 0.012 | H110: 1.2 | I110: 1.8 | J110: 1 | K110: =VLOOKUP(F110,'8-5.2025하노임'!$A$6:$G$47,6,0) -> 386848.44 | L110: =INT(G110*H110*I110*J110*K110) -> 10027 | M110: =SUM(L110) -> 10027 | N110: 통4-4-1
B112: 제어케이블 포설 | C112: 1.5SQ/2C 4열 | D112: 실드케이블 | E112: m | F112: 통신케이블공 | G112: 0.012 | H112: 1.2 | I112: 3.4 | J112: 1 | K112: =VLOOKUP(F112,'8-5.2025하노임'!$A$6:$G$47,6,0) -> 386848.44 | L112: =INT(G112*H112*I112*J112*K112) -> 18940 | M112: =SUM(L112) -> 18940 | N112: 통4-4-1
A114: 품1-7. | B114: 광점퍼코드 포설 | C114: SC/PC(APC)↔SC/APC, 2열 | E114: m | F114: 통신케이블공 | G114: 0.007 | H114: 1.8 | I114: 1 | J114: 1 | K114: =VLOOKUP(F114,'8-5.2025하노임'!$A$6:$G$47,6,0) -> 386848.44 | L114: =INT(G114*H114*I114*J114*K114) -> 4874 | M114: =SUM(L114:L115) -> 8851 | N114: 통6-1-1
F115: 통신설비공 | G115: 0.008 | H115: 1.8 | I115: 1 | J115: 1 | K115: =VLOOKUP(F115,'8-5.2025하노임'!$A$6:$G$47,6,0) -> 276216.15 | L115: =INT(G115*H115*I115*J115*K115) -> 3977
B117: 광점퍼케이블 포설 | C117: SC/PC(APC)↔SC/APC,B.O 4C | D117: 12코어 이하 | E117: m | F117: 광케이블설치사 | G117: 0.0092 | H117: 0.5 | I117: 1 | J117: 1 | K117: =VLOOKUP(F117,'8-5.2025하노임'!$A$6:$G$47,6,0) -> 410351.48 | L117: =INT(G117*H117*I117*J117*K117) -> 1887 | M117: =SUM(L117:L118) -> 2340 | N117: 통4-1-3
F118: 특별인부 | G118: 0.0046 | H118: 0.5 | I118: 1 | J118: 1 | K118: =VLOOKUP(F118,'8-5.2025하노임'!$A$6:$G$47,6,0) -> 196983.24 | L118: =INT(G118*H118*I118*J118*K118) -> 453
B120: 광점퍼케이블 포설 | C120: 광점퍼코드(B.O) 2C, ST-ST, 구내 | E120: m | F120: 광케이블설치사 | G120: 0.0092 | H120: 0.5 | I120: 1 | J120: 1 | K120: =VLOOKUP(F120,'8-5.2025하노임'!$A$6:$G$47,6,0) -> 410351.48 | L120: =INT(G120*H120*I120*J120*K120) -> 1887 | M120: =SUM(L120:L121) -> 2340 | N120: 통4-1-3
F121: 특별인부 | G121: 0.0046 | H121: 0.5 | I121: 1 | J121: 1 | K121: =VLOOKUP(F121,'8-5.2025하노임'!$A$6:$G$47,6,0) -> 196983.24 | L121: =INT(G121*H121*I121*J121*K121) -> 453
B123: 제어케이블 포설(PCM 0.65㎜/1P) | C123: 1.5SQ/1C, 2열 | D123: 2열 동시 : 180% | E123: m | F123: 통신케이블공 | G123: 0.009 | H123: 1.8 | I123: 1 | J123: 1 | K123: =VLOOKUP(F123,'8-5.2025하노임'!$A$6:$G$47,6,0) -> 386848.44 | L123: =INT(G123*H123*I123*J123*K123) -> 6266 | M123: =SUM(L123) -> 6266 | N123: 통4-4-1
B125: 제어케이블 포설(PCM 0.65㎜/1P) | C125: 1.5SQ/1C, 4열 | D125: 4열 동시 : 340% | E125: m | F125: 통신케이블공 | G125: 0.009 | H125: 3.4 | I125: 1 | J125: 1 | K125: =VLOOKUP(F125,'8-5.2025하노임'!$A$6:$G$47,6,0) -> 386848.44 | L125: =INT(G125*H125*I125*J125*K125) -> 11837 | M125: =SUM(L125) -> 11837 | N125: 통4-4-1
B127: UTP케이블 포설 | C127: 챔프케이블(25P), CAT.5E 25Pr | E127: m | F127: 통신케이블공 | G127: 0.024 | H127: 1 | I127: 1 | J127: 1 | K127: =VLOOKUP(F127,'8-5.2025하노임'!$A$6:$G$47,6,0) -> 386848.44 | L127: =INT(G127*H127*I127*J127*K127) -> 9284 | M127: =SUM(L127) -> 9284 | N127: 통4-3-1
B128: UTP케이블 포설 | C128: 챔프케이블(25P), CAT.5E 25Pr 3열 | D128: 3열동시 : 260% | E128: m | F128: 통신케이블공 | G128: 0.024 | H128: 2.6 | I128: 1 | J128: 1 | K128: =VLOOKUP(F128,'8-5.2025하노임'!$A$6:$G$47,6,0) -> 386848.44 | L128: =INT(G128*H128*I128*J128*K128) -> 24139 | M128: =SUM(L128) -> 24139 | N128: 통4-3-1
B130: UTP케이블 포설 | C130: CAT.5 4Pr | E130: m | F130: 통신케이블공 | G130: 0.015 | H130: 1 | I130: 1 | J130: 1 | K130: =VLOOKUP(F130,'8-5.2025하노임'!$A$6:$G$47,6,0) -> 386848.44 | L130: =INT(G130*H130*I130*J130*K130) -> 5802 | M130: =SUM(L130) -> 5802 | N130: 통4-3-1
A132: 품1-8. | B132: UTP케이블 포설 | C132: CAT.5 4Pr, 2열 | D132: 2열동시 : 180% | E132: m | F132: 통신케이블공 | G132: 0.015 | H132: 1.8 | I132: 1 | J132: 1 | K132: =VLOOKUP(F132,'8-5.2025하노임'!$A$6:$G$47,6,0) -> 386848.44 | L132: =INT(G132*H132*I132*J132*K132) -> 10444 | M132: =SUM(L132) -> 10444 | N132: 통4-3-1
B134: UTP케이블 포설 | C134: CAT.5 4Pr, 3열 | D134: 3열동시 : 260% | E134: m | F134: 통신케이블공 | G134: 0.015 | H134: 2.6 | I134: 1 | J134: 1 | K134: =VLOOKUP(F134,'8-5.2025하노임'!$A$6:$G$47,6,0) -> 386848.44 | L134: =INT(G134*H134*I134*J134*K134) -> 15087 | M134: =SUM(L134) -> 15087 | N134: 통4-3-1
B136: UTP케이블 포설 | C136: CAT.5 4Pr, 4열 | D136: 4열동시 : 3400% | E136: m | F136: 통신케이블공 | G136: 0.015 | H136: 3.4 | I136: 1 | J136: 1 | K136: =VLOOKUP(F136,'8-5.2025하노임'!$A$6:$G$47,6,0) -> 386848.44 | L136: =INT(G136*H136*I136*J136*K136) -> 19729 | M136: =SUM(L136) -> 19729 | N136: 통4-3-1
A138: 품1-9. | B138: 후렉시블전선관 시설 | C138: 금속가요전선관 22㎜ | D138: 천정속,마루밑 공사 : 130% | E138: m | F138: 통신내선공 | G138: 0.059 | H138: 1.3 | I138: 1 | J138: 1 | K138: =VLOOKUP(F138,'8-5.2025하노임'!$A$6:$G$47,6,0) -> 248856.63 | L138: =INT(G138*H138*I138*J138*K138) -> 19087 | M138: =SUM(L138) -> 19087 | N138: 통3-1-1
A140: 공구손료용 | B140: 후렉시블전선관 시설 | D140: 천정속,마루밑 공사 : 130% | E140: m | F140: 통신내선공 | G140: 0.059 | H140: 1 | I140: 1 | J140: 1 | K140: =VLOOKUP(F140,'8-5.2025하노임'!$A$6:$G$47,6,0) -> 248856.63 | L140: =INT(G140*H140*I140*J140*K140) -> 14682 | M140: =SUM(L140) -> 14682 | N140: 통3-1-1
A142: 품1-10. | B142: 후렉시블전선관 시설 | C142: 금속가요전선관 16㎜ | D142: 천정속,마루밑 공사 : 130% | E142: m | F142: 통신내선공 | G142: 0.044 | H142: 1.3 | I142: 1 | J142: 1 | K142: =VLOOKUP(F142,'8-5.2025하노임'!$A$6:$G$47,6,0) -> 248856.63 | L142: =INT(G142*H142*I142*J142*K142) -> 14234 | M142: =SUM(L142) -> 14234 | N142: 통3-1-1
A144: 공구손료용 | B144: 후렉시블전선관 시설 | D144: 천정속,마루밑 공사 : 130% | E144: m | F144: 통신내선공 | G144: 0.044 | H144: 1 | I144: 1 | J144: 1 | K144: =VLOOKUP(F144,'8-5.2025하노임'!$A$6:$G$47,6,0) -> 248856.63 | L144: =INT(G144*H144*I144*J144*K144) -> 10949 | M144: =SUM(L144) -> 10949 | N144: 통3-1-1
A146: 품1-11. | B146: 접지선 포설 | C146: 10㎟ 이하 | D146: 옥내포설 : 150% | E146: m | F146: 통신내선공 | G146: 0.01 | H146: 1.5 | I146: 1 | J146: 1 | K146: =VLOOKUP(F146,'8-5.2025하노임'!$A$6:$G$47,6,0) -> 248856.63 | L146: =INT(G146*H146*I146*J146*K146) -> 3732 | M146: =SUM(L146) -> 3732 | N146: 통품11-5-1 해8
A148: 공구손료용 | B148: 접지선 포설 | D148: 옥내포설 : 150% | E148: m | F148: 통신내선공 | G148: 0.01 | H148: 1 | I148: 1 | J148: 1 | K148: =VLOOKUP(F148,'8-5.2025하노임'!$A$6:$G$47,6,0) -> 248856.63 | L148: =INT(G148*H148*I148*J148*K148) -> 2488 | M148: =SUM(L148) -> 2488 | N148: 통품11-5-1 해8
A150: 품1-12. | B150: 접지선 접속 | C150: 압착단자 | E150: 개 | F150: 통신내선공 | G150: 0.03 | H150: 1 | I150: 1 | J150: 1 | K150: =VLOOKUP(F150,'8-5.2025하노임'!$A$6:$G$47,6,0) -> 248856.63 | L150: =INT(G150*H150*I150*J150*K150) -> 7465 | M150: =SUM(L150) -> 7465 | N150: 통11-5-1
A152: 품1-13. | B152: 케이블 심선성단 및 수용 | C152: 케이블 심선성단 및 수용 | E152: 단자 | F152: 통신설비공 | G152: 0.004 | H152: 1 | I152: 1 | J152: 1 | K152: =VLOOKUP(F152,'8-5.2025하노임'!$A$6:$G$47,6,0) -> 276216.15 | L152: =INT(G152*H152*I152*J152*K152) -> 1104 | M152: =SUM(L152:L153) -> 1254 | N152: 통6-1-1
F153: 보통인부 | G153: 0.001 | H153: 1 | I153: 1 | J153: 1 | K153: =VLOOKUP(F153,'8-5.2025하노임'!$A$6:$G$47,6,0) -> 150079.84 | L153: =INT(G153*H153*I153*J153*K153) -> 150
A155: 품1-14. | B155: 케이블 도통점검 | C155: 케이블 도통점검 | E155: 단자 | F155: 통신케이블공 | G155: 0.0026 | H155: 1 | I155: 1 | J155: 1 | K155: =VLOOKUP(F155,'8-5.2025하노임'!$A$6:$G$47,6,0) -> 386848.44 | L155: =INT(G155*H155*I155*J155*K155) -> 1005 | M155: =SUM(L155:L155) -> 1005 | N155: 통6-1-1
A157: 품1-32. | B157: 단자블럭 설치 | C157: 블럭단자, QDF 10P | E157: 개 | F157: 통신설비공 | G157: 0.035 | H157: 1 | I157: 1 | J157: 1 | K157: =VLOOKUP(F157,'8-5.2025하노임'!$A$6:$G$47,6,0) -> 276216.15 | L157: =INT(G157*H157*I157*J157*K157) -> 9667 | M157: =SUM(L157:L158) -> 11618 | N157: 통5-1-1
F158: 보통인부 | G158: 0.013 | H158: 1 | I158: 1 | J158: 1 | K158: =VLOOKUP(F158,'8-5.2025하노임'!$A$6:$G$47,6,0) -> 150079.84 | L158: =INT(G158*H158*I158*J158*K158) -> 1951
A160: 품1-33. | B160: 콘센트 설치 | C160: 노출 접지 2구 | D160: 노출은 120% | E160: 개 | F160: 내선전공 | G160: 0.08 | H160: 1.2 | I160: 1 | J160: 1 | K160: =VLOOKUP(F160,'8-5.2025하노임'!$A$6:$G$47,6,0) -> 240022.27 | L160: =INT(G160*H160*I160*J160*K160) -> 23042 | M160: =SUM(L160:L160) -> 23042 | N160: 전5-23 1.
...

Sheet 8-5.2025하노임
A1: 8-5. 2025년도 하반기 시중노무임
A3: =표지!A13 -> 공사명 : 동해안#1 변환소 전력통신설비 시설공사
A4: 직종분류 | F4: 2025년도 적용노임 [하반기] | G4: 비 고
B5: '24년하반기 시중노임 ('24.09 발표) | C5: '25년상반기 시중노임 ('25.01 발표) | D5: '25년하반기 시중노임 ('25.09 발표) | E5: 시중노임 변동률(%) | J5: 0.87747
A6: 1. 일반공사직종
A7: 보통인부 | B7: 167081 | C7: 169804 | D7: 171037 | E7: =ROUND((D7-C7)/C7, 4) -> 0.0073 | F7: =I7*$J$5 -> 150079.84 | I7: 171037
A8: 특별인부 | B8: 219321 | C8: 221506 | D8: 224490 | E8: =ROUND((D8-C8)/C8, 4) -> 0.0135 | F8: =I8*$J$5 -> 196983.24 | I8: 224490
A9: 비계공 | B9: 282352 | C9: 279433 | D9: 279613 | E9: =ROUND((D9-C9)/C9, 4) -> 0.0006 | F9: =I9*$J$5 -> 245352.02 | I9: 279613
A10: 콘크리트공 | B10: 264080 | C10: 266361 | D10: 271064 | E10: =ROUND((D10-C10)/C10, 4) -> 0.0177 | F10: =I10*$J$5 -> 237850.53 | I10: 271064
A11: 착암공 | B11: 212500 | C11: 220081 | D11: 220354 | E11: =ROUND((D11-C11)/C11, 4) -> 0.0012 | F11: =I11*$J$5 -> 193354.02 | I11: 220354
A12: 방수공 | B12: 219996 | C12: 220722 | D12: 226204 | E12: =ROUND((D12-C12)/C12, 4) -> 0.0248 | F12: =I12*$J$5 -> 198487.22 | I12: 226204
A13: 미장공 | B13: 274502 | C13: 272354 | D13: 278998 | E13: =ROUND((D13-C13)/C13, 4) -> 0.0244 | F13: =I13*$J$5 -> 244812.38 | I13: 278998
A14: 내장공 | B14: 245524 | C14: 252249 | D14: 255231 | E14: =ROUND((D14-C14)/C14, 4) -> 0.0118 | F14: =I14*$J$5 -> 223957.55 | I14: 255231
A15: 배관공 | B15: 229664 | C15: 238145 | D15: 239439 | E15: =ROUND((D15-C15)/C15, 4) -> 0.0054 | F15: =I15*$J$5 -> 210100.54 | I15: 239439
A16: 화물차운전사 | B16: 233960 | C16: 237500 | D16: 240685 | E16: =ROUND((D16-C16)/C16, 4) -> 0.0134 | F16: =I16*$J$5 -> 211193.87 | I16: 240685
A17: 기계설비공 | B17: 242281 | C17: 237652 | D17: 241550 | E17: =ROUND((D17-C17)/C17, 4) -> 0.0164 | F17: =I17*$J$5 -> 211952.88 | G17: 구)기계설치공 | I17: 241550
A18: 플랜트기계설치공 | B18: 238910 | C18: 236640 | D18: 238846 | E18: =ROUND((D18-C18)/C18, 4) -> 0.0093 | F18: =I18*$J$5 -> 209580.2 | I18: 238846
A19: 지적기사 | B19: 256260 | C19: 263991 | D19: 274286 | E19: =ROUND((D19-C19)/C19, 4) -> 0.039 | F19: =I19*$J$5 -> 240677.74 | I19: 274286
A20: 지적산업기사 | B20: 234723 | C20: 236718 | D20: 242724 | E20: =ROUND((D20-C20)/C20, 4) -> 0.0254 | F20: =I20*$J$5 -> 212983.03 | I20: 242724
A21: 지적기능사 | B21: 185830 | C21: 181822 | D21: 180875 | E21: =ROUND((D21-C21)/C21, 4) -> -0.0052 | F21: =I21*$J$5 -> 158712.39 | I21: 180875
A22: 내선전공 | B22: 272860 | C22: 268915 | D22: 273539 | E22: =ROUND((D22-C22)/C22, 4) -> 0.0172 | F22: =I22*$J$5 -> 240022.27 | I22: 273539
A23: 특고압케이블전공 | B23: 414989 | C23: 436458 | D23: 439248 | E23: =ROUND((D23-C23)/C23, 4) -> 0.0064 | F23: =I23*$J$5 -> 385426.94 | I23: 439248
A24: 고압케이블전공 | B24: 354400 | C24: 370529 | D24: 372997 | E24: =ROUND((D24-C24)/C24, 4) -> 0.0067 | F24: =I24*$J$5 -> 327293.68 | I24: 372997
A25: 저압케이블전공 | B25: 301374 | C25: 300337 | D25: 303632 | E25: =ROUND((D25-C25)/C25, 4) -> 0.011 | F25: =I25*$J$5 -> 266427.97 | I25: 303632
A26: 송전전공 | B26: 621630 | C26: 627960 | D26: 637453 | E26: =ROUND((D26-C26)/C26, 4) -> 0.0151 | F26: =I26*$J$5 -> 559345.88 | I26: 637453
A27: 배전전공 | B27: 402995 | C27: 408559 | D27: 413173 | E27: =ROUND((D27-C27)/C27, 4) -> 0.0113 | F27: =I27*$J$5 -> 362546.91 | I27: 413173
A28: 플랜트전공 | B28: 262536 | C28: 266062 | D28: 271800 | E28: =ROUND((D28-C28)/C28, 4) -> 0.0216 | F28: =I28*$J$5 -> 238496.35 | I28: 271800
A29: 계장공 | B29: 310890 | C29: 315484 | D29: 318902 | E29: =ROUND((D29-C29)/C29, 4) -> 0.0108 | F29: =I29*$J$5 -> 279826.94 | I29: 318902
... A34: 무선안테나공 | B34: 347927 | C34: 350908 | D34: 354977 | E34: =ROUND((D34-C34)/C34, 4) -> 0.0116 | F34: =I34*$J$5 -> 311481.67 | I34: 354977
A35: 노임변동율평균 | E35: =AVERAGE(E7:E34) -> 0.013435714 | F35: =I35*$J$5 -> 0
A36: 2. 광전자직종 | F36: =I36*$J$5 -> 0
A37: 광케이블설치사 | B37: 455593 | C37: 460429 | D37: 467653 | E37: =ROUND((D37-C37)/C37, 4) -> 0.0157 | F37: =I37*$J$5 -> 410351.48 | I37: 467653
A38: H/W시험사 | B38: 381052 | C38: 384609 | D38: 390048 | E38: =ROUND((D38-C38)/C38, 4) -> 0.0141 | F38: =I38*$J$5 -> 342255.42 | I38: 390048
A39: S/W시험사 | B39: 444532 | C39: 445000 | D39: 446000 | E39: =ROUND((D39-C39)/C39, 4) -> 0.0022 | F39: =I39*$J$5 -> 391351.62 | I39: 446000
A40: 노임변동율평균 | E40: =AVERAGE(E37:E39) -> 0.010666667 | F40: =I40*$J$5 -> 0
A41: 3. 기타직종 | F41: =I41*$J$5 -> 0
A42: 통신관련기사 | B42: 315804 | C42: 316183 | D42: 318479 | E42: =ROUND((D42-C42)/C42, 4) -> 0.0073 | F42: =I42*$J$5 -> 279455.77 | I42: 318479
A43: 통신관련산업기사 | B43: 296036 | C43: 297137 | D43: 303262 | E43: =ROUND((D43-C43)/C43, 4) -> 0.0206 | F43: =I43*$J$5 -> 266103.31 | I43: 303262
A44: 통신관련기능사 | B44: 243776 | C44: 244717 | D44: 249360 | E44: =ROUND((D44-C44)/C44, 4) -> 0.019 | F44: =I44*$J$5 -> 218805.92 | I44: 249360
A45: 전기공사기사 | B45: 322514 | C45: 327381 | D45: 333866 | E45: =ROUND((D45-C45)/C45, 4) -> 0.0198 | F45: =I45*$J$5 -> 292957.4 | I45: 333866
A46: 노임변동율평균 | E46: =AVERAGE(E42:E45) -> 0.016675
F49: =SUM(F7:F48) -> 9587578.6

Sheet 8-6.자재단가비교표
A2: 8-6. 자재단가 비교표
A3: =표지!A13 -> 공사명 : 동해안#1 변환소 전력통신설비 시설공사 | R3: 0.87747
A4: No. | B4: 품 명 | C4: 규 격 | D4: 단위 | E4: 사급자재 | G4: 지입자재 | N4: 적용단가 | O4: 비고
E5: ERP단가 (계약이전) | F5: 계약금액 (단가계약 품목포함) | G5: 물가자료(25.08) | I5: 물가정보(25.08) | K5: 견적가
G6: 가 격 | H6: 페이지 | I6: 가 격 | J6: 페이지 | K6: A사 | L6: B사 | M6: C사
A7: 1. 송변전용광단말
A8: ='8-1.설비자재산출(전력통신)'!B7 -> 126546 | B8: ='8-1.설비자재산출(전력통신)'!C7 -> 주셀프 | C8: ='8-1.설비자재산출(전력통신)'!D7 -> MAIN-S | D8: ='8-1.설비자재산출(전력통신)'!I7 -> EA | E8: 3690187 | K8: 3800000 | L8: 3990000 | N8: =R8*$R$3 -> 3238028.4 | O8: ERP단가 | P8: 0 | R8: 3690187
A9: ='8-1.설비자재산출(전력통신)'!B8 -> 126547 | B9: ='8-1.설비자재산출(전력통신)'!C8 -> 확장셀프 | C9: ='8-1.설비자재산출(전력통신)'!D8 -> EXT-S | D9: ='8-1.설비자재산출(전력통신)'!I8 -> EA | E9: 3414455 | N9: =R9*$R$3 -> 2996081.8 | O9: ERP단가 | P9: 0 | R9: 3414455
A10: ='8-1.설비자재산출(전력통신)'!B9 -> 126548 | B10: ='8-1.설비자재산출(전력통신)'!C9 -> 광전송유니트(A) | C10: ='8-1.설비자재산출(전력통신)'!D9 -> CTRU(A) | D10: ='8-1.설비자재산출(전력통신)'!I9 -> EA | E10: 17669568 | K10: 18250000 | L10: 75520000 | N10: =R10*$R$3 -> 15504516 | O10: ERP단가 | P10: 0 | R10: 17669568
A11: ='8-1.설비자재산출(전력통신)'!B10 -> 126549 | B11: ='8-1.설비자재산출(전력통신)'!C10 -> 광전송유니트(B) | C11: ='8-1.설비자재산출(전력통신)'!D10 -> CTRU(B) | D11: ='8-1.설비자재산출(전력통신)'!I10 -> 대 | E11: 18195150 | N11: =R11*$R$3 -> 15965698 | O11: ERP단가 | P11: 0 | R11: 18195150
A12: ='8-1.설비자재산출(전력통신)'!B11 -> 126550 | B12: ='8-1.설비자재산출(전력통신)'!C11 -> 광전송유니트(C) | C12: ='8-1.설비자재산출(전력통신)'!D11 -> CTRU(C) | D12: ='8-1.설비자재산출(전력통신)'!I11 -> EA | E12: 21757464 | K12: 23000000 | L12: 23650000 | N12: =R12*$R$3 -> 19091522 | O12: ERP단가 | P12: 0 | R12: 21757464
A13: ='8-1.설비자재산출(전력통신)'!B12 -> 126551 | B13: ='8-1.설비자재산출(전력통신)'!C12 -> 제어유니트 | C13: ='8-1.설비자재산출(전력통신)'!D12 -> MCU | D13: ='8-1.설비자재산출(전력통신)'!I12 -> EA | E13: 2632123 | K13: 2700000 | L13: 2840000 | N13: =R13*$R$3 -> 2309609 | O13: ERP단가 | P13: 0 | R13: 2632123
A14: ='8-1.설비자재산출(전력통신)'!B13 -> 126552 | B14: ='8-1.설비자재산출(전력통신)'!C13 -> DS-1/E 회선유니트 | C14: ='8-1.설비자재산출(전력통신)'!D13 -> LIU | D14: ='8-1.설비자재산출(전력통신)'!I13 -> EA | E14: 3293935 | K14: 3500000 | L14: 3560000 | N14: =R14*$R$3 -> 2890329.1 | O14: ERP단가 | P14: 0 | R14: 3293935
A15: ='8-1.설비자재산출(전력통신)'!B14 -> 126553 | B15: ='8-1.설비자재산출(전력통신)'!C14 -> 계통보호 회선유니트 | C15: ='8-1.설비자재산출(전력통신)'!D14 -> PIU | D15: ='8-1.설비자재산출(전력통신)'!I14 -> EA | N15: =R15*$R$3 -> 0 | O15: ERP단가 | P15: 0 | R15: 0
A16: ='8-1.설비자재산출(전력통신)'!B15 -> 126554 | B16: ='8-1.설비자재산출(전력통신)'!C15 -> 확장셀프 데이터 집선유니트 | C16: ='8-1.설비자재산출(전력통신)'!D15 -> ECU | D16: ='8-1.설비자재산출(전력통신)'!I15 -> EA | E16: 1853969 | N16: =R16*$R$3 -> 1626802.2 | O16: ERP단가 | P16: 0 | R16: 1853969
A17: ='8-1.설비자재산출(전력통신)'!B16 -> 127955 | B17: ='8-1.설비자재산출(전력통신)'!C16 -> 채널급 유니트 | C17: ='8-1.설비자재산출(전력통신)'!D16 -> 4W E&M | D17: ='8-1.설비자재산출(전력통신)'!I16 -> EA | E17: 2618713 | N17: =R17*$R$3 -> 2297842.1 | O17: ERP단가 | R17: 2618713
A18: ='8-1.설비자재산출(전력통신)'!B17 -> 126555 | B18: ='8-1.설비자재산출(전력통신)'!C17 -> P-to-P(A) 광전송장치 | C18: ='8-1.설비자재산출(전력통신)'!D17 -> PTPU(A) | D18: ='8-1.설비자재산출(전력통신)'!I17 -> EA | E18: 3906362 | N18: =R18*$R$3 -> 3427715.5 | O18: ERP단가 | P18: 0 | R18: 3906362
A19: ='8-1.설비자재산출(전력통신)'!B18 -> 126556 | B19: ='8-1.설비자재산출(전력통신)'!C18 -> P-to-P(B) 광전송장치 | C19: ='8-1.설비자재산출(전력통신)'!D18 -> PTPU(B) | D19: ='8-1.설비자재산출(전력통신)'!I18 -> EA | E19: 4556334 | N19: =R19*$R$3 -> 3998046.4 | O19: ERP단가 | P19: 0 | R19: 4556334
A20: ='8-1.설비자재산출(전력통신)'!B19 -> 126557 | B20: ='8-1.설비자재산출(전력통신)'!C19 -> P-to-P(C) 광전송장치 | C20: ='8-1.설비자재산출(전력통신)'!D19 -> PTPU(C) | D20: ='8-1.설비자재산출(전력통신)'!I19 -> EA | E20: 5429475 | K20: 5500000 | L20: 5670000 | N20: =R20*$R$3 -> 4764201.4 | O20: ERP단가 | P20: 0 | R20: 5429475
A21: ='8-1.설비자재산출(전력통신)'!B20 -> 126558 | B21: ='8-1.설비자재산출(전력통신)'!C20 -> 전용랙(내진) | C21: ='8-1.설비자재산출(전력통신)'!D20 -> 19"-내진랙 | D21: ='8-1.설비자재산출(전력통신)'!I20 -> EA | E21: 6821881 | K21: 7200000 | L21: 7340000 | N21: =R21*$R$3 -> 5985995.9 | O21: ERP단가 | P21: 0 | R21: 6821881
A22: ='8-1.설비자재산출(전력통신)'!B21 -> 120544 | B22: ='8-1.설비자재산출(전력통신)'!C21 -> 챔프케이블(송광치) | C22: ='8-1.설비자재산출(전력통신)'!D21 -> CH-SM-15(송광치) | D22: ='8-1.설비자재산출(전력통신)'!I21 -> EA | E22: 108106 | K22: 127000 | L22: 135000 | N22: =R22*$R$3 -> 94859.772 | O22: ERP단가 | P22: 0 | R22: 108106
A23: ='8-1.설비자재산출(전력통신)'!B22 -> 120669 | B23: ='8-1.설비자재산출(전력통신)'!C22 -> 집중배선반 | C23: ='8-1.설비자재산출(전력통신)'!D22 -> QDF | D23: ='8-1.설비자재산출(전력통신)'!I22 -> EA | E23: 163945 | K23: 312000 | L23: 340000 | N23: =R23*$R$3 -> 143856.82 | O23: ERP단가 | P23: 0 | R23: 163945
A24: ='8-1.설비자재산출(전력통신)'!B23 -> 109725 | B24: ='8-1.설비자재산출(전력통신)'!C23 -> 중간배선반 | C24: ='8-1.설비자재산출(전력통신)'!D23 -> IDF | D24: ='8-1.설비자재산출(전력통신)'!I23 -> EA | E24: 125286 | N24: =R24*$R$3 -> 109934.71 | O24: ERP단가 | P24: 0 | R24: 125286
A25: ='8-1.설비자재산출(전력통신)'!B24 -> 127037 | B25: ='8-1.설비자재산출(전력통신)'!C24 -> 송변전용스위치(A) | C25: ='8-1.설비자재산출(전력통신)'!D24 -> L3SWU(A) | D25: ='8-1.설비자재산출(전력통신)'!I24 -> EA | E25: 4136787 | K25: 4000000 | L25: 4430000 | N25: =R25*$R$3 -> 3509880 | O25: ERP단가 | P25: 0 | R25: 4000000
A26: ='8-1.설비자재산출(전력통신)'!B26 -> 127038 | B26: ='8-1.설비자재산출(전력통신)'!C26 -> 송변전용스위치(B) | C26: ='8-1.설비자재산출(전력통신)'!D26 -> L3SWU(B) IRIG-B신호 수신 | D26: ='8-1.설비자재산출(전력통신)'!I26 -> EA | K26: 4500000 | L26: 4940000 | N26: =R26*$R$3 -> 3948615 | O26: 견적가 | P26: 0 | R26: 4500000
A27: ='8-1.설비자재산출(전력통신)'!B27 -> 124668 | B27: ='8-1.설비자재산출(전력통신)'!C27 -> 통합단말 부속장비 | C27: ='8-1.설비자재산출(전력통신)'!D27 -> PTPU(A), 40km | D27: ='8-1.설비자재산출(전력통신)'!I27 -> EA | N27: =R27*$R$3 -> 0 | P27: 0 | R27: 0
A28: ='8-1.설비자재산출(전력통신)'!B28 -> 124669 | B28: ='8-1.설비자재산출(전력통신)'!C28 -> 통합단말 부속장비 | C28: ='8-1.설비자재산출(전력통신)'!D28 -> PTPU(B), 100km | D28: ='8-1.설비자재산출(전력통신)'!I28 -> EA | N28: =R28*$R$3 -> 0 | P28: 0 | R28: 0
A29: ='8-1.설비자재산출(전력통신)'!B29 -> 109726 | B29: ='8-1.설비자재산출(전력통신)'!C29 -> 통화로분선반 | C29: ='8-1.설비자재산출(전력통신)'!D29 -> VDF | D29: ='8-1.설비자재산출(전력통신)'!I29 -> EA | K29: 1200000 | L29: 1090000 | N29: =R29*$R$3 -> 956442.3 | O29: 견적가 | P29: 0 | R29: 1090000
A30: ='8-1.설비자재산출(전력통신)'!B30 -> 120544 | B30: ='8-1.설비자재산출(전력통신)'!C30 -> 챔프케이블(구형 PTP) | C30: ='8-1.설비자재산출(전력통신)'!D30 -> CH-SM-15(구형 PTP) | D30: ='8-1.설비자재산출(전력통신)'!I30 -> EA | N30: =R30*$R$3 -> 0 | R30: 0
A31: ='8-1.설비자재산출(전력통신)'!B31 -> 120543 | B31: ='8-1.설비자재산출(전력통신)'!C31 -> LIU-DS | C31: ='8-1.설비자재산출(전력통신)'!D31 -> LIU-DS | D31: ='8-1.설비자재산출(전력통신)'!I31 -> EA | N31: =R31*$R$3 -> 0 | P31: 0 | R31: 0
B32: ='8-1.설비자재산출(전력통신)'!C32 -> 컨테이너 | C32: ='8-1.설비자재산출(전력통신)'!D32 -> ICT실용, 냉방기, 단열재, 운송 설치 포함 | D32: ='8-1.설비자재산출(전력통신)'!I32 -> EA | K32: 30242082 | L32: 34300000 | N32: =R32*$R$3 -> 26536520 | O32: 견적가 | R32: 30242082
B33: ='8-1.설비자재산출(전력통신)'!C25 -> 광증폭기 | C33: ='8-1.설비자재산출(전력통신)'!D25 -> 8CH | D33: ='8-1.설비자재산출(전력통신)'!I25 -> EA | K33: 25000000 | L33: 26000000 | N33: =R33*$R$3 -> 21936750 | O33: 견적가 | R33: 25000000
B34: ='8-1.설비자재산출(전력통신)'!C33 -> 난연성제어케이블 | C34: ='8-1.설비자재산출(전력통신)'!D33 -> FR-CVV-S, 6SQ/2C | D34: ='8-1.설비자재산출(전력통신)'!I33 -> m | K34: 5080 | L34: 5440 | N34: =R34*$R$3 -> 4457.5476 | O34: 견적가 | R34: 5080
B35: ='8-1.설비자재산출(전력통신)'!C34 -> 난연성제어케이블 | C35: ='8-1.설비자재산출(전력통신)'!D34 -> FR-CVV-S, 6SQ/2C | D35: ='8-1.설비자재산출(전력통신)'!I34 -> m | K35: 5080 | L35: 5440 | N35: =R35*$R$3 -> 4457.5476 | O35: 견적가 | R35: 5080
B36: ='8-1.설비자재산출(전력통신)'!C35 -> 난연성제어케이블 | C36: ='8-1.설비자재산출(전력통신)'!D35 -> FR-CVV-S, 6SQ/2C | D36: ='8-1.설비자재산출(전력통신)'!I35 -> m | K36: 5080 | L36: 5440 | N36: =R36*$R$3 -> 4457.5476 | O36: 견적가 | R36: 5080
B37: ='8-1.설비자재산출(전력통신)'!C44 -> 접지케이블 | C37: ='8-1.설비자재산출(전력통신)'!D44 -> F-GV, 6SQ | D37: ='8-1.설비자재산출(전력통신)'!I44 -> m | G37: 1567 | H37: 1075 | I37: 1290 | J37: 1165 | K37: 1230 | L37: 1320 | M37: 1277 | N37: =R37*$R$3 -> 1079.2881 | O37: 물가정보 | R37: 1230
B38: ='8-1.설비자재산출(전력통신)'!C36 -> 광점퍼코드 | C38: ='8-1.설비자재산출(전력통신)'!D36 -> SC/APC-SC/APC, 15m, 1C | D38: ='8-1.설비자재산출(전력통신)'!I36 -> EA | K38: 15000 | L38: 17000 | N38: =R38*$R$3 -> 13162.05 | R38: 15000
B39: ='8-1.설비자재산출(전력통신)'!C37 -> UTP케이블 | C39: ='8-1.설비자재산출(전력통신)'!D37 -> UTP CAT.5E 100P | D39: ='8-1.설비자재산출(전력통신)'!I37 -> m | N39: =R39*$R$3 -> 0 | R39: 0
B40: ='8-1.설비자재산출(전력통신)'!C38 -> UTP케이블 | C40: ='8-1.설비자재산출(전력통신)'!D38 -> UTP CAT.5E 25P | D40: ='8-1.설비자재산출(전력통신)'!I38 -> m | N40: =R40*$R$3 -> 0 | R40: 0
B41: ='8-1.설비자재산출(전력통신)'!C39 -> UTP케이블 | C41: ='8-1.설비자재산출(전력통신)'!D39 -> CAT.5E 4P | D41: ='8-1.설비자재산출(전력통신)'!I39 -> m | G41: 790 | H41: 1083 | I41: 1100 | J41: 1177 | K41: 790 | L41: 800 | N41: =R41*$R$3 -> 693.2013 | O41: 물가자료 | R41: 790
B42: ='8-1.설비자재산출(전력통신)'!C40 -> UTP케이블 | C42: ='8-1.설비자재산출(전력통신)'!D40 -> CAT.5E 4P | D42: ='8-1.설비자재산출(전력통신)'!I40 -> m | G42: 790 | H42: 1083 | I42: 1100 | J42: 1177 | K42: 790 | L42: 800 | N42: =R42*$R$3 -> 693.2013 | O42: 물가자료 | R42: 790
B43: ='8-1.설비자재산출(전력통신)'!C41 -> 후렉시블전선관 | C43: ='8-1.설비자재산출(전력통신)'!D41 -> 22㎜, 일반방수(GW-22) | D43: ='8-1.설비자재산출(전력통신)'!I41 -> m | G43: 2880 | H43: 1103 | I43: 935 | J43: 1204 | K43: 3250 | L43: 3550 | N43: =R43*$R$3 -> 820.43445 | O43: 물가자료 | R43: 935
B44: ='8-1.설비자재산출(전력통신)'!C42 -> 후렉시블전선관 | C44: ='8-1.설비자재산출(전력통신)'!D42 -> 16㎜, 일반방수(GW-16) | D44: ='8-1.설비자재산출(전력통신)'!I42 -> m | G44: 2260 | H44: 1141 | N44: =R44*$R$3 -> 1983.0822 | R44: 2260
B45: ='8-1.설비자재산출(전력통신)'!C43 -> 후렉시블전선관 | C45: ='8-1.설비자재산출(전력통신)'!D43 -> 16㎜, 일반방수(GW-16) | D45: ='8-1.설비자재산출(전력통신)'!I43 -> m | G45: 2260 | H45: 1103 | I45: 715 | J45: 1204 | N45: =R45*$R$3 -> 627.39105 | O45: 물가자료 | R45: 715
B46: ='8-1.설비자재산출(전력통신)'!C45 -> 19" RACK(경하중/내진) | C46: ='8-1.설비자재산출(전력통신)'!D45 -> 19"-단자대 내진랙 | D46: ='8-1.설비자재산출(전력통신)'!I45 -> 대 | E46: 2019739 | L46: 2940000 | M46: 3020000 | N46: =R46*$R$3 -> 1772260.4 | O46: 견적가 | R46: 2019739
B47: ='8-1.설비자재산출(전력통신)'!C46 -> 광OFD | C47: ='8-1.설비자재산출(전력통신)'!D46 -> 3U, ST-24C | D47: ='8-1.설비자재산출(전력통신)'!I46 -> EA | N47: =R47*$R$3 -> 0 | O47: ='8-1.설비자재산출(전력통신)'!N46 -> 0 | R47: 0
B48: ='8-1.설비자재산출(전력통신)'!C47 -> 광점퍼케이블 | C48: ='8-1.설비자재산출(전력통신)'!D47 -> OJC-MM 4C, ST-ST, 3M | D48: ='8-1.설비자재산출(전력통신)'!I47 -> EA | N48: =R48*$R$3 -> 0 | O48: ='8-1.설비자재산출(전력통신)'!N47 -> 0 | R48: 0
B49: ='8-1.설비자재산출(전력통신)'!C48 -> 광감쇄기 | C49: ='8-1.설비자재산출(전력통신)'!D48 -> SM-SC/PC 10dB | D49: ='8-1.설비자재산출(전력통신)'!I48 -> EA | K49: 15000 | L49: 20000 | M49: 14000 | N49: =R49*$R$3 -> 12284.58 | O49: 견적가 | R49: 14000
B50: ='8-1.설비자재산출(전력통신)'!C49 -> 블럭단자(레핑) | C50: ='8-1.설비자재산출(전력통신)'!D49 -> 6*30 | D50: ='8-1.설비자재산출(전력통신)'!I49 -> EA | N50: =R50*$R$3 -> 0 | O50: ='8-1.설비자재산출(전력통신)'!N49 -> 0 | R50: 0
B51: ='8-1.설비자재산출(전력통신)'!C50 -> QDF 단자대 | C51: ='8-1.설비자재산출(전력통신)'!D50 -> 60P, 19"랙 실장용 | D51: ='8-1.설비자재산출(전력통신)'!I50 -> EA | N51: =R51*$R$3 -> 0 | O51: ='8-1.설비자재산출(전력통신)'!N50 -> 0 | R51: 0
B52: ='8-1.설비자재산출(전력통신)'!C51 -> QDF | C52: ='8-1.설비자재산출(전력통신)'!D51 -> 10P | D52: ='8-1.설비자재산출(전력통신)'!I51 -> EA | N52: =R52*$R$3 -> 0 | O52: ='8-1.설비자재산출(전력통신)'!N51 -> 0 | R52: 0
B53: ='8-1.설비자재산출(전력통신)'!C52 -> PIU IDF | C53: ='8-1.설비자재산출(전력통신)'!D52 -> 2CH, 1U, 19"랙 실장, LINE LOOP기능 | D53: ='8-1.설비자재산출(전력통신)'!I52 -> EA | N53: =R53*$R$3 -> 0 | O53: ='8-1.설비자재산출(전력통신)'!N52 -> 0 | R53: 0
B54: ='8-1.설비자재산출(전력통신)'!C53 -> 난연성제어케이블 | C54: ='8-1.설비자재산출(전력통신)'!D53 -> FR-CVV-S, 1.5SQ/4C | D54: ='8-1.설비자재산출(전력통신)'!I53 -> m | N54: =R54*$R$3 -> 0 | O54: ='8-1.설비자재산출(전력통신)'!N53 -> 0 | R54: 0
B55: ='8-1.설비자재산출(전력통신)'!C54 -> 난연성제어케이블 | C55: ='8-1.설비자재산출(전력통신)'!D54 -> FR-CVV-S, 1.5SQ/2C | D55: ='8-1.설비자재산출(전력통신)'!I54 -> m | N55: =R55*$R$3 -> 0 | O55: ='8-1.설비자재산출(전력통신)'!N54 -> 0 | R55: 0
B56: ='8-1.설비자재산출(전력통신)'!C55 -> 광케이블 | C56: ='8-1.설비자재산출(전력통신)'!D55 -> FOFC-MM-48C | D56: ='8-1.설비자재산출(전력통신)'!I55 -> m | N56: =R56*$R$3 -> 0 | O56: ='8-1.설비자재산출(전력통신)'!N55 -> 0 | R56: 0
B57: ='8-1.설비자재산출(전력통신)'!C56 -> 광점퍼코드(B/O) | C57: ='8-1.설비자재산출(전력통신)'!D56 -> ST(SC)-ST -MM-4C | D57: ='8-1.설비자재산출(전력통신)'!I56 -> m | N57: =R57*$R$3 -> 0 | O57: ='8-1.설비자재산출(전력통신)'!N56 -> 0 | R57: 0
B58: ='8-1.설비자재산출(전력통신)'!C57 -> 광점퍼코드(B/O) | C58: ='8-1.설비자재산출(전력통신)'!D57 -> ST-ST -MM-4C, 15m | D58: ='8-1.설비자재산출(전력통신)'!I57 -> 개 | N58: =R58*$R$3 -> 0 | O58: ='8-1.설비자재산출(전력통신)'!N57 -> 0 | R58: 0
B59: ='8-1.설비자재산출(전력통신)'!C58 -> 광점퍼코드(B/O) | C59: ='8-1.설비자재산출(전력통신)'!D58 -> ST-ST -MM-4C, 35m | D59: ='8-1.설비자재산출(전력통신)'!I58 -> 개 | N59: =R59*$R$3 -> 0 | O59: ='8-1.설비자재산출(전력통신)'!N58 -> 0 | R59: 0
B60: ='8-1.설비자재산출(전력통신)'!C59 -> 광점퍼코드(B/O) | C60: ='8-1.설비자재산출(전력통신)'!D59 -> ST-ST -MM-4C, 40m | D60: ='8-1.설비자재산출(전력통신)'!I59 -> 개 | N60: =R60*$R$3 -> 0 | O60: ='8-1.설비자재산출(전력통신)'!N59 -> 0 | R60: 0
B61: ='8-1.설비자재산출(전력통신)'!C60 -> 광점퍼코드(B/O) | C61: ='8-1.설비자재산출(전력통신)'!D60 -> ST-ST -MM-4C, 50m | D61: ='8-1.설비자재산출(전력통신)'!I60 -> 개 | N61: =R61*$R$3 -> 0 | O61: ='8-1.설비자재산출(전력통신)'!N60 -> 0 | R61: 0
... B82: ='8-1.설비자재산출(전력통신)'!C81 -> 이동형콘솔 | C82: ='8-1.설비자재산출(전력통신)'!D81 -> H970*360*550 | D82: ='8-1.설비자재산출(전력통신)'!I81 -> EA | N82: =R82*$R$3 -> 0 | O82: ='8-1.설비자재산출(전력통신)'!N81 -> 0 | R82: 0
B83: ='8-1.설비자재산출(전력통신)'!C82 -> 셋트앙카(STS) | C83: ='8-1.설비자재산출(전력통신)'!D82 -> Φ3/8, 75㎜ | D83: ='8-1.설비자재산출(전력통신)'!I82 -> EA | G83: 710 | H83: 53 | I83: 800 | J83: 1386 | N83: =R83*$R$3 -> 623.0037 | O83: 물가자료 | R83: 710
B84: ='8-1.설비자재산출(전력통신)'!C83 -> 전산볼트 | C84: ='8-1.설비자재산출(전력통신)'!D83 -> M10,철 | D84: ='8-1.설비자재산출(전력통신)'!I83 -> EA | N84: =R84*$R$3 -> 0 | O84: ='8-1.설비자재산출(전력통신)'!N83 -> 0 | R84: 0
B85: ='8-1.설비자재산출(전력통신)'!C84 -> 19" RACK(IDF/내진) | C85: ='8-1.설비자재산출(전력통신)'!D84 -> 경하중,IDF,내진, 600(W)*750(D)*2000(H) | D85: ='8-1.설비자재산출(전력통신)'!I84 -> EA | N85: =R85*$R$3 -> 0 | O85: ='8-1.설비자재산출(전력통신)'!N84 -> 0 | R85: 0
B86: ='8-1.설비자재산출(전력통신)'!C85 -> 내진가대 | C86: ='8-1.설비자재산출(전력통신)'!D85 -> 600*750*270-330 | D86: ='8-1.설비자재산출(전력통신)'!I85 -> EA | N86: =R86*$R$3 -> 0 | O86: ='8-1.설비자재산출(전력통신)'!N85 -> 0 | R86: 0
B87: ='8-1.설비자재산출(전력통신)'!C86 -> 바닥고정브라켓(평마루용) | C87: ='8-1.설비자재산출(전력통신)'!D86 -> 600*750*25 | D87: ='8-1.설비자재산출(전력통신)'!I86 -> EA | N87: =R87*$R$3 -> 0 | O87: ='8-1.설비자재산출(전력통신)'!N86 -> 0 | R87: 0
B88: ='8-1.설비자재산출(전력통신)'!C87 -> 랙명판 | C88: ='8-1.설비자재산출(전력통신)'!D87 -> AL,190*75*1t,헤어라인/검정색도색후 실크인쇄,후면 벨크로 | D88: ='8-1.설비자재산출(전력통신)'!I87 -> EA | K88: 38000 | L88: 35000 | N88: =R88*$R$3 -> 30711.45 | O88: 견적가 | R88: 35000
B89: ='8-1.설비자재산출(전력통신)'!C88 -> 콘센트 | C89: ='8-1.설비자재산출(전력통신)'!D88 -> 노출, 접지 2구 | D89: ='8-1.설비자재산출(전력통신)'!I88 -> EA | G89: 2880 | H89: 1205 | I89: 2898 | J89: 1280 | K89: 2000 | L89: 2000 | N89: =R89*$R$3 -> 1754.94 | O89: 물가자료 | R89: 2000
B90: ='8-1.설비자재산출(전력통신)'!C89 -> LAN Port Lock | C90: ='8-1.설비자재산출(전력통신)'!D89 -> Lan RJ-45 | D90: ='8-1.설비자재산출(전력통신)'!I89 -> EA | N90: =R90*$R$3 -> 0 | O90: 견적가 | R90: 0
B91: ='8-1.설비자재산출(전력통신)'!C90 -> LAN Port Lock 제거키 | C91: ='8-1.설비자재산출(전력통신)'!D90 -> 제거키(Removal Key) | D91: ='8-1.설비자재산출(전력통신)'!I90 -> EA | N91: =R91*$R$3 -> 0 | O91: 견적가 | R91: 0
B92: ='8-1.설비자재산출(전력통신)'!C91 -> DC/DC 컨버터 | C92: ='8-1.설비자재산출(전력통신)'!D91 -> 19", 1U, DC125/DC48V | D92: ='8-1.설비자재산출(전력통신)'!I91 -> 개 | K92: 1728000 | L92: 1831000 | N92: =R92*$R$3 -> 1516268.2 | O92: 견적가 | R92: 1728000
B93: ='8-1.설비자재산출(전력통신)'!C92 -> 통화로분선반 | C93: ='8-1.설비자재산출(전력통신)'!D92 -> VDF | D93: ='8-1.설비자재산출(전력통신)'!I92 -> EA | N93: =R93*$R$3 -> 0 | O93: ='8-1.설비자재산출(전력통신)'!N92 -> 0 | R93: 0
B94: ='8-1.설비자재산출(전력통신)'!C93 -> 잡자재 | C94: ='8-1.설비자재산출(전력통신)'!D93 -> 전선, 케이블 배관자재의 2~5% | D94: ='8-1.설비자재산출(전력통신)'!I93 -> 식 | N94: =R94*$R$3 -> 0
N95: =R95*$R$3 -> 0
A96: ='8-1.설비자재산출(전력통신)'!A95 -> 2. 전원설비 | N96: =R96*$R$3 -> 0
A97: ='8-1.설비자재산출(전력통신)'!B98 -> 127046 | B97: ='8-1.설비자재산출(전력통신)'!C98 -> UPS | C97: ='8-1.설비자재산출(전력통신)'!D98 -> 15kVA 입력 3상4선 출력 단상, 내진랙(19") | D97: ='8-1.설비자재산출(전력통신)'!I98 -> 대 | E97: 9597944 | K97: 15000000 | L97: 15500000 | N97: =R97*$R$3 -> 8421907.9 | O97: ERP단가 | R97: 9597944
A98: ='8-1.설비자재산출(전력통신)'!B99 -> 124375 | B98: ='8-1.설비자재산출(전력통신)'!C99 -> UPS | C98: ='8-1.설비자재산출(전력통신)'!D99 -> 5kVA 입력 3상4선 출력 단상, 내진랙(19") | D98: ='8-1.설비자재산출(전력통신)'!I99 -> 대 | E98: 9343862 | N98: =R98*$R$3 -> 8198958.6 | O98: ERP단가 | R98: 9343862
A99: ='8-1.설비자재산출(전력통신)'!B100 -> 125497 | B99: ='8-1.설비자재산출(전력통신)'!C100 -> 통신용충전기 | C99: ='8-1.설비자재산출(전력통신)'!D100 -> 48V 100A(50A * 2), 단독형, 내진랙(19") | D99: ='8-1.설비자재산출(전력통신)'!I100 -> 대 | E99: 8719387 | K99: 9800000 | L99: 13700000 | N99: =R99*$R$3 -> 7651000.5 | O99: ERP단가 | R99: 8719387
A100: ='8-1.설비자재산출(전력통신)'!B101 -> 125498 | B100: ='8-1.설비자재산출(전력통신)'!C101 -> 통신용충전기 | C100: ='8-1.설비자재산출(전력통신)'!D101 -> 48V 100A(50A * 3), 단독형, 내진랙(19") | D100: ='8-1.설비자재산출(전력통신)'!I101 -> 대 | E100: 9334909 | K100: 12500000 | L100: 14800000 | N100: =R100*$R$3 -> 8191102.6 | O100: ERP단가 | R100: 9334909
A101: ='8-1.설비자재산출(전력통신)'!B102 -> 124379 | B101: ='8-1.설비자재산출(전력통신)'!C102 -> AC/UPS/DC분전반 | C101: ='8-1.설비자재산출(전력통신)'!D102 -> AC 2회로, UPS 20회로, DC 16회로 | D101: ='8-1.설비자재산출(전력통신)'!I102 -> 대 | E101: 7123502 | K101: 14500000 | L101: 14900000 | M101: 10450000 | N101: =R101*$R$3 -> 6250659.3 | O101: ERP단가 | R101: 7123502
B102: ='8-1.설비자재산출(전력통신)'!C103 -> DC분전반 | C102: ='8-1.설비자재산출(전력통신)'!D103 -> DC 20+20회로 | D102: ='8-1.설비자재산출(전력통신)'!I103 -> 대 | N102: =R102*$R$3 -> 0 | O102: ='8-1.설비자재산출(전력통신)'!N103 -> 0 | R102: 0
A103: ='8-1.설비자재산출(전력통신)'!B104 -> 111126 | B103: ='8-1.설비자재산출(전력통신)'!C104 -> 축전지 | C103: ='8-1.설비자재산출(전력통신)'!D104 -> 12V/150AH, UPS용 | D103: ='8-1.설비자재산출(전력통신)'!I104 -> 개 | E103: 297390 | K103: 350000 | L103: 390000 | N103: =R103*$R$3 -> 260950.8 | O103: ERP단가 | R103: 297390
A104: ='8-1.설비자재산출(전력통신)'!B105 -> 111125 | B104: ='8-1.설비자재산출(전력통신)'!C105 -> 축전지 | C104: ='8-1.설비자재산출(전력통신)'!D105 -> 12V/100AH, UPS용 | D104: ='8-1.설비자재산출(전력통신)'!I105 -> 개 | E104: 221797 | K104: 280000 | L104: 330000 | N104: =R104*$R$3 -> 194620.21 | O104: ERP단가 | R104: 221797
A105: ='8-1.설비자재산출(전력통신)'!B106 -> 111127 | B105: ='8-1.설비자재산출(전력통신)'!C106 -> 축전지 | C105: ='8-1.설비자재산출(전력통신)'!D106 -> 12V/200AH, 충전기용 | D105: ='8-1.설비자재산출(전력통신)'!I106 -> 개 | E105: 398374 | K105: 390000 | L105: 420000 | N105: =R105*$R$3 -> 342213.3 | O105: 견적가 | R105: 390000
A106: 111126 | B106: ='8-1.설비자재산출(전력통신)'!C107 -> 축전지 | C106: ='8-1.설비자재산출(전력통신)'!D107 -> 12V/150AH, 충전기용 | D106: ='8-1.설비자재산출(전력통신)'!I107 -> 개 | E106: 297390 | K106: 350000 | L106: 390000 | N106: =R106*$R$3 -> 260950.8 | O106: ERP단가 | R106: 297390
B107: ='8-1.설비자재산출(전력통신)'!C108 -> 축전지함체 | C107: ='8-1.설비자재산출(전력통신)'!D108 -> UPS용, 내진랙(19") | D107: ='8-1.설비자재산출(전력통신)'!I108 -> 대 | K107: 1900000 | L107: 1900000 | M107: 2500000 | N107: =R107*$R$3 -> 1667193 | O107: 견적가 | R107: 1900000
B108: ='8-1.설비자재산출(전력통신)'!C109 -> 축전지함체 | C108: ='8-1.설비자재산출(전력통신)'!D109 -> 충전기용, 내진랙(19") | D108: ='8-1.설비자재산출(전력통신)'!I109 -> 대 | K108: 1900000 | L108: 1900000 | M108: 2500000 | N108: =R108*$R$3 -> 1667193 | O108: 견적가 | R108: 1900000
B109: ='8-1.설비자재산출(전력통신)'!C110 -> 난연성전원케이블 | C109: ='8-1.설비자재산출(전력통신)'!D110 -> FR-CVV-S, 25SQ/4C | D109: ='8-1.설비자재산출(전력통신)'!I110 -> m | K109: 27120 | L109: 29020 | N109: =R109*$R$3 -> 23796.986 | O109: 견적가 | R109: 27120
B110: ='8-1.설비자재산출(전력통신)'!C111 -> 난연성전원케이블 | C110: ='8-1.설비자재산출(전력통신)'!D111 -> FR-CVV-S, 16SQ/4C | D110: ='8-1.설비자재산출(전력통신)'!I111 -> m | K110: 17830 | L110: 19100 | N110: =R110*$R$3 -> 15645.29 | O110: 견적가 | R110: 17830
B111: ='8-1.설비자재산출(전력통신)'!C112 -> 난연성전원케이블 | C111: ='8-1.설비자재산출(전력통신)'!D112 -> FR-CVV-S, 16SQ/3C | D111: ='8-1.설비자재산출(전력통신)'!I112 -> m | K111: 17830 | L111: 19100 | N111: =R111*$R$3 -> 15645.29 | O111: 견적가 | R111: 17830
B112: ='8-1.설비자재산출(전력통신)'!C113 -> 난연성전원케이블 | C112: ='8-1.설비자재산출(전력통신)'!D113 -> FR-CVV-S, 16SQ/2C | D112: ='8-1.설비자재산출(전력통신)'!I113 -> m | K112: 17830 | L112: 19100 | N112: =R112*$R$3 -> 15645.29 | O112: 견적가 | R112: 17830
B113: ='8-1.설비자재산출(전력통신)'!C114 -> 접지케이블 | C113: ='8-1.설비자재산출(전력통신)'!D114 -> F-GV, 16SQ | D113: ='8-1.설비자재산출(전력통신)'!I114 -> m | G113: 3341 | H113: 1075 | I113: 2995 | J113: 1165 | N113: =R113*$R$3 -> 2628.0226 | O113: 물가정보 | R113: 2995
B114: ='8-1.설비자재산출(전력통신)'!C115 -> UTP케이블 | C114: ='8-1.설비자재산출(전력통신)'!D115 -> CAT.5E 4P | D114: ='8-1.설비자재산출(전력통신)'!I115 -> m | G114: 790 | H114: 1083 | I114: 1100 | J114: 1173 | L114: 800 | M114: 790 | N114: =R114*$R$3 -> 693.2013 | O114: 물가자료 | R114: 790
B115: ='8-1.설비자재산출(전력통신)'!C116 -> 후렉시블전선관 | C115: ='8-1.설비자재산출(전력통신)'!D116 -> 16㎜, 일반방수(GW-16) | D115: ='8-1.설비자재산출(전력통신)'!I116 -> m | G115: 2260 | H115: 1103 | I115: 715 | J115: 1204 | N115: =R115*$R$3 -> 627.39105 | O115: 물가자료 | R115: 715
B116: ='8-1.설비자재산출(전력통신)'!C117 -> 셋트앙카(STS) | C116: ='8-1.설비자재산출(전력통신)'!D117 -> Φ3/8, 75㎜ | D116: ='8-1.설비자재산출(전력통신)'!I117 -> 개 | G116: 710 | H116: 53 | I116: 800 | J116: 1386 | N116: =R116*$R$3 -> 623.0037 | O116: 물가자료 | R116: 710
B117: ='8-1.설비자재산출(전력통신)'!C118 -> 전산볼트 | C117: ='8-1.설비자재산출(전력통신)'!D118 -> M10,철 | D117: ='8-1.설비자재산출(전력통신)'!I118 -> 개 | G117: 1017 | H117: 86 | I117: 1226 | J117: 43 | N117: =R117*$R$3 -> 892.38699 | O117: ='8-1.설비자재산출(전력통신)'!N118 -> 24 | R117: 1017
B118: ='8-1.설비자재산출(전력통신)'!C119 -> 바닥고정브라켓(평마루용) | C118: ='8-1.설비자재산출(전력통신)'!D119 -> 600*750*25 | D118: ='8-1.설비자재산출(전력통신)'!I119 -> EA | N118: =R118*$R$3 -> 0 | O118: ='8-1.설비자재산출(전력통신)'!N119 -> 18 | R118: 0
B119: ='8-1.설비자재산출(전력통신)'!C120 -> 랙명판 | C119: ='8-1.설비자재산출(전력통신)'!D120 -> AL,190*75*1t,헤어라인/검정색도색후 실크인쇄,후면 벨크로 | D119: ='8-1.설비자재산출(전력통신)'!I120 -> EA | K119: 38000 | L119: 35000 | N119: =R119*$R$3 -> 30711.45 | O119: 견적가 | R119: 35000
B120: ='8-1.설비자재산출(전력통신)'!C121 -> 동관단자 | C120: ='8-1.설비자재산출(전력통신)'!D121 -> 16㎟*2C | D120: ='8-1.설비자재산출(전력통신)'!I121 -> 개 | G120: 680 | H120: 1100 | I120: 815 | J120: 1231 | N120: =R120*$R$3 -> 596.6796 | O120: 물가자료 | R120: 680
B121: ='8-1.설비자재산출(전력통신)'!C122 -> 동관단자 | C121: ='8-1.설비자재산출(전력통신)'!D122 -> 16㎟*3C | D121: ='8-1.설비자재산출(전력통신)'!I122 -> 개 | G121: 680 | H121: 1100 | I121: 815 | J121: 1231 | N121: =R121*$R$3 -> 596.6796 | O121: 물가자료 | R121: 680
...

Sheet 8-7.적용근거
A2: 8-7. 공사비 산출 적용근거
J3: 적용시기: 2025. 5. 19. 공고분부터 적용
A4: 1. 간접노무비 | J4: [조달(공사)-384('25. 4. 1), 2025년 4월 조달청 원가계산 간접공사비(제비율) 적용기준 알림]
B5: 공사규모 | C5: 공사기간 | E5: 적용율 (산업환경설비(건축) 적용, '24.04.01) | G5: 적 용 기 준
B6: 50억 미만 | C6: 6개월 이하 (183일) | E6: 0.15 | G6: 직접노무비×적용율
C7: 7-12개월 (365일) | E7: 0.152
C8: 13-36개월 (1095일) | E8: 0.154
C9: 36개월 이상 (1096일) | E9: 0.162
B10: 50억 이상 | C10: 조달청 발표자료 참조(공사규모별, 기간별 적용율)
A11: ☞ 공사규모별 적용기준 : 도급재료비 + 노무비 + 경비
A12: ☞ 계상금액 : 직접노무비 × 적용율
A13: ☞ 적 용 율 : | I13: =E8 -> 0.154
A15: 2. 경 비
A16: 가. 공구손료
A17: ☞ 계상금액 : 직접노무비(노임할증과 작업시간 증가에 의하지 않은 품할증 제외) × 3%
A18: ☞ 적 용 율 : | I18: 0.03
A19: 나. 산재보험료 | J19: [조달(공사)-588(24.3.20), 조달청 원가계산 간접공사비(제비율) 적용기준」변경사항 알림 | K19: 24년 변경
A20: ☞ 대상공사 : 모든 건설공사(다만, 총공사금액[(도급금액+관급재료)에서 부가세 제외] 2천만원 미만의
A21: 건설공사를 건설업자가 아닌 자가 시공시 적용제외
A22: ☞ 계상금액 : 노무비 × 3.626%(산재보험료율 3.5%+출퇴근재해요율0.06%+임금채권부담비율0.06%+석면피해구제분담비율0.006%)
A23: ☞ 적 용 율 : | F23: =(35+0.6)/1000 -> 0.0356 | G23: =(0.6+0.06)/1000 -> 0.00066 | H23: =(F23+G23) -> 0.03626 | I23: 0.03626
A24: 다. 고용보험료 | J24: [조달(공사)-588(24.3.20), 조달청 원가계산 간접공사비(제비율) 적용기준」변경사항 알림
A25: ☞ 대상공사 : 모든 건설공사(다만, 총공사금액[(도급금액+관급재료)에서 부가세 제외] 2천만원 미만의
A26: 건설공사를 건설업자가 아닌 자가 시공시 적용제외
A27: ☞ 계상금액 : 노무비 × 보험요율(130억원 미만:1.01%, 130억원이상~220억원 미만:1.02% 등)
A28: ☞ 적 용 율 : | I28: 0.0101
A29: 라. 국민건강보험료(실적정산) | J29: [조달(공사)-588(24.3.20), 조달청 원가계산 간접공사비(제비율) 적용기준」변경사항 알림
A30: ☞ 대상공사 : 공사기간이 1개월이상인 공사
A31: ☞ 계상금액 : 직접노무비 × 보험요율
A32: ☞ 적 용 율 : | I32: 0.03545
A33: 마. 국민연금보험료(실적정산) | J33: [조달(공사)-588(24.3.20), 조달청 원가계산 간접공사비(제비율) 적용기준」변경사항 알림
A34: ☞ 대상공사 : 공사기간이 1개월이상인 공사
A35: ☞ 계상금액 : 직접노무비 × 보험요율
A36: ☞ 적 용 율 : | I36: 0.045
A37: 바. 퇴직공제가입금(실적정산) | J37: [조달(공사)-588(24.3.20), 조달청 원가계산 간접공사비(제비율) 적용기준」변경사항 알림
A38: ☞ 대상공사 : 추정금액이 1억원 이상인 공사
A39: ☞ 계상금액 : 직접노무비 × 보험요율
A40: ☞ 적 용 율 : | I40: 0.023 | K40: 24년도 변경
A41: 사. 노인장기요양보험료 | J41: [조달(공사)-588(24.3.20), 조달청 원가계산 간접공사비(제비율) 적용기준」변경사항 알림
A42: ☞ 대상공사 : 공사기간이 1개월이상인 공사
A43: ☞ 국민건강보험의 보험료 × 보험요율 | I43: 0.1295
A44: 아. 산업안전보건관리비 : 추정금액(총공사비) 2천만원이상 공사(사급자재 포함) | J44: [조달(공사)-588(24.3.20), 조달청 원가계산 간접공사비(제비율) 적용기준」변경사항 알림
B45: 공사규모(대상액)별 | D45: 적 용 율[특수 및 기타 적용] | G45: 적 용 기 준
B46: 4천만원 미만 | D46: 0 | G46: [(지입재료비+직접노무비) × 적용율 + 기초액] × 1.2
B47: 5억원 미만 | D47: 0.0207 | G47: [사급재료비+지입재료비+직접노무비] × 적용율 + 기초액
B48: 5 - 50억원 미만 | D48: 0.0159 | E48: +2,450천원 | G48: 중 적은것을 적용한다
B49: 50억원 이상 | D49: 0.0164
A50: ☞ 공사규모(대상액)별 적용기준 : 재료비(사급재료비 포함) + 직접노무비
A51: ☞ 계상금액 : [(지입재료비+직접노무비) × 적용율 + 기초액] × 1.2 와 | I51: =F51+G51 -> 0
A52: [사급재료비+지입재료비+직접노무비] × 적용율 + 기초액 중 적은 금액 | I52: =F52+G52 -> 0
A53: ☞ 적 용 율 : (사급재료비 제외시) | H53: =D47 -> 0.0207 | J53: *1.2
A54: ☞ 적 용 율 : (사급재료비 포함시) | H54: =D48 -> 0.0159 | I54: =E48 -> +2,450천원
A57: 자. 기타 경비 | J57: [조달(공사)-588(24.3.20), 조달청 원가계산 간접공사비(제비율) 적용기준」변경사항 알림
B58: 공사규모 | C58: 공사기간 | E58: 적용율 (산업설비-건축 적용, '24.01.08) | G58: 적 용 기 준
E59: 기준 | F59: 적용율
B60: 10억 미만 | C60: 6개월 이하 (183일) | E60: 0.046 | F60: =ROUND(E60*(19.3+30.2+17.8+12.3)/100,3) -> 0.037 | G60: (도급재료비+노무비) × 적용율
C61: 7-12개월 (365일) | E61: 0.047 | F61: =ROUND(E61*(19.3+30.2+17.8+12.3)/100,3) -> 0.037
C62: 13-36개월 (1095일) | E62: 0.05 | F62: =ROUND(E62*(19.3+30.2+17.8+12.3)/100,3) -> 0.04
C63: 36개월 이상 (1096일) | E63: 0.055 | F63: =ROUND(E63*(19.3+30.2+17.8+12.3)/100,3) -> 0.044
C64: 조달청 발표자료 참조(공사규모별, 기간별 적용율)
C66: ※ 참고자료 (기타 경비의 구성항목별 비율) : [자재(계)52402-5923('11.12.29), 자재(공사)-9('21.1.4)]
C67: 비목 | F67: 구성비율 | G67: 비목 | I67: 구성비율
C68: 수도광열비 | F68: 0.2 | G68: 여비·교통·통신비 | I68: 0.178
C69: 복리후생비 | F69: 0.193 | G69: 세금과 공과 | I69: 0.123
C70: 소모품비 및 사무용품비 | F70: 0.302 | G70: 도서인쇄비 | I70: 0.004
C71: 합계 | I71: 1
A73: ☞ 공사규모별 적용기준 : 도급재료비 + 노무비 + 경비
A74: ☞ 계상금액 : (도급재료비 + 노무비) × 적용율
A75: ☞ 적 용 율 : | I75: =F62 -> 0.04
A77: 3. 일반관리비 | J77: [조달(공사)-588(24.3.20), 조달청 원가계산 간접공사비(제비율) 적용기준」변경사항 알림
B78: 공 사 규 모 | D78: 적용율 (전기, 통신, 소방 전문 적용) | G78: 적 용 기 준
B79: 5억원 미만 | D79: 0.08 | G79: [지입재료비+노무비+도급분경비]×적용율
B80: 5억원 이상 ~ 30억원 미만 | D80: 0.065
B81: 30억원 이상 ~ 100억원 미만 | D81: 0.05
B82: 100억원 이상 | D82: 0.045
A83: ☞ 공사규모별 적용기준 : 지입재료비 + 노무비 + 도급분경비 | I83: =F83+G83 -> 0
A84: ☞ 적 용 율 : | I84: =D79 -> 0.08
A86: 4. 이 윤 | J86: [조달(공사)-588(24.3.20), 조달청 원가계산 간접공사비(제비율) 적용기준」변경사항 알림
B87: 구 분 | C87: 공사규모(추정가격 기준) | F87: 적용율 | G87: 적 용 기 준
B88: 경쟁계약 | C88: 50억원 미만 | F88: 0.15 | G88: [노무비+경비(기술료,외주가공비 제외)+ 일반관리비]×적용율
C89: 50억원 이상 ~ 300억원 미만 | F89: 0.12
C90: 300억원 이상 ~ 1000억원 미만 | F90: 0.1
C91: 1000억원 이상 | F91: 0.09
B92: 수의계약 | C92: 1000억원 미만 | F92: 0.1
C93: 1000억원 이상 | F93: 0.09
A94: ☞ 적 용 율 : | I94: 0.15

Sheet 8-8. 공구손료
A2: 8-8. 공구손료 산출내역 | K2: 8-2. 노 무 임 수 량 산 출 내 역
A4: =표지!A13 -> 공사명 : 동해안#1 변환소 전력통신설비 시설공사
A5: No. | B5: 품 셈 명 | C5: 규 격 | D5: 단 위 | F5: 단가 | J5: 비 고 | K5: No.
E6: 소계
A7: ='8-1.설비자재산출(전력통신)'!#REF! -> #REF! | K7: #REF!
A8: =#REF! -> #REF! | B8: =#REF! -> #REF! | C8: =#REF! -> #REF! | D8: =#REF! -> #REF! | E8: =SUM(#REF!) -> #REF! | F8: =#REF! -> #REF! | K8: #REF!
A9: =#REF! -> #REF! | B9: =#REF! -> #REF! | C9: =#REF! -> #REF! | D9: =#REF! -> #REF! | E9: =SUM(#REF!) -> #REF! | F9: =#REF! -> #REF! | K9: #REF!
A10: =#REF! -> #REF! | B10: =#REF! -> #REF! | C10: =#REF! -> #REF! | D10: =#REF! -> #REF! | E10: =SUM(#REF!) -> #REF! | F10: =#REF! -> #REF! | K10: #REF!
A11: =#REF! -> #REF! | B11: =#REF! -> #REF! | C11: =#REF! -> #REF! | D11: =#REF! -> #REF! | E11: =SUM(#REF!) -> #REF! | F11: =#REF! -> #REF! | K11: #REF!
A12: =#REF! -> #REF! | B12: =#REF! -> #REF! | C12: =#REF! -> #REF! | D12: =#REF! -> #REF! | E12: =SUM(#REF!) -> #REF! | F12: =#REF! -> #REF! | K12: #REF! | L12: =#REF! -> #REF!
A13: =#REF! -> #REF! | B13: =#REF! -> #REF! | C13: =#REF! -> #REF! | D13: =#REF! -> #REF! | E13: =SUM(#REF!) -> #REF! | F13: =#REF! -> #REF! | K13: #REF!
A14: =#REF! -> #REF! | B14: =#REF! -> #REF! | C14: =#REF! -> #REF! | D14: =#REF! -> #REF! | E14: =SUM(#REF!) -> #REF! | F14: =#REF! -> #REF! | K14: #REF!
A15: =#REF! -> #REF! | B15: =#REF! -> #REF! | C15: =#REF! -> #REF! | D15: =#REF! -> #REF! | E15: =SUM(#REF!) -> #REF! | F15: =#REF! -> #REF! | K15: #REF!
A16: =#REF! -> #REF! | B16: =#REF! -> #REF! | C16: =#REF! -> #REF! | D16: =#REF! -> #REF! | E16: =SUM(#REF!) -> #REF! | F16: =#REF! -> #REF! | K16: #REF!
A17: =#REF! -> #REF! | B17: =#REF! -> #REF! | C17: =#REF! -> #REF! | D17: =#REF! -> #REF! | E17: =SUM(#REF!) -> #REF! | F17: =#REF! -> #REF! | K17: #REF!
A18: =#REF! -> #REF! | B18: =#REF! -> #REF! | C18: =#REF! -> #REF! | D18: =#REF! -> #REF! | E18: =SUM(#REF!) -> #REF! | F18: =#REF! -> #REF! | K18: #REF!
A19: =#REF! -> #REF! | B19: =#REF! -> #REF! | C19: =#REF! -> #REF! | D19: =#REF! -> #REF! | E19: =SUM(#REF!) -> #REF! | F19: =#REF! -> #REF! | K19: #REF!
A20: =#REF! -> #REF! | B20: =#REF! -> #REF! | C20: =#REF! -> #REF! | D20: =#REF! -> #REF! | E20: =SUM(#REF!) -> #REF! | F20: =#REF! -> #REF! | K20: #REF!
A21: =#REF! -> #REF! | B21: =#REF! -> #REF! | C21: =#REF! -> #REF! | D21: =#REF! -> #REF! | E21: =SUM(#REF!) -> #REF! | F21: =#REF! -> #REF! | K21: #REF!
A22: =#REF! -> #REF! | B22: =#REF! -> #REF! | C22: =#REF! -> #REF! | D22: =#REF! -> #REF! | E22: =SUM(#REF!) -> #REF! | F22: =#REF! -> #REF! | K22: #REF!
A23: =#REF! -> #REF! | B23: =#REF! -> #REF! | C23: =#REF! -> #REF! | D23: =#REF! -> #REF! | E23: =SUM(#REF!) -> #REF! | F23: =#REF! -> #REF! | K23: #REF!
A24: =#REF! -> #REF! | B24: =#REF! -> #REF! | C24: =#REF! -> #REF! | D24: =#REF! -> #REF! | E24: =SUM(#REF!) -> #REF! | F24: =#REF! -> #REF! | K24: #REF!
... A39: =#REF! -> #REF! | B39: =#REF! -> #REF! | C39: =#REF! -> #REF! | D39: =#REF! -> #REF! | E39: =SUM(#REF!) -> #REF! | F39: =#REF! -> #REF! | K39: #REF!
A41: No. | B41: 품 셈 명 | C41: 규 격 | D41: 단 위 | E41: 수량 | F41: 노무비 | H41: 할증비 | J41: 비 고 | K41: No.
F42: 단가 | G42: 금액 | H42: 단가 | I42: 금액
A43: ='8-4.일위대가표'!A4 -> 1. 송변전용 광전송장치 | K43: 2. 송변전용 광전송장치
A44: ='8-4.일위대가표'!A5 -> 품1-1. | B44: =VLOOKUP(A44,'8-4.일위대가표'!$A$4:$N$723,2,FALSE) -> 송변전용 광단말장치 설치 | C44: =VLOOKUP(A44,'8-4.일위대가표'!$A$4:$N$723,3,FALSE) -> HSR-10G | D44: =VLOOKUP(A44,'8-4.일위대가표'!$A$4:$N$723,5,FALSE) -> 대 | E44: ='8-3.노무산출'!H44 -> 3 | F44: =VLOOKUP(A44,'8-4.일위대가표'!$A$4:$N$723,13,FALSE) -> 2835567 | G44: =E44*F44 -> 8506701 | K44: =A44 -> 품1-1.
A45: ='8-4.일위대가표'!A21 -> 품1-1-1. | B45: =VLOOKUP(A45,'8-4.일위대가표'!$A$4:$N$723,2,FALSE) -> 송변전용 광단말장치용 광전송유니트설치 | C45: =VLOOKUP(A45,'8-4.일위대가표'!$A$4:$N$723,3,FALSE) -> CTRU 2매 및 8파장 기준 | D45: =VLOOKUP(A45,'8-4.일위대가표'!$A$4:$N$723,5,FALSE) -> 2유니트 | E45: ='8-3.노무산출'!H45 -> 0 | F45: =VLOOKUP(A45,'8-4.일위대가표'!$A$4:$N$723,13,FALSE) -> 1310720 | G45: =E45*F45 -> 0 | K45: =A45 -> 품1-1-1.
A46: ='8-4.일위대가표'!A44 -> 품1-2. | B46: =VLOOKUP(A46,'8-4.일위대가표'!$A$4:$N$723,2,FALSE) -> HSR-PtoP unit 설치 | C46: =VLOOKUP(A46,'8-4.일위대가표'!$A$4:$N$723,3,FALSE) -> 신형)HSR-PTP | D46: =VLOOKUP(A46,'8-4.일위대가표'!$A$4:$N$723,5,FALSE) -> 대 | E46: ='8-3.노무산출'!H46 -> 2 | F46: =VLOOKUP(A46,'8-4.일위대가표'!$A$4:$N$723,13,FALSE) -> 1156346 | G46: =E46*F46 -> 2312692 | K46: =A46 -> 품1-2.
A47: ='8-4.일위대가표'!A68 -> 품1-3. | B47: =VLOOKUP(A47,'8-4.일위대가표'!$A$4:$N$723,2,FALSE) -> 송광치/IDF/단자/PITR 랙 설치 | C47: =VLOOKUP(A47,'8-4.일위대가표'!$A$4:$N$723,3,FALSE) -> 19" Rack | D47: =VLOOKUP(A47,'8-4.일위대가표'!$A$4:$N$723,5,FALSE) -> 대 | E47: ='8-3.노무산출'!H47 -> 4 | F47: =VLOOKUP(A47,'8-4.일위대가표'!$A$4:$N$723,13,FALSE) -> 252964 | G47: =E47*F47 -> 1011856 | K47: =A47 -> 품1-3.
A48: ='8-4.일위대가표'!A74 -> 0 | B48: =VLOOKUP(A48,'8-4.일위대가표'!$A$4:$N$723,2,FALSE) -> #N/A | C48: =VLOOKUP(A48,'8-4.일위대가표'!$A$4:$N$723,3,FALSE) -> #N/A | D48: =VLOOKUP(A48,'8-4.일위대가표'!$A$4:$N$723,5,FALSE) -> #N/A | E48: ='8-3.노무산출'!H48 -> 0 | F48: =VLOOKUP(A48,'8-4.일위대가표'!$A$4:$N$723,13,FALSE) -> #N/A | G48: =E48*F48 -> #N/A | K48: =A48 -> 0
A49: ='8-4.일위대가표'!A76 -> 0 | B49: =VLOOKUP(A49,'8-4.일위대가표'!$A$4:$N$723,2,FALSE) -> #N/A | C49: =VLOOKUP(A49,'8-4.일위대가표'!$A$4:$N$723,3,FALSE) -> #N/A | D49: =VLOOKUP(A49,'8-4.일위대가표'!$A$4:$N$723,5,FALSE) -> #N/A | E49: ='8-3.노무산출'!H49 -> 0 | F49: =VLOOKUP(A49,'8-4.일위대가표'!$A$4:$N$723,13,FALSE) -> #N/A | G49: =E49*F49 -> #N/A | K49: =A49 -> 0
A50: ='8-4.일위대가표'!A79 -> 품1-4. | B50: =VLOOKUP(A50,'8-4.일위대가표'!$A$4:$N$723,2,FALSE) -> L3 스위치 설치 및 시험 | C50: =VLOOKUP(A50,'8-4.일위대가표'!$A$4:$N$723,3,FALSE) -> 본체 설치 | D50: =VLOOKUP(A50,'8-4.일위대가표'!$A$4:$N$723,5,FALSE) -> 0 | E50: ='8-3.노무산출'!H50 -> 6 | F50: =VLOOKUP(A50,'8-4.일위대가표'!$A$4:$N$723,13,FALSE) -> 458028 | G50: =E50*F50 -> 2748168 | K50: =A50 -> 품1-4.
A51: ='8-4.일위대가표'!A84 -> 품1-5. | B51: =VLOOKUP(A51,'8-4.일위대가표'!$A$4:$N$723,2,FALSE) -> 유니트 실장 | C51: =VLOOKUP(A51,'8-4.일위대가표'!$A$4:$N$723,3,FALSE) -> IDF,QDF,VDF,CTRU등 | D51: =VLOOKUP(A51,'8-4.일위대가표'!$A$4:$N$723,5,FALSE) -> 개 | E51: ='8-3.노무산출'!H51 -> 11 | F51: =VLOOKUP(A51,'8-4.일위대가표'!$A$4:$N$723,13,FALSE) -> 5524 | G51: =E51*F51 -> 60764 | K51: =A51 -> 품1-5.
A52: ='8-4.일위대가표'!A90 -> 품1-6. | B52: =VLOOKUP(A52,'8-4.일위대가표'!$A$4:$N$723,2,FALSE) -> 제어케이블 포설 | C52: =VLOOKUP(A52,'8-4.일위대가표'!$A$4:$N$723,3,FALSE) -> 6SQ/2C 1열 | D52: =VLOOKUP(A52,'8-4.일위대가표'!$A$4:$N$723,5,FALSE) -> m | E52: ='8-3.노무산출'!H52 -> 0 | F52: =VLOOKUP(A52,'8-4.일위대가표'!$A$4:$N$723,13,FALSE) -> 8355 | G52: =E52*F52 -> 0 | H52: =F52-'8-4.일위대가표'!M92 -> 1392 | I52: =E52*H52 -> 0 | J52: 실드케이블 120% | K52: =A52 -> 품1-6.
A53: ='8-4.일위대가표'!A94 -> 품1-6-1. | B53: =VLOOKUP(A53,'8-4.일위대가표'!$A$4:$N$723,2,FALSE) -> 제어케이블 포설 | C53: =VLOOKUP(A53,'8-4.일위대가표'!$A$4:$N$723,3,FALSE) -> 6SQ/2C 2열 | D53: =VLOOKUP(A53,'8-4.일위대가표'!$A$4:$N$723,5,FALSE) -> m | E53: ='8-3.노무산출'!H52 -> 0 | F53: =VLOOKUP(A53,'8-4.일위대가표'!$A$4:$N$723,13,FALSE) -> 15040 | G53: =E53*F53 -> 0 | H53: =F53-'8-4.일위대가표'!M96 -> 2507 | I53: =E53*H53 -> 0 | J53: 실드케이블 120% | K53: =A53 -> 품1-6-1.
A54: ='8-4.일위대가표'!A98 -> 품1-6-2. | B54: =VLOOKUP(A54,'8-4.일위대가표'!$A$4:$N$723,2,FALSE) -> 제어케이블 포설 | C54: =VLOOKUP(A54,'8-4.일위대가표'!$A$4:$N$723,3,FALSE) -> 6SQ/2C 3열 | D54: =VLOOKUP(A54,'8-4.일위대가표'!$A$4:$N$723,5,FALSE) -> m | E54: ='8-3.노무산출'!H54 -> 52 | F54: =VLOOKUP(A54,'8-4.일위대가표'!$A$4:$N$723,13,FALSE) -> 21725 | G54: =E54*F54 -> 1129700 | H54: ='8-4.일위대가표'!M100 -> 18104 | I54: =H54*E54 -> 941408 | K54: =A54 -> 품1-6-2.
A55: ='8-4.일위대가표'!A102 -> 0 | B55: =VLOOKUP(A55,'8-4.일위대가표'!$A$4:$N$723,2,FALSE) -> #N/A | C55: =VLOOKUP(A55,'8-4.일위대가표'!$A$4:$N$723,3,FALSE) -> #N/A | D55: =VLOOKUP(A55,'8-4.일위대가표'!$A$4:$N$723,5,FALSE) -> #N/A | E55: ='8-3.노무산출'!H55 -> 0 | F55: =VLOOKUP(A55,'8-4.일위대가표'!$A$4:$N$723,13,FALSE) -> #N/A | G55: =E55*F55 -> #N/A | K55: =A55 -> 0
A56: ='8-4.일위대가표'!A104 -> 0 | B56: =VLOOKUP(A56,'8-4.일위대가표'!$A$4:$N$723,2,FALSE) -> #N/A | C56: =VLOOKUP(A56,'8-4.일위대가표'!$A$4:$N$723,3,FALSE) -> #N/A | D56: =VLOOKUP(A56,'8-4.일위대가표'!$A$4:$N$723,5,FALSE) -> #N/A | E56: ='8-3.노무산출'!H56 -> 0 | F56: =VLOOKUP(A56,'8-4.일위대가표'!$A$4:$N$723,13,FALSE) -> #N/A | G56: =E56*F56 -> #N/A | K56: =A56 -> 0
A57: ='8-4.일위대가표'!A106 -> 0 | B57: =VLOOKUP(A57,'8-4.일위대가표'!$A$4:$N$723,2,FALSE) -> #N/A | C57: =VLOOKUP(A57,'8-4.일위대가표'!$A$4:$N$723,3,FALSE) -> #N/A | D57: =VLOOKUP(A57,'8-4.일위대가표'!$A$4:$N$723,5,FALSE) -> #N/A | E57: ='8-3.노무산출'!H57 -> 0 | F57: =VLOOKUP(A57,'8-4.일위대가표'!$A$4:$N$723,13,FALSE) -> #N/A | G57: =E57*F57 -> #N/A | K57: =A57 -> 0
A58: ='8-4.일위대가표'!A108 -> 0 | B58: =VLOOKUP(A58,'8-4.일위대가표'!$A$4:$N$723,2,FALSE) -> #N/A | C58: =VLOOKUP(A58,'8-4.일위대가표'!$A$4:$N$723,3,FALSE) -> #N/A | D58: =VLOOKUP(A58,'8-4.일위대가표'!$A$4:$N$723,5,FALSE) -> #N/A | E58: ='8-3.노무산출'!H58 -> 0 | F58: =VLOOKUP(A58,'8-4.일위대가표'!$A$4:$N$723,13,FALSE) -> #N/A | G58: =E58*F58 -> #N/A | K58: =A58 -> 0
A59: ='8-4.일위대가표'!A110 -> 0 | B59: =VLOOKUP(A59,'8-4.일위대가표'!$A$4:$N$723,2,FALSE) -> #N/A | C59: =VLOOKUP(A59,'8-4.일위대가표'!$A$4:$N$723,3,FALSE) -> #N/A | D59: =VLOOKUP(A59,'8-4.일위대가표'!$A$4:$N$723,5,FALSE) -> #N/A | E59: ='8-3.노무산출'!H59 -> 0 | F59: =VLOOKUP(A59,'8-4.일위대가표'!$A$4:$N$723,13,FALSE) -> #N/A | G59: =E59*F59 -> #N/A | K59: =A59 -> 0
