Workbook

Sheet 증감총괄
A1: 공 사 비 증.△감 내 역
A3: 공 사 명 : 평창군 에코랜드 조성사업(전기) | F3: (단위 : 원)
A4: 구 분 | B4: 당 초 | C4: 변 경 | D4: 증 | E4: △감 | F4: 비 고
A5: 총 공 사 비 | B5: =원가계산!E38 -> 5.4133038e+08 | C5: =원가계산!F38 -> 5.0510863e+08 | D5: =B5-C5 -> 36221758 | F5: 천단위절사
A6: 도 급 액 | B6: =원가계산!E29 -> 240025200 | C6: =원가계산!F29 -> 260900000 | D6: =C6-B6 -> 20874800
A7: 관급자관급 | B7: =원가계산!E33 -> 180667661 | C7: =원가계산!F33 -> 99053574 | E7: =C7-B7 -> -81614087
A8: 도급자관급 | B8: =원가계산!E34 -> 99053574 | C8: =원가계산!F34 -> 117459903 | D8: =C8-B8 -> 18406329
A9: 한전불입금 | B9: =원가계산!E36 -> 21183800 | C9: =원가계산!F36 -> 27295000 | D9: =C9-B9 -> 6111200

Sheet 표지(설계서)
B2: 관 리 번 호 | AA2: 사 본 번 호
A7: 평창군 에코랜드 조성사업(전기)
A9: [ 전 체 : 1회 변경]
AP10: `
O11: 2024. 03.
A15: 평창군

Sheet 설계서(결재란)
A1: 설계년월일 2024년 03월 일 | L1: 책임감리회사 : ㈜예강ENG
L2: 설 계 자 (책임건설사업관리기술자) | T2: 심 사 자 (기술지원건설사업관리기술자) | AB2: 대표이사
A7: ='표지(설계서)'!A7:AG7 -> 평창군 에코랜드 조성사업(전기)
A9: [ 전 체 : 1회 변경 ]
G11: 결 재 | H11: 년 월 일 | I11: 검 토 자 | N11: 계 장 | S11: 과 장 | X11: 군 수

Sheet 목차(설계변경용)
A3: 목 차
G6: Ⅰ. | I6: 설계변경사유서
G7: Ⅱ. | I7: 시방서 | S7: (변 경)
G8: Ⅲ. | I8: 보안및기타사항 | S8: (변경없음)
G9: Ⅳ. | I9: 예정공정표 | S9: (변경없음)
G10: Ⅴ. | I10: 동원인원계획표 | S10: (변경없음)
G11: Ⅵ. | I11: 공사비 증 · 감 대비표 | S11: (변 경)
G12: Ⅶ. | I12: 설계예산서

Sheet 1.설계변경사유서
A1: Ⅰ. 설 계 변 경 사 유 서
B3: ■ 건축조성 변경으로인한 변경
C4: 4) 기타 현장의 여건 변동에 따라 계약내용이 변경 시
C5: ○ 설계변경 세부내역 | H5: ○ 설계변경 제외내역
C6: 1.전력간선공사 | H6: 1.동력설비공사
C7: 2.옥외보안등공사 | H7: 2.태양광발전설비공사
C8: 3.전열공사
C9: 4.전등공사

Sheet 3.시방서
A7: Ⅲ. 공 사 시 방 서(변경없음)
A10: (별 권)

Sheet 4.보안및기타사항
A1: Ⅳ. 보안 및 기타유의사항(변경없음)
B3: 1. 수급자는 공사시행에 필요한 제반보안 대책을 수립하여야 하며 수급자 대표의 보안각서를 제출하여야 한다.
B4: 2. 수급자는 공사시행에 따른 연구내용 및 조사자료를 타용도에 임의로 사용하거나 외부로 유출되지 않도록 하여야 하며,
B5: 과업 수행중 과실로 인한 일체의 사고에 대하여는 수급자가 책임을 져야 한다.
B6: 3. 수급자는 본 공사를 위하여 수집된 모든 기록 및 자료와 모든 도면을 보관할 사람을 지정하여 발주청장의 승인을 받도록 한다.
B7: 4. 국가보안상 중요하다고 생각되는 모든 기록과 자료는 시건장치가 되어 있는 함에 보관하고 열쇠는 책임건설사업관리기술자가
B8: 소지하여야 한다.
B9: 5. 모든 비밀문서는 관리번호를 부여하고, 보관관리 기록부에 기록한 후 시건장치가 이중으로 되어있는 함에 보관하여 열쇠는 책임건설
B10: 사업관리기술자가 소지하여야 한다.
B11: 6. 수급자는 본 공사와 관련있는 모든 기록과 자료에 대하여 업무와 관련없는 일에 사용할수 있으며, 발주청장의 사전서면 승인 없이는
B12: 타인에게 제공 또는 대여할 수 없다.
B13: 7. 편입된 모든 도서 및 기타 자료를 다른 목적에 이용할 수 없으며, 공사시행시 발생한 보안사항에 대하여 사실을 누설하여서는 안되며
B14: 누설로 인하여 문제점이 발생될 시에는 책임건설사업관리기술자 및 수급자가 모든 책임을 진다.
... B18: 이 지시사항에 특별한 사유가 없는 한 이의없이 따라야 한다.

Sheet 5.예정
A7: Ⅴ.예 정 공 정 표(변경없음)

Sheet 6.동원
A7: Ⅵ. 동 원 인 원 계 획 표(변경없음)

Sheet 갑지
J2: 설 | Q2: 심 | X2: 담 | AE2: 과
B3: 2024년 03월 일 변 경 | J3: 계 | Q3: 사
J4: 자 | Q4: 자 | X4: 당 | AE4: 장
C6: 2 0 2 4 년 도
F9: 평창군 에코랜드 조성사업(전기)
G11: 1회 [변경]
H12: ▣ 공사개요
I13: ⊙ | J13: 옥내.옥외공사 | P13: : | Q13: 평창군 에코랜드 조성사업(전기)
P14: : | Q14: 평창군 에코랜드 조성사업(전기)
H20: ▣ 공 사 비
I21: ⊙ | J21: 총사업비 | N21: : | O21: ="금"&NUMBERSTRING(Z21,1)&"원" -> 금오억일천구백칠십사만육천사백삼십오원 | Z21: =Z23+Z25 -> 519746435
N22: : | O22: ="금"&NUMBERSTRING(Z22,1)&"원" -> 금사억칠천칠백사십일만삼천사백칠십칠원 | Z22: =Z24+Z26 -> 477413477
I23: ⊙ | J23: 도급예정액 | N23: : | O23: ="금"&NUMBERSTRING(Z23,1)&"원" -> 금이억사천이만오천이백원 | Z23: =원가계산!E29 -> 240025200
N24: : | O24: ="금"&NUMBERSTRING(Z24,1)&"원" -> 금이억육천구십만원 | Z24: =원가계산!F29 -> 260900000
I25: ⊙ | J25: 관급자재대 | N25: : | O25: ="금"&NUMBERSTRING(Z25,1)&"원" -> 금이억칠천구백칠십이만일천이백삼십오원 | Z25: =원가계산!E35 -> 279721235
N26: : | O26: ="금"&NUMBERSTRING(Z26,1)&"원" -> 금이억일천육백오십일만삼천사백칠십칠원 | Z26: =원가계산!F35 -> 216513477

Sheet 7-1.증감내역
A1: Ⅶ. 공사비 증ㆍ감 대비표
A2: 품 명 | B2: 전 체 | E2: 비 고
B3: 당 초 | C3: 변 경 | D3: 증(▲)감
A4: 평창 에코랜드 조성사업(전기)
A5: 직접재료비 | B5: =원가계산!E3 -> 41868228 | C5: =원가계산!F3 -> 48895473 | D5: =C5-B5 -> 7027245
A6: 가. 직접노무비 | B6: =원가계산!E7 -> 98775174 | C6: =원가계산!F7 -> 106329490 | D6: =C6-B6 -> 7554316
A7: 나. 간접노무비 | B7: =원가계산!E8 -> 12939547 | C7: =원가계산!F8 -> 13929163 | D7: =C7-B7 -> 989616
A8: 다. 기계겅비 | B8: =원가계산!E10 -> 1540380 | C8: =원가계산!F10 -> 1281615
A9: 라. 산재보험료 | B9: =원가계산!E11 -> 4133444 | C9: =원가계산!F11 -> 4449570 | D9: =C9-B9 -> 316126
A10: 마. 고용보험료 | B10: =원가계산!E12 -> 1128318 | C10: =원가계산!F12 -> 1214612 | D10: =C10-B10 -> 86294
A11: 바. 건강보험료 | B11: =원가계산!E13 -> 3899173 | C11: =원가계산!F13 -> 3899173 | D11: =C11-B11 -> 0 | E11: 보험료정산
A12: 사. 연금보험료 | B12: =원가계산!E15 -> 5020394 | C12: =원가계산!F15 -> 5020394 | D12: =C12-B12 -> 0 | E12: 보험료정산
A13: 아. 노인장기요양보험료 | B13: =원가계산!E14 -> 478428 | C13: =원가계산!F14 -> 478428 | D13: =C13-B13 -> 0 | E13: 보험료정산
A14: 자. 퇴직공제부금비 | B14: =원가계산!E16 -> 2565979 | C14: =원가계산!F16 -> 2565979 | D14: =C14-B14 -> 0 | E14: 보험료정산
A15: 차. 산업안전보건관리비 | B15: =원가계산!E17 -> 5583192 | C15: =원가계산!F17 -> 5583192 | D15: =C15-B15 -> 0
A16: 카. 기타경비 | B16: =원가계산!E20 -> 8907811 | C16: =원가계산!F20 -> 9810939 | D16: =C16-B16 -> 903128
A17: A. 순공사원가 | B17: =원가계산!E24 -> 186840068 | C17: =원가계산!F24 -> 203458028 | D17: =C17-B17 -> 16617960
A18: B. 일반관리비 | B18: =원가계산!E25 -> 11210404 | C18: =원가계산!F25 -> 12207481 | D18: =C18-B18 -> 997077
A19: C. 이윤 | B19: =원가계산!E26 -> 20154256 | C19: =원가계산!F26 -> 21516310 | D19: =C19-B19 -> 1362054
A20: (1) 공 급 가 액 | B20: =+B17+B18+B19 -> 218204728 | C20: =+C17+C18+C19 -> 237181819 | D20: =+D17+D18+D19 -> 18977091
A21: (2) 부가가치세 | B21: =INT(B20*10%) -> 21820472 | C21: =INT(C20*10%) -> 23718181 | D21: =C21-B21 -> 1897709
A22: Ⅰ. 도 급 금 액 | B22: =+B20+B21 -> 240025200 | C22: =+C20+C21 -> 260900000 | D22: =C22-B22 -> 20874800
A23: ○ 총 공 사 비 | B23: =B22 -> 240025200 | C23: =C22 -> 260900000 | D23: =D22 -> 20874800

Sheet 원가계산
A1: [공사명] | C1: [ 평창 에코랜드 조성사업(전기) ]
A2: 비 목 | D2: 변경전 원가 | F2: 변경후 원가 | G2: 증 감 | H2: 구 성 비 | P2: 비 고
B3: 재 료 비 | C3: 직 접 재 료 비 | E3: =공종별집계표!I26 -> 41868228 | F3: =공종별집계표!I27 -> 48895473 | G3: =F3-E3 -> 7027245
C4: 간 접 재 료 비
C5: 작 업 설 , 부 산 물 등 (△) | E5: 0 | F5: 0
A6: 순 | C6: [ 소 계 ] | E6: =E3+E4+E5 -> 41868228 | F6: =F3+F4+F5 -> 48895473 | G6: =F6-E6 -> 7027245
B7: 노 무 비 | C7: 직 접 노 무 비 | E7: =공종별집계표!L26 -> 98775174 | F7: =공종별집계표!L27 -> 106329490 | G7: =F7-E7 -> 7554316
C8: 간 접 노 무 비 | E8: =TRUNC(E7*J8) -> 12939547 | F8: =TRUNC(F7*J8) -> 13929163 | G8: =F8-E8 -> 989616 | H8: 직접노무비 | I8: × | J8: 0.131 | L8: 0.124
A9: 공 | C9: [ 소 계 ] | E9: =SUM(E7:E8) -> 111714721 | F9: =SUM(F7:F8) -> 120258653 | G9: =F9-E9 -> 8543932
C10: 기 계 경 비 | E10: =공종별집계표!N26 -> 1540380 | F10: =공종별집계표!N27 -> 1281615 | G10: =F10-E10 -> -258765
C11: 산 재 보 험 료 | E11: =TRUNC(E9*J11) -> 4133444 | F11: =TRUNC(F9*J11) -> 4449570 | G11: =F11-E11 -> 316126 | H11: 노무비 | I11: × | J11: 0.037
A12: 사 | C12: 고 용 보 험 료 | E12: =TRUNC(E9*J12) -> 1128318 | F12: =TRUNC(F9*J12) -> 1214612 | G12: =F12-E12 -> 86294 | H12: 노무비 | I12: × | J12: 0.0101
B13: 경 | C13: 건 강 보 험 료 | E13: 3899173 | F13: 3899173 | G13: =F13-E13 -> 0 | H13: 직접노무비 | I13: × | J13: 0.03495
C14: 노 인 장 기 요 양 보 험 료 | E14: 478428 | F14: 478428 | G14: =F14-E14 -> 0 | H14: 건강보험료 | I14: × | J14: 0.1227
C15: 연 금 보 험 료 | E15: 5020394 | F15: 5020394 | G15: =F15-E15 -> 0 | H15: 직접노무비 | I15: × | J15: 0.045
A16: 원 | C16: 퇴 직 공 제 부 금 비 | E16: 2565979 | F16: 2565979 | G16: =F16-E16 -> 0 | H16: 직접노무비 | I16: × | J16: 0.023
C17: 산 업 안 전 보 건 관 리 비 | E17: 5583192 | F17: 5583192 | G17: =F17-E17 -> 0 | P17: ①과②비교후 적은 금액 적용
C18: ① | E18: 5583192 | F18: =E18 -> 5583192 | G18: =F18-E18 -> 0 | H18: ((재료비+직노) | I18: × | J18: 0.0293 | M18: ) × | N18: 1.2
A19: 가 | C19: ② | G19: =F19-E19 -> 0 | H19: (재료비+직노+관급자재비(도급자/1.1)) | I19: × | J19: 0.0293 | P19: 부가세,조달수수료 제외
B20: 비 | C20: 기 타 경 비 | E20: =TRUNC((E6+E9)*J20) -> 8907811 | F20: =TRUNC((F6+F9)*J20) -> 9810939 | G20: =F20-E20 -> 903128 | H20: (재료비+노무비) | I20: × | J20: 0.058 | L20: 0.077
C21: 환 경 보 존 비 | E21: 0 | F21: 0 | G21: =F21-E21 -> 0
C22: 건설하도급대금지급보증서발급수수료 | E22: 0 | F22: 0 | G22: =F22-E22 -> 0
C23: [ 소 계 ] | E23: =SUM(E10:E17,E20:E22) -> 33257119 | F23: =SUM(F10:F17,F20:F22) -> 34303902 | G23: =F23-E23 -> 1046783
B24: 계 | E24: =E6+E9+E23 -> 186840068 | F24: =F6+F9+F23 -> 203458028 | G24: =F24-E24 -> 16617960
A25: 일 반 관 리 비 | E25: =TRUNC(E24*J25) -> 11210404 | F25: =TRUNC(F24*J25) -> 12207481 | G25: =F25-E25 -> 997077 | H25: 계 | I25: × | J25: 0.06
A26: 이 윤 | E26: =TRUNC((E9+E23+E25)*J26)+P26 -> 20154256 | F26: =TRUNC((F9+F23+F25)*J26)-4120-109 -> 21516310 | G26: =F26-E26 -> 1362054 | H26: (노무비+경비+일반관리비) | I26: × | J26: 0.1290432 | R26: 240025200
A27: 공 급 가 액 | E27: =SUM(E24:E26) -> 218204728 | F27: =SUM(F24:F26) -> 237181819 | G27: =F27-E27 -> 18977091
A28: 부 가 가 치 세 | E28: =INT(E27*J28) -> 21820472 | F28: =INT(F27*J28) -> 23718181 | G28: =F28-E28 -> 1897709 | H28: 공급가액 | I28: × | J28: 0.1
A29: [도 급 액] | E29: =SUM(E27:E28) -> 240025200 | F29: =SUM(F27:F28) -> 260900000 | G29: =F29-E29 -> 20874800
A30: 관 급 자 재 (관급자설치) | F30: =#REF! -> #REF! | G30: =F30-E30 -> #REF! | H30: VAT포함
A31: 관 급 자 재 (도급자설치) | G31: =F31-E31 -> 0 | H31: VAT포함
A32: 관 급 공 사 비 (합 계) | E32: =E30+E31 -> 0 | G32: =F32-E32 -> 0
A33: 관급공사비 | E33: =공종별집계표!P29 -> 180667661 | F33: =공종별집계표!P31 -> 99053574 | G33: =F33-E33 -> -81614087
A34: 관급공사비도급자설치) | E34: =공종별집계표!P31 -> 99053574 | F34: =공종별집계표!P32 -> 117459903 | G34: =F34-E34 -> 18406329
A35: 관급공사비(합계) | E35: =E33+E34 -> 279721235 | F35: =F33+F34 -> 216513477 | G35: =F35-E35 -> -63207758
A36: 한 전 불 입 금 | E36: =[1]한전불입금!N5 -> 21183800 | F36: 27295000 | G36: =F36-E36 -> 6111200 | H36: VAT포함 | J36: 193kw
A37: 사 용 전 검 사 비 | E37: =[1]한전불입금!L22 -> 400149.77 | F37: =E37 -> 400149.77 | G37: =F37-E37 -> 0 | H37: VAT포함
A38: [총 공 사 비] | E38: =E29+E35+E36+E37 -> 5.4133038e+08 | F38: =F29+F35+F36+F37 -> 5.0510863e+08 | G38: =F38-E38 -> -36221758 | P38: 1000단위절사
P40: =E29/SUM(E3,E7,E10) -> 1.6881335

Sheet 공종별집계표
A1: 총줄수-> | B1: 159 | D1: [ 평창 에코랜드 조성사업(전기) ] | AA1: 연속견적가로형식
A2: 번호 | B2: 공종코드 | C2: … | D2: 공 종 명 | E2: 규격 | F2: 단위 | G2: 수량 | H2: 재료비 | J2: 노무비 | M2: 경비 | P2: 계 | Q2: 증 감
H3: 단가 | I3: 금액 | J3: 수량 | K3: 단가 | L3: 금액 | M3: 단가 | N3: 금액 | O3: 단가
B4: 공종줄 | D4: 평창 에코랜드 조성사업(전기)
B5: 01 | D5: 1.옥외공사 | F5: 식 | G5: 1 | H5: =I73 -> 28135332 | I5: =G5*H5 -> 28135332 | K5: =L73 -> 31160791 | L5: =G5*K5 -> 31160791 | M5: =N73 -> 1467222 | N5: =G5*M5 -> 1467222 | O5: =IF((H5+K5+M5)=0, "", (H5+K5+M5)) -> 60763345 | P5: =I5+L5+N5 -> 60763345 | Q5: =P6-P5 -> 43974463
B6: 01 | D6: 1.옥외공사 | F6: 식 | G6: 1 | H6: =I74 -> 42363814 | I6: =G6*H6 -> 42363814 | K6: =L74 -> 61092379 | L6: =G6*K6 -> 61092379 | M6: =N74 -> 1281615 | N6: =G6*M6 -> 1281615 | O6: =IF((H6+K6+M6)=0, "", (H6+K6+M6)) -> 104737808 | P6: =I6+L6+N6 -> 104737808
B7: 02 | D7: 2.옥내공사 | F7: 식 | G7: 1 | H7: =I100 -> 13732896 | I7: =G7*H7 -> 13732896 | K7: =L100 -> 67614383 | L7: =G7*K7 -> 67614383 | M7: =N100 -> 73158 | N7: =G7*M7 -> 73158 | O7: =IF((H7+K7+M7)=0, "", (H7+K7+M7)) -> 81420437 | P7: =I7+L7+N7 -> 81420437 | Q7: =P8-P7 -> -29651667
B8: 02 | D8: 2.옥내공사 | F8: 식 | G8: 1 | H8: =I101 -> 6531659 | I8: =G8*H8 -> 6531659 | K8: =L101 -> 45237111 | L8: =G8*K8 -> 45237111 | M8: =N101 -> 0 | N8: =G8*M8 -> 0 | O8: =IF((H8+K8+M8)=0, "", (H8+K8+M8)) -> 51768770 | P8: =I8+L8+N8 -> 51768770
C26: Total | D26: ( 합 계 ) | I26: =TRUNC([2]!sumcol(1,I3:I24)) -> 41868228 | L26: =TRUNC([2]!sumcol(1,L3:L24)) -> 98775174 | N26: =TRUNC([2]!sumcol(1,N3:N24)) -> 1540380 | O26: =IF((H26+K26+M26)=0, "", (H26+K26+M26)) | P26: =I26+L26+N26 -> 142183782 | Q26: =P27-P26 -> 14322796
C27: Total | D27: ( 합 계 ) | I27: =TRUNC([2]!sumcol(0,I4:I25)) -> 48895473 | L27: =TRUNC([2]!sumcol(0,L4:L25)) -> 106329490 | N27: =TRUNC([2]!sumcol(0,N4:N25)) -> 1281615 | O27: =IF((H27+K27+M27)=0, "", (H27+K27+M27)) | P27: =I27+L27+N27 -> 156506578
B28: 공종줄 | D28: 평창 에코랜드 조성사업(전기)
B29: 03 | D29: 3.관급자관급 | F29: 식 | G29: 1 | H29: =변경내역서!I673 -> 180667661 | I29: =G29*H29 -> 180667661 | K29: =공종별집계표!L126 -> 0 | L29: =G29*K29 -> 0 | M29: =공종별집계표!N126 -> 0 | N29: =G29*M29 -> 0 | O29: =IF((H29+K29+M29)=0, "", (H29+K29+M29)) -> 180667661 | P29: =I29+L29+N29 -> 180667661
B30: 03 | D30: 3.관급자관급 | F30: 식 | G30: 1 | H30: =변경내역서!I674 -> 179032531 | I30: =G30*H30 -> 179032531 | K30: =공종별집계표!L128 -> 0 | L30: =G30*K30 -> 0 | M30: =공종별집계표!N128 -> 0 | N30: =G30*M30 -> 0 | O30: =IF((H30+K30+M30)=0, "", (H30+K30+M30)) -> 179032531 | P30: =I30+L30+N30 -> 179032531
B31: 04 | D31: 4.도급자관급 | F31: 식 | G31: 1 | H31: =변경내역서!I724+변경내역서!I775 -> 99053574 | I31: =G31*H31 -> 99053574 | K31: =공종별집계표!L153 -> 0 | L31: =G31*K31 -> 0 | M31: =공종별집계표!N153 -> 0 | N31: =G31*M31 -> 0 | O31: =IF((H31+K31+M31)=0, "", (H31+K31+M31)) -> 99053574 | P31: =I31+L31+N31 -> 99053574
B32: 04 | D32: 4.도급자관급 | F32: 식 | G32: 1 | H32: =변경내역서!I725+변경내역서!I776 -> 117459903 | I32: =G32*H32 -> 117459903 | K32: =공종별집계표!L154 -> 0 | L32: =G32*K32 -> 0 | M32: =공종별집계표!N154 -> 0 | N32: =G32*M32 -> 0 | O32: =IF((H32+K32+M32)=0, "", (H32+K32+M32)) -> 117459903 | P32: =I32+L32+N32 -> 117459903
P33: =I33+L33+N33 -> 0
C49: Total | D49: ( 합 계 ) | I49: =I29+I31 -> 279721235 | L49: =L29+L31 -> 0 | N49: =N29+N31 -> 0 | O49: =IF((H49+K49+M49)=0, "", (H49+K49+M49)) | P49: =I49+L49+N49 -> 279721235
C50: Total | D50: ( 합 계 ) | I50: =I30+I32 -> 296492434 | L50: =TRUNC([2]!sumcol(0,L28:L48)) -> 0 | N50: =TRUNC([2]!sumcol(0,N28:N48)) -> 0 | O50: =IF((H50+K50+M50)=0, "", (H50+K50+M50)) | P50: =I50+L50+N50 -> 296492434
B51: 공종줄 | D51: 1.옥외공사
B52: 0101 | D52: 1-1.옥외보안등공사 | F52: 식 | G52: 1 | H52: =변경내역서!I113 -> 13168183 | I52: =G52*H52 -> 13168183 | K52: =변경내역서!K113 -> 23888985 | L52: =G52*K52 -> 23888985 | M52: =변경내역서!M113 -> 1270808 | N52: =G52*M52 -> 1270808 | O52: =IF((H52+K52+M52)=0, "", (H52+K52+M52)) -> 38327976 | P52: =I52+L52+N52 -> 38327976 | Q52: =P53-P52 -> 20416145
B53: 0101 | D53: 1-1.옥외보안등공사 | F53: 식 | G53: 1 | H53: =변경내역서!I114 -> 16886561 | I53: =G53*H53 -> 16886561 | K53: =변경내역서!K114 -> 40880064 | L53: =G53*K53 -> 40880064 | M53: =변경내역서!M114 -> 977496 | N53: =G53*M53 -> 977496 | O53: =IF((H53+K53+M53)=0, "", (H53+K53+M53)) -> 58744121 | P53: =I53+L53+N53 -> 58744121
B54: 0102 | D54: 1-2.옥외전력간선공사 | F54: 식 | G54: 1 | H54: =변경내역서!I216 -> 14967149 | I54: =G54*H54 -> 14967149 | K54: =변경내역서!K216 -> 7271806 | L54: =G54*K54 -> 7271806 | M54: =변경내역서!M216 -> 196414 | N54: =G54*M54 -> 196414 | O54: =IF((H54+K54+M54)=0, "", (H54+K54+M54)) -> 22435369 | P54: =I54+L54+N54 -> 22435369 | Q54: =P55-P54 -> 23558318
B55: 0102 | D55: 1-2.옥외전력간선공사 | F55: 식 | G55: 1 | H55: =변경내역서!I217 -> 25477253 | I55: =G55*H55 -> 25477253 | K55: =변경내역서!K217 -> 20212315 | L55: =G55*K55 -> 20212315 | M55: =변경내역서!M217 -> 304119 | N55: =G55*M55 -> 304119 | O55: =IF((H55+K55+M55)=0, "", (H55+K55+M55)) -> 45993687 | P55: =I55+L55+N55 -> 45993687
B73: 01 | C73: Total | D73: ( 합 계 ) | I73: =I52+I54 -> 28135332 | L73: =L52+L54 -> 31160791 | N73: =N52+N54 -> 1467222 | O73: =IF((H73+K73+M73)=0, "", (H73+K73+M73)) | P73: =I73+L73+N73 -> 60763345 | Q73: =P74-P73 -> 43974463
B74: 01 | C74: Total | D74: ( 합 계 ) | I74: =I53+I55 -> 42363814 | L74: =L53+L55 -> 61092379 | N74: =N53+N55 -> 1281615 | O74: =IF((H74+K74+M74)=0, "", (H74+K74+M74)) | P74: =I74+L74+N74 -> 104737808
B75: 공종줄 | D75: 2.옥내공사
B76: 0201 | D76: 2-1.전력간선공사 | F76: 식 | G76: 1 | H76: =변경내역서!I325 -> 2755691 | I76: =G76*H76 -> 2755691 | K76: =변경내역서!K325 -> 7094670 | L76: =G76*K76 -> 7094670 | M76: =변경내역서!M325 -> 2512 | N76: =G76*M76 -> 2512 | O76: =IF((H76+K76+M76)=0, "", (H76+K76+M76)) -> 9852873 | P76: =I76+L76+N76 -> 9852873 | Q76: =P77-P76 -> -2822057
B77: 0201 | D77: 2-1.전력간선공사 | F77: 식 | G77: 1 | H77: =변경내역서!I326 -> 1187761 | I77: =G77*H77 -> 1187761 | K77: =변경내역서!K326 -> 5843055 | L77: =G77*K77 -> 5843055 | M77: =변경내역서!M326 -> 0 | N77: =G77*M77 -> 0 | O77: =IF((H77+K77+M77)=0, "", (H77+K77+M77)) -> 7030816 | P77: =I77+L77+N77 -> 7030816
B78: 0202 | D78: 2-2.동력설비공사 | F78: 식 | G78: 1 | H78: =변경내역서!I348 -> 1191385 | I78: =G78*H78 -> 1191385 | K78: =변경내역서!K348 -> 7114104 | L78: =G78*K78 -> 7114104 | M78: =변경내역서!M148 -> 0 | N78: =G78*M78 -> 0 | O78: =IF((H78+K78+M78)=0, "", (H78+K78+M78)) -> 8305489 | P78: =I78+L78+N78 -> 8305489 | Q78: =P79-P78 -> -8305489
B79: 0202 | D79: 2-2.동력설비공사 | F79: 식 | G79: 1 | H79: =#REF! -> 0 | I79: =G79*H79 -> 0 | K79: =#REF! -> 0 | L79: =G79*K79 -> 0 | M79: =변경내역서!M149 -> 0 | N79: =G79*M79 -> 0 | O79: =IF((H79+K79+M79)=0, "", (H79+K79+M79)) | P79: =I79+L79+N79 -> 0
B80: 0203 | D80: 2-3.전등설비공사 | F80: 식 | G80: 1 | H80: =변경내역서!I453 -> 3244045 | I80: =G80*H80 -> 3244045 | K80: =변경내역서!K453 -> 26406118 | L80: =G80*K80 -> 26406118 | M80: =변경내역서!M453 -> 38536 | N80: =G80*M80 -> 38536 | O80: =IF((H80+K80+M80)=0, "", (H80+K80+M80)) -> 29688699 | P80: =I80+L80+N80 -> 29688699 | Q80: =P81-P80 -> -8501340
B81: 0203 | D81: 2-3.전등설비공사 | F81: 식 | G81: 1 | H81: =변경내역서!I454 -> 1914993 | I81: =G81*H81 -> 1914993 | K81: =변경내역서!K454 -> 19272366 | L81: =G81*K81 -> 19272366 | M81: =변경내역서!M454 -> 0 | N81: =G81*M81 -> 0 | O81: =IF((H81+K81+M81)=0, "", (H81+K81+M81)) -> 21187359 | P81: =I81+L81+N81 -> 21187359
B82: 0204 | D82: 2-4.전열설비공사 | F82: 식 | G82: 1 | H82: =변경내역서!I504 -> 1204069 | I82: =G82*H82 -> 1204069 | K82: =변경내역서!K504 -> 9403256 | L82: =G82*K82 -> 9403256 | M82: =변경내역서!M262 -> 0 | N82: =G82*M82 -> 0 | O82: =IF((H82+K82+M82)=0, "", (H82+K82+M82)) -> 10607325 | P82: =I82+L82+N82 -> 10607325 | Q82: =P83-P82 -> -218970
B83: 0204 | D83: 2-4.전열설비공사 | F83: 식 | G83: 1 | H83: =변경내역서!I505 -> 1845653 | I83: =G83*H83 -> 1845653 | K83: =변경내역서!K505 -> 8542702 | L83: =G83*K83 -> 8542702 | M83: =변경내역서!M263 -> 0 | N83: =G83*M83 -> 0 | O83: =IF((H83+K83+M83)=0, "", (H83+K83+M83)) -> 10388355 | P83: =I83+L83+N83 -> 10388355
B84: 0205 | D84: 2-5.냉난방설비공사 | F84: 식 | G84: 1 | H84: =변경내역서!I597 -> 2915089 | I84: =G84*H84 -> 2915089 | K84: =변경내역서!K597 -> 13385262 | L84: =G84*K84 -> 13385262 | M84: =#REF! -> 0 | N84: =G84*M84 -> 0 | O84: =IF((H84+K84+M84)=0, "", (H84+K84+M84)) -> 16300351 | P84: =I84+L84+N84 -> 16300351 | Q84: =P85-P84 -> -3138111
B85: 0205 | D85: 2-5.냉난방설비공사 | F85: 식 | G85: 1 | H85: =변경내역서!I598 -> 1583252 | I85: =G85*H85 -> 1583252 | K85: =변경내역서!K598 -> 11578988 | L85: =G85*K85 -> 11578988 | M85: =#REF! -> 0 | N85: =G85*M85 -> 0 | O85: =IF((H85+K85+M85)=0, "", (H85+K85+M85)) -> 13162240 | P85: =I85+L85+N85 -> 13162240
B86: 0206 | D86: 2-6.태양광발전설비공사 | F86: 식 | G86: 1 | H86: =변경내역서!I648 -> 2422617 | I86: =G86*H86 -> 2422617 | K86: =변경내역서!K648 -> 4210973 | L86: =G86*K86 -> 4210973 | M86: =변경내역서!M648 -> 32110 | N86: =G86*M86 -> 32110 | O86: =IF((H86+K86+M86)=0, "", (H86+K86+M86)) -> 6665700 | P86: =I86+L86+N86 -> 6665700 | Q86: =P87-P86 -> -6665700
B87: 0206 | D87: 2-6.태양광발전설비공사 | F87: 식 | G87: 1 | H87: =#REF! -> 0 | I87: =G87*H87 -> 0 | K87: =#REF! -> 0 | L87: =G87*K87 -> 0 | M87: =#REF! -> 0 | N87: =G87*M87 -> 0 | O87: =IF((H87+K87+M87)=0, "", (H87+K87+M87)) | P87: =I87+L87+N87 -> 0
B100: 02 | C100: Total | D100: ( 합 계 ) | I100: =I76+I78+I80+I82+I84+I86 -> 13732896 | L100: =L76+L78+L80+L82+L84+L86 -> 67614383 | N100: =N76+N78+N80+N82+N84+N86 -> 73158 | O100: =IF((H100+K100+M100)=0, "", (H100+K100+M100)) | P100: =I100+L100+N100 -> 81420437 | Q100: =P101-P100 -> -29651667
B101: 02 | C101: Total | D101: ( 합 계 ) | I101: =I77+I79+I81+I83+I85+I87 -> 6531659 | L101: =L77+L79+L81+L83+L85+L87 -> 45237111 | N101: =N77+N79+N81+N83+N85+N87 -> 0 | O101: =IF((H101+K101+M101)=0, "", (H101+K101+M101)) | P101: =I101+L101+N101 -> 51768770
B102: 공종줄 | D102: 3.관급자관급
B103: 0301 | D103: 3-1.태양광발전설비 | F103: 식 | G103: 1 | H103: =변경내역서!I673 -> 180667661 | I103: =G103*H103 -> 180667661 | L103: =G103*K103 -> 0 | M103: =변경내역서!M348 -> 0 | N103: =G103*M103 -> 0 | O103: =IF((H103+K103+M103)=0, "", (H103+K103+M103)) -> 180667661 | P103: =I103+L103+N103 -> 180667661
B104: 0301 | D104: 3-1.태양광발전설비 | F104: 식 | G104: 1 | H104: =변경내역서!I674 -> 179032531 | I104: =G104*H104 -> 179032531 | L104: =G104*K104 -> 0 | M104: =변경내역서!M349 -> 0 | N104: =G104*M104 -> 0 | O104: =IF((H104+K104+M104)=0, "", (H104+K104+M104)) -> 179032531 | P104: =I104+L104+N104 -> 179032531
B127: 03 | C127: Total | D127: ( 합 계 ) | I127: =I103 -> 180667661 | L127: =L103 -> 0 | N127: =TRUNC([2]!sumcol(1,N101:N125)) -> 0 | O127: =IF((H127+K127+M127)=0, "", (H127+K127+M127)) | P127: =I127+L127+N127 -> 180667661
B128: 03 | C128: Total | D128: ( 합 계 ) | I128: =TRUNC([2]!sumcol(0,I102:I126)) -> 179032531 | L128: =TRUNC([2]!sumcol(0,L102:L126)) -> 0 | N128: =TRUNC([2]!sumcol(0,N102:N126)) -> 0 | O128: =IF((H128+K128+M128)=0, "", (H128+K128+M128)) | P128: =TRUNC([2]!sumcol(0,P102:P126)) -> 179032531
B129: 공종줄 | D129: 4.도급자관급
B130: 0401 | D130: 4-1.분전반 | F130: 식 | G130: 1 | I130: =변경내역서!I724 -> 21633633 | K130: =변경내역서!K366 -> 0 | L130: =G130*K130 -> 0 | M130: =변경내역서!M366 -> 0 | N130: =G130*M130 -> 0 | O130: =IF((H130+K130+M130)=0, "", (H130+K130+M130)) | P130: =I130+L130+N130 -> 21633633
B131: 0401 | D131: 4-1.분전반 | F131: 식 | G131: 1 | I131: =변경내역서!I725 -> 23638165 | K131: =변경내역서!K367 -> 0 | L131: =G131*K131 -> 0 | M131: =변경내역서!M367 -> 0 | N131: =G131*M131 -> 0 | O131: =IF((H131+K131+M131)=0, "", (H131+K131+M131)) | P131: =I131+L131+N131 -> 23638165
B132: 0402 | D132: 4-2.조명기구 | F132: 식 | G132: 1 | I132: =변경내역서!I775 -> 77419941 | L132: =G132*K132 -> 0 | M132: =변경내역서!M399 -> 0 | N132: =G132*M132 -> 0 | O132: =IF((H132+K132+M132)=0, "", (H132+K132+M132)) | P132: =I132+L132+N132 -> 77419941
B133: 0402 | D133: 4-2.조명기구 | F133: 식 | G133: 1 | I133: =변경내역서!I776 -> 93821738 | K133: =변경내역서!K400 -> 0 | L133: =G133*K133 -> 0 | M133: =변경내역서!M400 -> 0 | N133: =G133*M133 -> 0 | O133: =IF((H133+K133+M133)=0, "", (H133+K133+M133)) | P133: =I133+L133+N133 -> 93821738
B154: 04 | C154: Total | D154: ( 합 계 ) | I154: =I130+I132 -> 99053574 | L154: =TRUNC([2]!sumcol(0,L128:L152)) -> 0 | N154: =TRUNC([2]!sumcol(0,N128:N152)) -> 0 | O154: =IF((H154+K154+M154)=0, "", (H154+K154+M154)) | P154: =I154+L154+N154 -> 99053574
B155: 04 | C155: Total | D155: ( 합 계 ) | I155: =I131+I133 -> 117459903 | L155: =TRUNC([2]!sumcol(0,L129:L153)) -> 0 | N155: =TRUNC([2]!sumcol(0,N129:N153)) -> 0 | O155: =IF((H155+K155+M155)=0, "", (H155+K155+M155)) | P155: =I155+L155+N155 -> 117459903

Sheet 증감대비표
B2: 공 사 비 물 량 증.감 대 비 표
B4: 명 칭 | C4: 규 격 | D4: 단위 | E4: 수량 | F4: 당 초 | I4: 변 경 | L4: 증 · 감(△)
F5: 단 가 | G5: 수 량 | H5: 금 액 | I5: 단 가 | J5: 수 량 | K5: 금 액 | L5: 단 가 | M5: 수 량 | N5: 금 액
B6: 1.옥외공사::1-1.옥외보안등공사 | C6: HI 70 mm | D6: M | E6: 6 | F6: =변경내역서!N5 -> 67413 | G6: =변경내역서!G5 -> 6 | H6: =변경내역서!I5 -> 19338 | I6: =변경내역서!N4 -> 0 | J6: =변경내역서!G4 -> 0 | K6: =변경내역서!I4 -> 0 | L6: =I6-F6 -> -67413 | M6: =J6-G6 -> -6 | N6: =K6-H6 -> -19338
B7: 파상형 폴리에틸렌 전선관 | C7: 30㎜(가로등,신호,구내) | D7: M | E7: 144 | F7: =변경내역서!N7 -> 6217 | G7: =변경내역서!G7 -> 144 | H7: =변경내역서!I7 -> 62064 | I7: =변경내역서!N6 -> 0 | J7: =변경내역서!G6 -> 0 | K7: =변경내역서!I6 -> 0 | L7: =I7-F7 -> -6217 | M7: =J7-G7 -> -144 | N7: =K7-H7 -> -62064
B8: 파상형 폴리에틸렌 전선관 | C8: 40㎜(가로등,신호,구내) | D8: M | E8: 796 | F8: =변경내역서!N9 -> 7643 | G8: =변경내역서!G9 -> 796 | H8: =변경내역서!I9 -> 448944 | I8: =변경내역서!N8 -> 0 | J8: =변경내역서!G8 -> 0 | K8: =변경내역서!I8 -> 0 | L8: =I8-F8 -> -7643 | M8: =J8-G8 -> -796 | N8: =K8-H8 -> -448944
B9: 파상형 폴리에틸렌 전선관 | C9: 65㎜(가로등,신호,구내) | D9: M | E9: 21 | F9: =변경내역서!N11 -> 9957 | G9: =변경내역서!G11 -> 21 | H9: =변경내역서!I11 -> 22680 | I9: =변경내역서!N10 -> 0 | J9: =변경내역서!G10 -> 0 | K9: =변경내역서!I10 -> 0 | L9: =I9-F9 -> -9957 | M9: =J9-G9 -> -21 | N9: =K9-H9 -> -22680
B10: 관로구방수장치 | C10: D65 | D10: 조 | E10: 1 | F10: =변경내역서!N13 -> 64970 | G10: =변경내역서!G13 -> 1 | H10: =변경내역서!I13 -> 15857 | I10: =변경내역서!N12 -> 0 | J10: =변경내역서!G12 -> 0 | K10: =변경내역서!I12 -> 0 | L10: =I10-F10 -> -64970 | M10: =J10-G10 -> -1 | N10: =K10-H10 -> -15857
B11: 경질비닐전선관용 부품 | C11: 노말밴드, 70 mm | D11: 개 | E11: 1 | F11: =변경내역서!N15 -> 3124 | G11: =변경내역서!G15 -> 1 | H11: =변경내역서!I15 -> 3124 | I11: =변경내역서!N14 -> 0 | J11: =변경내역서!G14 -> 0 | K11: =변경내역서!I14 -> 0 | L11: =I11-F11 -> -3124 | M11: =J11-G11 -> -1 | N11: =K11-H11 -> -3124
B12: 풀박스 | C12: 400×400×300 | D12: 개 | E12: 1 | F12: =변경내역서!N17 -> 101182 | G12: =변경내역서!G17 -> 1 | H12: =변경내역서!I17 -> 20945 | I12: =변경내역서!N16 -> 0 | J12: =변경내역서!G16 -> 0 | K12: =변경내역서!I16 -> 0 | L12: =I12-F12 -> -101182 | M12: =J12-G12 -> -1 | N12: =K12-H12 -> -20945
B13: 접지용난연절연전선(FGV) | C13: 6㎟(옥외) | D13: M | E13: 986 | F13: =변경내역서!N19 -> 2112 | G13: =변경내역서!G19 -> 986 | H13: =변경내역서!I19 -> 726682 | I13: =변경내역서!N18 -> 0 | J13: =변경내역서!G18 -> 0 | K13: =변경내역서!I18 -> 0 | L13: =I13-F13 -> -2112 | M13: =J13-G13 -> -986 | N13: =K13-H13 -> -726682
B14: 0.6/1kv 폴리에틸렌 난연케이블 | C14: F-CV 2C×2.5㎟(옥외) | D14: M | E14: 141 | F14: =변경내역서!N21 -> 4412 | G14: =변경내역서!G21 -> 141 | H14: =변경내역서!I21 -> 162150 | I14: =변경내역서!N20 -> 0 | J14: =변경내역서!G20 -> 0 | K14: =변경내역서!I20 -> 0 | L14: =I14-F14 -> -4412 | M14: =J14-G14 -> -141 | N14: =K14-H14 -> -162150
B15: 0.6/1kv 폴리에틸렌 난연케이블 | C15: F-CV 2C×6㎟(옥외) | D15: M | E15: 147 | F15: =변경내역서!N23 -> 5276 | G15: =변경내역서!G23 -> 147 | H15: =변경내역서!I23 -> 296058 | I15: =변경내역서!N22 -> 0 | J15: =변경내역서!G22 -> 0 | K15: =변경내역서!I22 -> 0 | L15: =I15-F15 -> -5276 | M15: =J15-G15 -> -147 | N15: =K15-H15 -> -296058
B16: 0.6/1kv 폴리에틸렌 난연케이블 | C16: F-CV 2C×6㎟(옥외),2열포설1열 | D16: M | E16: 1619 | F16: =변경내역서!N25 -> 4946 | G16: =변경내역서!G25 -> 1619 | H16: =변경내역서!I25 -> 3250952 | I16: =변경내역서!N24 -> 0 | J16: =변경내역서!G24 -> 0 | K16: =변경내역서!I24 -> 0 | L16: =I16-F16 -> -4946 | M16: =J16-G16 -> -1619 | N16: =K16-H16 -> -3250952
B17: 0.6/1kv 폴리에틸렌 난연케이블 | C17: F-CV 2C×6㎟(옥외),5열포설1열 | D17: M | E17: 57 | F17: =변경내역서!N27 -> 4746 | G17: =변경내역서!G27 -> 57 | H17: =변경내역서!I27 -> 114228 | I17: =변경내역서!N26 -> 0 | J17: =변경내역서!G26 -> 0 | K17: =변경내역서!I26 -> 0 | L17: =I17-F17 -> -4746 | M17: =J17-G17 -> -57 | N17: =K17-H17 -> -114228
B18: 0.6/1kv 폴리에틸렌 난연케이블 | C18: F-CV 2C×6㎟(옥외),6열포설1열 | D18: M | E18: 111 | F18: =변경내역서!N29 -> 4711 | G18: =변경내역서!G29 -> 111 | H18: =변경내역서!I29 -> 222333 | I18: =변경내역서!N28 -> 0 | J18: =변경내역서!G28 -> 0 | K18: =변경내역서!I28 -> 0 | L18: =I18-F18 -> -4711 | M18: =J18-G18 -> -111 | N18: =K18-H18 -> -222333
B19: 지중선용 가선철물 | C19: 케이블표지시트, 0.15x150 | D19: M | E19: 900 | F19: =변경내역서!N31 -> 494 | G19: =변경내역서!G31 -> 900 | H19: =변경내역서!I31 -> 218700 | I19: =변경내역서!N30 -> 0 | J19: =변경내역서!G30 -> 0 | K19: =변경내역서!I30 -> 0 | L19: =I19-F19 -> -494 | M19: =J19-G19 -> -900 | N19: =K19-H19 -> -218700
B20: 가로등중공기초 | C20: 접지(유),500*800*700 | D20: 개소 | E20: 30 | F20: =변경내역서!N33 -> 183741 | G20: =변경내역서!G33 -> 30 | H20: =변경내역서!I33 -> 3857820 | I20: =변경내역서!N32 -> 0 | J20: =변경내역서!G32 -> 0 | K20: =변경내역서!I32 -> 0 | L20: =I20-F20 -> -183741 | M20: =J20-G20 -> -30 | N20: =K20-H20 -> -3857820
B21: 가로등 건주 기계화 시공 | C21: 일반 5m-7m | D21: 개소 | E21: 30 | F21: =변경내역서!N35 -> 98669 | G21: =변경내역서!G35 -> 30 | H21: =변경내역서!I35 -> 248610 | I21: =변경내역서!N34 -> 0 | J21: =변경내역서!G34 -> 0 | K21: =변경내역서!I34 -> 0 | L21: =I21-F21 -> -98669 | M21: =J21-G21 -> -30 | N21: =K21-H21 -> -248610
B22: 정원등중공기초 | C22: 400x500x565x400 | D22: 개소 | E22: 22 | F22: =변경내역서!N37 -> 124369 | G22: =변경내역서!G37 -> 22 | H22: =변경내역서!I37 -> 1999448 | I22: =변경내역서!N36 -> 0 | J22: =변경내역서!G36 -> 0 | K22: =변경내역서!I36 -> 0 | L22: =I22-F22 -> -124369 | M22: =J22-G22 -> -22 | N22: =K22-H22 -> -1999448
B23: 기계터파기 | C23: 보통토사(0.7㎥/43.6) | D23: ㎥ | E23: 324 | F23: =변경내역서!N39 -> 1137 | G23: =변경내역서!G39 -> 324 | H23: =변경내역서!I39 -> 107892 | I23: =변경내역서!N38 -> 0 | J23: =변경내역서!G38 -> 0 | K23: =변경내역서!I38 -> 0 | L23: =I23-F23 -> -1137 | M23: =J23-G23 -> -324 | N23: =K23-H23 -> -107892
B24: 기계되메우기 | C24: 보통토사(0.7㎥/43.6) | D24: ㎥ | E24: 324 | F24: =변경내역서!N41 -> 1137 | G24: =변경내역서!G41 -> 324 | H24: =변경내역서!I41 -> 107892 | I24: =변경내역서!N40 -> 0 | J24: =변경내역서!G40 -> 0 | K24: =변경내역서!I40 -> 0 | L24: =I24-F24 -> -1137 | M24: =J24-G24 -> -324 | N24: =K24-H24 -> -107892
B25: 다기능 접속함 | C25: 방수형 | D25: EA | E25: 30 | F25: =변경내역서!N43 -> 84271 | G25: =변경내역서!G43 -> 30 | H25: =변경내역서!I43 -> 1221420 | I25: =변경내역서!N42 -> 0 | J25: =변경내역서!G42 -> 0 | K25: =변경내역서!I42 -> 0 | L25: =I25-F25 -> -84271 | M25: =J25-G25 -> -30 | N25: =K25-H25 -> -1221420
B26: 조명기구(TYPE-OA) | C26: 보안등(열주등)LED 45W,H:4M | D26: SET | E26: 30 | F26: =변경내역서!N45 -> 42790 | G26: =변경내역서!G45 -> 30 | H26: =변경내역서!I45 -> 25140 | I26: =변경내역서!N44 -> 0 | J26: =변경내역서!G44 -> 0 | K26: =변경내역서!I44 -> 0 | L26: =I26-F26 -> -42790 | M26: =J26-G26 -> -30 | N26: =K26-H26 -> -25140
B27: 조명기구(TYEP-OB) | C27: 볼라드 LED 12W | D27: SET | E27: 22 | F27: =변경내역서!N47 -> 36932 | G27: =변경내역서!G47 -> 22 | H27: =변경내역서!I47 -> 15906 | I27: =변경내역서!N46 -> 0 | J27: =변경내역서!G46 -> 0 | K27: =변경내역서!I46 -> 0 | L27: =I27-F27 -> -36932 | M27: =J27-G27 -> -22 | N27: =K27-H27 -> -15906
B28: 풀박스 | C28: 100X100X50 | D28: 개 | F28: =변경내역서!N49 -> 0 | G28: =변경내역서!G49 -> 0 | H28: =변경내역서!I49 -> 0 | I28: =변경내역서!N48 -> 0 | J28: =변경내역서!G48 -> 0 | K28: =변경내역서!I48 -> 0 | L28: =I28-F28 -> 0 | M28: =J28-G28 -> 0 | N28: =K28-H28 -> 0
B29: 난연 비닐 절연 접지용전선(F-GV) | C29: 0.6/1kV 4㎟ | D29: m | E29: 4 | F29: =변경내역서!N51 -> 0 | G29: =변경내역서!G51 -> 0 | H29: =변경내역서!I51 -> 0 | I29: =변경내역서!N50 -> 12062 | J29: =변경내역서!G50 -> 4 | K29: =변경내역서!I50 -> 10652 | L29: =I29-F29 -> 12062 | M29: =J29-G29 -> 4 | N29: =K29-H29 -> 10652
B30: 난연 비닐 절연 접지용전선(F-GV) | C30: 0.6/1kV 6㎟ | D30: m | E30: 564.5 | F30: =변경내역서!N53 -> 0 | G30: =변경내역서!G53 -> 0 | H30: =변경내역서!I53 -> 0 | I30: =변경내역서!N52 -> 3078 | J30: =변경내역서!G52 -> 564.5 | K30: =변경내역서!I52 -> 544178 | L30: =I30-F30 -> 3078 | M30: =J30-G30 -> 564.5 | N30: =K30-H30 -> 544178
B31: 0.6/1kV 난연 전력 케이블(F-CV) | C31: 2C 4㎟ | D31: m | E31: 654.5 | F31: =변경내역서!N55 -> 0 | G31: =변경내역서!G55 -> 0 | H31: =변경내역서!I55 -> 0 | I31: =변경내역서!N54 -> 3179 | J31: =변경내역서!G54 -> 654.5 | K31: =변경내역서!I54 -> 555670 | L31: =I31-F31 -> 3179 | M31: =J31-G31 -> 654.5 | N31: =K31-H31 -> 555670
B32: 0.6/1kV 난연 전력 케이블(F-CV) | C32: 2C 6㎟ | D32: m | E32: 564.5 | F32: =변경내역서!N57 -> 0 | G32: =변경내역서!G57 -> 0 | H32: =변경내역서!I57 -> 0 | I32: =변경내역서!N56 -> 5763 | J32: =변경내역서!G56 -> 564.5 | K32: =변경내역서!I56 -> 946666 | L32: =I32-F32 -> 5763 | M32: =J32-G32 -> 564.5 | N32: =K32-H32 -> 946666
B33: 누전차단기 | C33: ELB 2P 30AF | D33: 개 | E33: 960 | F33: =변경내역서!N59 -> 0 | G33: =변경내역서!G59 -> 0 | H33: =변경내역서!I59 -> 0 | I33: =변경내역서!N58 -> 5960 | J33: =변경내역서!G58 -> 960 | K33: =변경내역서!I58 -> 2184000 | L33: =I33-F33 -> 5960 | M33: =J33-G33 -> 960 | N33: =K33-H33 -> 2184000
B34: 경고테이프 포설 | C34: 저압용 | D34: M | E34: 16 | F34: =변경내역서!N61 -> 0 | G34: =변경내역서!G61 -> 0 | H34: =변경내역서!I61 -> 0 | I34: =변경내역서!N60 -> 72035 | J34: =변경내역서!G60 -> 16 | K34: =변경내역서!I60 -> 652496 | L34: =I34-F34 -> 72035 | M34: =J34-G34 -> 16 | N34: =K34-H34 -> 652496
B35: 파상형 폴리에틸렌 전선관 | C35: 30mm | D35: M | E35: 1116.5 | F35: =변경내역서!N63 -> 0 | G35: =변경내역서!G63 -> 0 | H35: =변경내역서!I63 -> 0 | I35: =변경내역서!N62 -> 536 | J35: =변경내역서!G62 -> 1116.5 | K35: =변경내역서!I62 -> 301455 | L35: =I35-F35 -> 536 | M35: =J35-G35 -> 1116.5 | N35: =K35-H35 -> 301455
B36: 합성수지 파형관(ELP)설치 | C36: 40mm | D36: M | E36: 858.5 | F36: =변경내역서!N65 -> 0 | G36: =변경내역서!G65 -> 0 | H36: =변경내역서!I65 -> 0 | I36: =변경내역서!N64 -> 7022 | J36: =변경내역서!G64 -> 858.5 | K36: =변경내역서!I64 -> 418089 | L36: =I36-F36 -> 7022 | M36: =J36-G36 -> 858.5 | N36: =K36-H36 -> 418089
B37: AL DUCT 신설 | C37: W:50 | D37: m | E37: 306 | F37: =변경내역서!N67 -> 0 | G37: =변경내역서!G67 -> 0 | H37: =변경내역서!I67 -> 0 | I37: =변경내역서!N66 -> 8634 | J37: =변경내역서!G66 -> 306 | K37: =변경내역서!I66 -> 195228 | L37: =I37-F37 -> 8634 | M37: =J37-G37 -> 306 | N37: =K37-H37 -> 195228
B38: 옥외 조명기구(라인조명) | C38: LED 18W | D38: 개 | E38: 60 | F38: =변경내역서!N69 -> 0 | G38: =변경내역서!G69 -> 0 | H38: =변경내역서!I69 -> 0 | I38: =변경내역서!N68 -> 35556 | J38: =변경내역서!G68 -> 60 | K38: =변경내역서!I68 -> 300420 | L38: =I38-F38 -> 35556 | M38: =J38-G38 -> 60 | N38: =K38-H38 -> 300420
B39: 옥외 조명기구(투광등) | C39: LED 54W | D39: 개 | E39: 60 | F39: =변경내역서!N71 -> 0 | G39: =변경내역서!G71 -> 0 | H39: =변경내역서!I71 -> 0 | I39: =변경내역서!N70 -> 33401 | J39: =변경내역서!G70 -> 60 | K39: =변경내역서!I70 -> 58320 | L39: =I39-F39 -> 33401 | M39: =J39-G39 -> 60 | N39: =K39-H39 -> 58320
B40: 투광등 기초 기성품설치 | D40: 개소 | E40: 36 | F40: =변경내역서!N73 -> 0 | G40: =변경내역서!G73 -> 0 | H40: =변경내역서!I73 -> 0 | I40: =변경내역서!N72 -> 50345 | J40: =변경내역서!G72 -> 36 | K40: =변경내역서!I72 -> 52776 | L40: =I40-F40 -> 50345 | M40: =J40-G40 -> 36 | N40: =K40-H40 -> 52776
B41: SMPS함-1 신설 | C41: 옥외 자립형 | D41: 면 | E41: 36 | F41: =변경내역서!N75 -> 0 | G41: =변경내역서!G75 -> 0 | H41: =변경내역서!I75 -> 0 | I41: =변경내역서!N74 -> 112126 | J41: =변경내역서!G74 -> 36 | K41: =변경내역서!I74 -> 1735812 | L41: =I41-F41 -> 112126 | M41: =J41-G41 -> 36 | N41: =K41-H41 -> 1735812
B42: SMPS함-2 신설 | C42: 옥외 자립형 | D42: 면 | E42: 1 | F42: =변경내역서!N77 -> 0 | G42: =변경내역서!G77 -> 0 | H42: =변경내역서!I77 -> 0 | I42: =변경내역서!N76 -> 1750411 | J42: =변경내역서!G76 -> 1 | K42: =변경내역서!I76 -> 1380760 | L42: =I42-F42 -> 1750411 | M42: =J42-G42 -> 1 | N42: =K42-H42 -> 1380760
B43: 자립형 함체 기초 | C43: 1,000x1,000x500 | D43: 식 | E43: 1 | F43: =변경내역서!N79 -> 0 | G43: =변경내역서!G79 -> 0 | H43: =변경내역서!I79 -> 0 | I43: =변경내역서!N78 -> 1774678 | J43: =변경내역서!G78 -> 1 | K43: =변경내역서!I78 -> 1355677 | L43: =I43-F43 -> 1774678 | M43: =J43-G43 -> 1 | N43: =K43-H43 -> 1355677
B44: SMPS함 기초 | C44: SMPS함 기초 | D44: 식 | E44: 1 | F44: =변경내역서!N81 -> 0 | G44: =변경내역서!G81 -> 0 | H44: =변경내역서!I81 -> 0 | I44: =변경내역서!N80 -> 178217 | J44: =변경내역서!G80 -> 1 | K44: =변경내역서!I80 -> 72386 | L44: =I44-F44 -> 178217 | M44: =J44-G44 -> 1 | N44: =K44-H44 -> 72386
B45: 가로등 기초 기성품설치 | D45: 개소 | E45: 2 | F45: =변경내역서!N83 -> 0 | G45: =변경내역서!G83 -> 0 | H45: =변경내역서!I83 -> 0 | I45: =변경내역서!N82 -> 178217 | J45: =변경내역서!G82 -> 2 | K45: =변경내역서!I82 -> 144772 | L45: =I45-F45 -> 178217 | M45: =J45-G45 -> 2 | N45: =K45-H45 -> 144772
B46: 보안등기구 | C46: LED 보안등기구 50W | D46: 등 | E46: 15 | F46: =변경내역서!N85 -> 0 | G46: =변경내역서!G85 -> 0 | H46: =변경내역서!I85 -> 0 | I46: =변경내역서!N84 -> 140637 | J46: =변경내역서!G84 -> 15 | K46: =변경내역서!I84 -> 1150920 | L46: =I46-F46 -> 140637 | M46: =J46-G46 -> 15 | N46: =K46-H46 -> 1150920
B47: POLE LIGHT 기계설치(등기구설치 제외) | C47: 5m~7m | D47: 본 | E47: 15 | F47: =변경내역서!N87 -> 0 | G47: =변경내역서!G87 -> 0 | H47: =변경내역서!I87 -> 0 | I47: =변경내역서!N86 -> 44294 | J47: =변경내역서!G86 -> 15 | K47: =변경내역서!I86 -> 19350 | L47: =I47-F47 -> 44294 | M47: =J47-G47 -> 15 | N47: =K47-H47 -> 19350
B48: 볼라드등 설치 | C48: 볼라드등 설치 | D48: EA | E48: 15 | F48: =변경내역서!N89 -> 0 | G48: =변경내역서!G89 -> 0 | H48: =변경내역서!I89 -> 0 | I48: =변경내역서!N88 -> 102663 | J48: =변경내역서!G88 -> 15 | K48: =변경내역서!I88 -> 88695 | L48: =I48-F48 -> 102663 | M48: =J48-G48 -> 15 | N48: =K48-H48 -> 88695
B49: 지중등 설치 | C49: 지중등 설치 | D49: EA | E49: 27 | F49: =변경내역서!N91 -> 0 | G49: =변경내역서!G91 -> 0 | H49: =변경내역서!I91 -> 0 | I49: =변경내역서!N90 -> 102663 | J49: =변경내역서!G90 -> 27 | K49: =변경내역서!I90 -> 159651 | L49: =I49-F49 -> 102663 | M49: =J49-G49 -> 27 | N49: =K49-H49 -> 159651
B50: 볼라드등 기초 설치 | C50: 볼라드등 기초 | D50: 개소 | E50: 62 | F50: =변경내역서!N93 -> 0 | G50: =변경내역서!G93 -> 0 | H50: =변경내역서!I93 -> 0 | I50: =변경내역서!N92 -> 58575 | J50: =변경내역서!G92 -> 62 | K50: =변경내역서!I92 -> 105772 | L50: =I50-F50 -> 58575 | M50: =J50-G50 -> 62 | N50: =K50-H50 -> 105772
B51: 접지봉 | C51: 18Φ*2400 mm | D51: 개 | E51: 27 | F51: =변경내역서!N95 -> 0 | G51: =변경내역서!G95 -> 0 | H51: =변경내역서!I95 -> 0 | I51: =변경내역서!N94 -> 112126 | J51: =변경내역서!G94 -> 27 | K51: =변경내역서!I94 -> 1301859 | L51: =I51-F51 -> 112126 | M51: =J51-G51 -> 27 | N51: =K51-H51 -> 1301859
B52: 터파기(기계 9:1) | C52: 보통토사. 백호 90%+인력 10% | D52: ㎥ | E52: 15 | F52: =변경내역서!N97 -> 0 | G52: =변경내역서!G97 -> 0 | H52: =변경내역서!I97 -> 0 | I52: =변경내역서!N96 -> 52693 | J52: =변경내역서!G96 -> 15 | K52: =변경내역서!I96 -> 235770 | L52: =I52-F52 -> 52693 | M52: =J52-G52 -> 15 | N52: =K52-H52 -> 235770
B53: 되메우고 다지기(백호+래머) | C53: 토사, T=15cm | D53: M3 | E53: 404.55 | F53: =변경내역서!N99 -> 0 | G53: =변경내역서!G99 -> 0 | H53: =변경내역서!I99 -> 0 | I53: =변경내역서!N98 -> 7509 | J53: =변경내역서!G98 -> 404.55 | K53: =변경내역서!I98 -> 242730 | L53: =I53-F53 -> 7509 | M53: =J53-G53 -> 404.55 | N53: =K53-H53 -> 242730
E54: 404.55 | F54: =변경내역서!N101 -> 0 | G54: =변경내역서!G101 -> 0 | H54: =변경내역서!I101 -> 0 | I54: =변경내역서!N100 -> 7131 | J54: =변경내역서!G100 -> 404.55 | K54: =변경내역서!I100 -> 2672457 | L54: =I54-F54 -> 7131 | M54: =J54-G54 -> 404.55 | N54: =K54-H54 -> 2672457
F55: =변경내역서!N103 -> 0 | G55: =변경내역서!G103 -> 0 | H55: =변경내역서!I103 -> 0 | I55: =변경내역서!N102 -> 0 | J55: =변경내역서!G102 -> 0 | K55: =변경내역서!I102 -> 0 | L55: =I55-F55 -> 0 | M55: =J55-G55 -> 0 | N55: =K55-H55 -> 0
F56: =변경내역서!N105 -> 0 | G56: =변경내역서!G105 -> 0 | H56: =변경내역서!I105 -> 0 | I56: =변경내역서!N104 -> 0 | J56: =변경내역서!G104 -> 0 | K56: =변경내역서!I104 -> 0 | L56: =I56-F56 -> 0 | M56: =J56-G56 -> 0 | N56: =K56-H56 -> 0
F57: =변경내역서!N107 -> 0 | G57: =변경내역서!G107 -> 0 | H57: =변경내역서!I107 -> 0 | I57: =변경내역서!N106 -> 0 | J57: =변경내역서!G106 -> 0 | K57: =변경내역서!I106 -> 0 | L57: =I57-F57 -> 0 | M57: =J57-G57 -> 0 | N57: =K57-H57 -> 0
F58: =변경내역서!N109 -> 0 | G58: =변경내역서!G109 -> 0 | H58: =변경내역서!I109 -> 0 | I58: =변경내역서!N108 -> 0 | J58: =변경내역서!G108 -> 0 | K58: =변경내역서!I108 -> 0 | L58: =I58-F58 -> 0 | M58: =J58-G58 -> 0 | N58: =K58-H58 -> 0
F59: =변경내역서!N111 -> 0 | G59: =변경내역서!G111 -> 0 | H59: =변경내역서!I111 -> 0 | I59: =변경내역서!N110 -> 0 | J59: =변경내역서!G110 -> 0 | K59: =변경내역서!I110 -> 0 | L59: =I59-F59 -> 0 | M59: =J59-G59 -> 0 | N59: =K59-H59 -> 0
B60: ( 합 계 ) | F60: =변경내역서!N113 -> 0 | G60: =변경내역서!G113 -> 0 | H60: =변경내역서!I113 -> 13168183 | I60: =변경내역서!N112 -> 0 | J60: =변경내역서!G112 -> 0 | K60: =변경내역서!I114 -> 16886561 | L60: =I60-F60 -> 0 | M60: =J60-G60 -> 0 | N60: =K60-H60 -> 3718378
B62: 경질비닐전선관 | C62: HI 36 mm | D62: M | E62: 15 | F62: =변경내역서!N117 -> 0 | G62: =변경내역서!G117 -> 0 | H62: =변경내역서!I117 -> 0 | I62: =변경내역서!N116 -> 24173 | J62: =변경내역서!G116 -> 15 | K62: =변경내역서!I116 -> 18735 | L62: =I62-F62 -> 24173 | M62: =J62-G62 -> 15 | N62: =K62-H62 -> 18735
B63: 파상형 폴리에틸렌 전선관 | C63: 30㎜ | D63: M | E63: 52 | F63: =변경내역서!N119 -> 0 | G63: =변경내역서!G119 -> 0 | H63: =변경내역서!I119 -> 0 | I63: =변경내역서!N118 -> 4249 | J63: =변경내역서!G118 -> 52 | K63: =변경내역서!I118 -> 20384 | L63: =I63-F63 -> 4249 | M63: =J63-G63 -> 52 | N63: =K63-H63 -> 20384
B64: 파상형 폴리에틸렌 전선관 | C64: 125㎜ | D64: M | E64: 125 | F64: =변경내역서!N121 -> 0 | G64: =변경내역서!G121 -> 0 | H64: =변경내역서!I121 -> 0 | I64: =변경내역서!N120 -> 14306 | J64: =변경내역서!G120 -> 125 | K64: =변경내역서!I120 -> 327000 | L64: =I64-F64 -> 14306 | M64: =J64-G64 -> 125 | N64: =K64-H64 -> 327000
B65: 관로구방수장치 | C65: D30 | D65: 조 | E65: 4 | F65: =변경내역서!N123 -> 0 | G65: =변경내역서!G123 -> 0 | H65: =변경내역서!I123 -> 0 | I65: =변경내역서!N122 -> 59524 | J65: =변경내역서!G122 -> 4 | K65: =변경내역서!I122 -> 41644 | L65: =I65-F65 -> 59524 | M65: =J65-G65 -> 4 | N65: =K65-H65 -> 41644
B66: 관로구방수장치 | C66: D125 | D66: 조 | E66: 1 | F66: =변경내역서!N125 -> 0 | G66: =변경내역서!G125 -> 0 | H66: =변경내역서!I125 -> 0 | I66: =변경내역서!N124 -> 92259 | J66: =변경내역서!G124 -> 1 | K66: =변경내역서!I124 -> 28371 | L66: =I66-F66 -> 92259 | M66: =J66-G66 -> 1 | N66: =K66-H66 -> 28371
B67: 경질비닐전선관용 부품 | C67: 노말밴드, 36 mm | D67: 개 | E67: 2 | F67: =변경내역서!N127 -> 0 | G67: =변경내역서!G127 -> 0 | H67: =변경내역서!I127 -> 0 | I67: =변경내역서!N126 -> 808 | J67: =변경내역서!G126 -> 2 | K67: =변경내역서!I126 -> 1616 | L67: =I67-F67 -> 808 | M67: =J67-G67 -> 2 | N67: =K67-H67 -> 1616
B68: 풀박스 | C68: 150×150×100 | D68: 개 | E68: 2 | F68: =변경내역서!N129 -> 0 | G68: =변경내역서!G129 -> 0 | H68: =변경내역서!I129 -> 0 | I68: =변경내역서!N128 -> 53884 | J68: =변경내역서!G128 -> 2 | K68: =변경내역서!I128 -> 6900 | L68: =I68-F68 -> 53884 | M68: =J68-G68 -> 2 | N68: =K68-H68 -> 6900
B69: 0.6/1kv 폴리에틸렌 난연케이블 | C69: F-CV1C×240㎟옥외4열포설1열당 | D69: M | E69: 514 | F69: =변경내역서!N131 -> 0 | G69: =변경내역서!G131 -> 0 | H69: =변경내역서!I131 -> 0 | I69: =변경내역서!N130 -> 30988 | J69: =변경내역서!G130 -> 514 | K69: =변경내역서!I130 -> 12921960 | L69: =I69-F69 -> 30988 | M69: =J69-G69 -> 514 | N69: =K69-H69 -> 12921960
B70: 0.6/1kv 폴리에틸렌 난연케이블 | C70: F-CV 4C×6㎟(옥외) | D70: M | E70: 71 | F70: =변경내역서!N133 -> 0 | G70: =변경내역서!G133 -> 0 | H70: =변경내역서!I133 -> 0 | I70: =변경내역서!N132 -> 7975 | J70: =변경내역서!G132 -> 71 | K70: =변경내역서!I132 -> 249068 | L70: =I70-F70 -> 7975 | M70: =J70-G70 -> 71 | N70: =K70-H70 -> 249068
B71: 러그단자(IEC 90) | C71: 동관단자 2 HOLE 240 ㎟ | D71: 개 | E71: 8 | F71: =변경내역서!N135 -> 0 | G71: =변경내역서!G135 -> 0 | H71: =변경내역서!I135 -> 0 | I71: =변경내역서!N134 -> 60519 | J71: =변경내역서!G134 -> 8 | K71: =변경내역서!I134 -> 39560 | L71: =I71-F71 -> 60519 | M71: =J71-G71 -> 8 | N71: =K71-H71 -> 39560
B72: 지중선용 가선철물 | C72: 케이블표지시트, 0.15x150 | D72: M | E72: 175 | F72: =변경내역서!N137 -> 0 | G72: =변경내역서!G137 -> 0 | H72: =변경내역서!I137 -> 0 | I72: =변경내역서!N136 -> 494 | J72: =변경내역서!G136 -> 175 | K72: =변경내역서!I136 -> 42525 | L72: =I72-F72 -> 494 | M72: =J72-G72 -> 175 | N72: =K72-H72 -> 42525
B73: 맨홀 | C73: 1000x1000x1000 | D73: 개소 | E73: 2 | F73: =변경내역서!N139 -> 0 | G73: =변경내역서!G139 -> 0 | H73: =변경내역서!I139 -> 0 | I73: =변경내역서!N138 -> 1038120 | J73: =변경내역서!G138 -> 2 | K73: =변경내역서!I138 -> 1185470 | L73: =I73-F73 -> 1038120 | M73: =J73-G73 -> 2 | N73: =K73-H73 -> 1185470
B74: 기계터파기 | C74: 보통토사(0.7㎥/43.6) | D74: ㎥ | E74: 126 | F74: =변경내역서!N141 -> 0 | G74: =변경내역서!G141 -> 0 | H74: =변경내역서!I141 -> 0 | I74: =변경내역서!N140 -> 1137 | J74: =변경내역서!G140 -> 126 | K74: =변경내역서!I140 -> 41958 | L74: =I74-F74 -> 1137 | M74: =J74-G74 -> 126 | N74: =K74-H74 -> 41958
B75: 기계되메우기 | C75: 보통토사(0.7㎥/43.6) | D75: ㎥ | E75: 126 | F75: =변경내역서!N143 -> 0 | G75: =변경내역서!G143 -> 0 | H75: =변경내역서!I143 -> 0 | I75: =변경내역서!N142 -> 1137 | J75: =변경내역서!G142 -> 126 | K75: =변경내역서!I142 -> 41958 | L75: =I75-F75 -> 1137 | M75: =J75-G75 -> 126 | N75: =K75-H75 -> 41958
B76: 전주입상관 설치 | C76: HI 104C | D76: M | E76: 10 | F76: =변경내역서!N145 -> 137631 | G76: =변경내역서!G145 -> 10 | H76: =변경내역서!I145 -> 79120 | I76: =변경내역서!N144 -> 0 | J76: =변경내역서!G144 -> 0 | K76: =변경내역서!I144 -> 0 | L76: =I76-F76 -> -137631 | M76: =J76-G76 -> -10 | N76: =K76-H76 -> -79120
B77: ST 케이블 트레이-STRAIGHT | C77: W400x100Hx2.3t | D77: m | E77: 1 | F77: =변경내역서!N147 -> 91699 | G77: =변경내역서!G147 -> 1 | H77: =변경내역서!I147 -> 35300 | I77: =변경내역서!N146 -> 0 | J77: =변경내역서!G146 -> 0 | K77: =변경내역서!I146 -> 0 | L77: =I77-F77 -> -91699 | M77: =J77-G77 -> -1 | N77: =K77-H77 -> -35300
B78: 난연 비닐 절연 접지용전선(F-GV) | C78: 0.6/1kV 4㎟ | D78: m | E78: 72 | F78: =변경내역서!N149 -> 3078 | G78: =변경내역서!G149 -> 72 | H78: =변경내역서!I149 -> 69408 | I78: =변경내역서!N148 -> 0 | J78: =변경내역서!G148 -> 0 | K78: =변경내역서!I148 -> 0 | L78: =I78-F78 -> -3078 | M78: =J78-G78 -> -72 | N78: =K78-H78 -> -69408
B79: 난연 비닐 절연 접지용전선(F-GV) | C79: 0.6/1kV 6㎟ | D79: m | E79: 47 | F79: =변경내역서!N151 -> 3179 | G79: =변경내역서!G151 -> 47 | H79: =변경내역서!I151 -> 39903 | I79: =변경내역서!N150 -> 0 | J79: =변경내역서!G150 -> 0 | K79: =변경내역서!I150 -> 0 | L79: =I79-F79 -> -3179 | M79: =J79-G79 -> -47 | N79: =K79-H79 -> -39903
B80: 난연 비닐 절연 접지용전선(F-GV) | C80: 0.6/1kV 16㎟ | D80: m | E80: 165 | F80: =변경내역서!N153 -> 4430 | G80: =변경내역서!G153 -> 165 | H80: =변경내역서!I153 -> 323895 | I80: =변경내역서!N152 -> 0 | J80: =변경내역서!G152 -> 0 | K80: =변경내역서!I152 -> 0 | L80: =I80-F80 -> -4430 | M80: =J80-G80 -> -165 | N80: =K80-H80 -> -323895
B81: 난연 비닐 절연 접지용전선(F-GV) | C81: 0.6/1kV 16㎟ | D81: m | E81: 165 | F81: =변경내역서!N155 -> 4430 | G81: =변경내역서!G155 -> 165 | H81: =변경내역서!I155 -> 323895 | I81: =변경내역서!N154 -> 0 | J81: =변경내역서!G154 -> 0 | K81: =변경내역서!I154 -> 0 | L81: =I81-F81 -> -4430 | M81: =J81-G81 -> -165 | N81: =K81-H81 -> -323895
B82: 난연 비닐 절연 접지용전선(F-GV) | C82: 0.6/1kV 25㎟ | D82: m | E82: 228 | F82: =변경내역서!N157 -> 6296 | G82: =변경내역서!G157 -> 228 | H82: =변경내역서!I157 -> 873012 | I82: =변경내역서!N156 -> 0 | J82: =변경내역서!G156 -> 0 | K82: =변경내역서!I156 -> 0 | L82: =I82-F82 -> -6296 | M82: =J82-G82 -> -228 | N82: =K82-H82 -> -873012
B83: 난연 비닐 절연 접지용전선(F-GV) | C83: 0.6/1kV 185㎟ | D83: m | E83: 19.5 | F83: =변경내역서!N159 -> 30857 | G83: =변경내역서!G159 -> 19.5 | H83: =변경내역서!I159 -> 505498 | I83: =변경내역서!N158 -> 0 | J83: =변경내역서!G158 -> 0 | K83: =변경내역서!I158 -> 0 | L83: =I83-F83 -> -30857 | M83: =J83-G83 -> -19.5 | N83: =K83-H83 -> -505498
B84: 0.6/1kV 난연 전력 케이블(F-CV)-4열동시 | C84: 1C 50㎟ | D84: m | E84: 912 | F84: =변경내역서!N161 -> 10009 | G84: =변경내역서!G161 -> 912 | H84: =변경내역서!I161 -> 6898368 | I84: =변경내역서!N160 -> 0 | J84: =변경내역서!G160 -> 0 | K84: =변경내역서!I160 -> 0 | L84: =I84-F84 -> -10009 | M84: =J84-G84 -> -912 | N84: =K84-H84 -> -6898368
B85: 0.6/1kV 난연 전력 케이블(F-CV)-4열동시 | C85: 1C 185㎟ | D85: m | E85: 212 | F85: =변경내역서!N163 -> 33368 | G85: =변경내역서!G163 -> 212 | H85: =변경내역서!I163 -> 5986880 | I85: =변경내역서!N162 -> 0 | J85: =변경내역서!G162 -> 0 | K85: =변경내역서!I162 -> 0 | L85: =I85-F85 -> -33368 | M85: =J85-G85 -> -212 | N85: =K85-H85 -> -5986880
B86: 0.6/1kV 난연 전력 케이블(F-CV) | C86: 2C 4㎟ | D86: m | E86: 72 | F86: =변경내역서!N165 -> 5763 | G86: =변경내역서!G165 -> 72 | H86: =변경내역서!I165 -> 120744 | I86: =변경내역서!N164 -> 0 | J86: =변경내역서!G164 -> 0 | K86: =변경내역서!I164 -> 0 | L86: =I86-F86 -> -5763 | M86: =J86-G86 -> -72 | N86: =K86-H86 -> -120744
B87: 0.6/1kV 난연 전력 케이블(F-CV) | C87: 4C 6㎟ | D87: m | E87: 47 | F87: =변경내역서!N167 -> 13284 | G87: =변경내역서!G167 -> 47 | H87: =변경내역서!I167 -> 190162 | I87: =변경내역서!N166 -> 0 | J87: =변경내역서!G166 -> 0 | K87: =변경내역서!I166 -> 0 | L87: =I87-F87 -> -13284 | M87: =J87-G87 -> -47 | N87: =K87-H87 -> -190162
B88: 0.6/1kV 난연 전력 케이블(F-CV) | C88: 4C 16㎟ | D88: m | E88: 165 | F88: =변경내역서!N169 -> 26256 | G88: =변경내역서!G169 -> 165 | H88: =변경내역서!I169 -> 1812360 | I88: =변경내역서!N168 -> 0 | J88: =변경내역서!G168 -> 0 | K88: =변경내역서!I168 -> 0 | L88: =I88-F88 -> -26256 | M88: =J88-G88 -> -165 | N88: =K88-H88 -> -1812360
B89: 경고테이프 포설 | C89: 저압용 | D89: M | E89: 252.5 | F89: =변경내역서!N171 -> 536 | G89: =변경내역서!G171 -> 252.5 | H89: =변경내역서!I171 -> 68175 | I89: =변경내역서!N170 -> 0 | J89: =변경내역서!G170 -> 0 | K89: =변경내역서!I170 -> 0 | L89: =I89-F89 -> -536 | M89: =J89-G89 -> -252.5 | N89: =K89-H89 -> -68175
B90: 러그단자 | C90: 동관단자 1H 16㎟ | D90: 개 | E90: 20 | F90: =변경내역서!N173 -> 21511 | G90: =변경내역서!G173 -> 20 | H90: =변경내역서!I173 -> 16480 | I90: =변경내역서!N172 -> 0 | J90: =변경내역서!G172 -> 0 | K90: =변경내역서!I172 -> 0 | L90: =I90-F90 -> -21511 | M90: =J90-G90 -> -20 | N90: =K90-H90 -> -16480
B91: 러그단자 | C91: 동관단자 1H 25㎟ | D91: 개 | E91: 6 | F91: =변경내역서!N175 -> 16083 | G91: =변경내역서!G175 -> 6 | H91: =변경내역서!I175 -> 4560 | I91: =변경내역서!N174 -> 0 | J91: =변경내역서!G174 -> 0 | K91: =변경내역서!I174 -> 0 | L91: =I91-F91 -> -16083 | M91: =J91-G91 -> -6 | N91: =K91-H91 -> -4560
B92: 러그단자 | C92: 동관단자 1H 50㎟ | D92: 개 | E92: 24 | F92: =변경내역서!N177 -> 32177 | G92: =변경내역서!G177 -> 24 | H92: =변경내역서!I177 -> 36720 | I92: =변경내역서!N176 -> 0 | J92: =변경내역서!G176 -> 0 | K92: =변경내역서!I176 -> 0 | L92: =I92-F92 -> -32177 | M92: =J92-G92 -> -24 | N92: =K92-H92 -> -36720
B93: 러그단자 | C93: 동관단자 2H 185㎟ | D93: 개 | E93: 27 | F93: =변경내역서!N179 -> 58674 | G93: =변경내역서!G179 -> 27 | H93: =변경내역서!I179 -> 177498 | I93: =변경내역서!N178 -> 0 | J93: =변경내역서!G178 -> 0 | K93: =변경내역서!I178 -> 0 | L93: =I93-F93 -> -58674 | M93: =J93-G93 -> -27 | N93: =K93-H93 -> -177498
B94: 핸드홀(수공1호) | C94: 950*450*700 | D94: 조 | E94: 3 | F94: =변경내역서!N181 -> 1186530 | G94: =변경내역서!G181 -> 3 | H94: =변경내역서!I181 -> 2251491 | I94: =변경내역서!N180 -> 0 | J94: =변경내역서!G180 -> 0 | K94: =변경내역서!I180 -> 0 | L94: =I94-F94 -> -1186530 | M94: =J94-G94 -> -3 | N94: =K94-H94 -> -2251491
B95: 접지공사(접지봉매설) | D95: 개소 | E95: 1 | F95: =변경내역서!N183 -> 179393 | G95: =변경내역서!G183 -> 1 | H95: =변경내역서!I183 -> 52854 | I95: =변경내역서!N182 -> 0 | J95: =변경내역서!G182 -> 0 | K95: =변경내역서!I182 -> 0 | L95: =I95-F95 -> -179393 | M95: =J95-G95 -> -1 | N95: =K95-H95 -> -52854
B96: 파상형 폴리에틸렌 전선관 | C96: 30mm | D96: M | E96: 70 | F96: =변경내역서!N185 -> 7022 | G96: =변경내역서!G185 -> 70 | H96: =변경내역서!I185 -> 34090 | I96: =변경내역서!N184 -> 0 | J96: =변경내역서!G184 -> 0 | K96: =변경내역서!I184 -> 0 | L96: =I96-F96 -> -7022 | M96: =J96-G96 -> -70 | N96: =K96-H96 -> -34090
B97: 합성수지 파형관(ELP)설치 | C97: 40mm | D97: M | E97: 45 | F97: =변경내역서!N187 -> 8634 | G97: =변경내역서!G187 -> 45 | H97: =변경내역서!I187 -> 28710 | I97: =변경내역서!N186 -> 0 | J97: =변경내역서!G186 -> 0 | K97: =변경내역서!I186 -> 0 | L97: =I97-F97 -> -8634 | M97: =J97-G97 -> -45 | N97: =K97-H97 -> -28710
B98: 합성수지 파형관(ELP)설치 | C98: 50mm | D98: M | E98: 172.5 | F98: =변경내역서!N189 -> 5892 | G98: =변경내역서!G189 -> 172.5 | H98: =변경내역서!I189 -> 159907 | I98: =변경내역서!N188 -> 0 | J98: =변경내역서!G188 -> 0 | K98: =변경내역서!I188 -> 0 | L98: =I98-F98 -> -5892 | M98: =J98-G98 -> -172.5 | N98: =K98-H98 -> -159907
B99: 합성수지 파형관(ELP)설치 | C99: 65mm | D99: M | E99: 220 | F99: =변경내역서!N191 -> 7342 | G99: =변경내역서!G191 -> 220 | H99: =변경내역서!I191 -> 245740 | I99: =변경내역서!N190 -> 0 | J99: =변경내역서!G190 -> 0 | K99: =변경내역서!I190 -> 0 | L99: =I99-F99 -> -7342 | M99: =J99-G99 -> -220 | N99: =K99-H99 -> -245740
B100: 합성수지 파형관(ELP)설치 | C100: 100mm | D100: M | E100: 45 | F100: =변경내역서!N193 -> 11616 | G100: =변경내역서!G193 -> 45 | H100: =변경내역서!I193 -> 107505 | I100: =변경내역서!N192 -> 0 | J100: =변경내역서!G192 -> 0 | K100: =변경내역서!I192 -> 0 | L100: =I100-F100 -> -11616 | M100: =J100-G100 -> -45 | N100: =K100-H100 -> -107505
B101: 자립형 함체 기초 | C101: 1,000x1,000x500 | D101: 식 | E101: 1 | F101: =변경내역서!N195 -> 178217 | G101: =변경내역서!G195 -> 1 | H101: =변경내역서!I195 -> 72386 | I101: =변경내역서!N194 -> 0 | J101: =변경내역서!G194 -> 0 | K101: =변경내역서!I194 -> 0 | L101: =I101-F101 -> -178217 | M101: =J101-G101 -> -1 | N101: =K101-H101 -> -72386
B102: 계량기함 설치 | D102: 면 | E102: 1 | F102: =변경내역서!N197 -> 229945 | G102: =변경내역서!G197 -> 1 | H102: =변경내역서!I197 -> 6697 | I102: =변경내역서!N196 -> 0 | J102: =변경내역서!G196 -> 0 | K102: =변경내역서!I196 -> 0 | L102: =I102-F102 -> -229945 | M102: =J102-G102 -> -1 | N102: =K102-H102 -> -6697
B103: 분전반 신설(LP-M) | C103: 옥외벽부자립형 | D103: 면 | E103: 1 | F103: =변경내역서!N199 -> 297719 | G103: =변경내역서!G199 -> 1 | H103: =변경내역서!I199 -> 8671 | I103: =변경내역서!N198 -> 0 | J103: =변경내역서!G198 -> 0 | K103: =변경내역서!I198 -> 0 | L103: =I103-F103 -> -297719 | M103: =J103-G103 -> -1 | N103: =K103-H103 -> -8671
...

Sheet 변경내역서
A1: 총줄수-> | B1: 341 | D1: [ 평창 에코랜드 조성사업(전기) ] | X1: 노임 계산 정보 | AB1: 부속재 및 손료
A2: 번호 | B2: 공종코드 | C2: 코드 | D2: 명 칭 | E2: 규 격 | F2: 단위 | G2: 수량 | H2: 재료비 | J2: 노무비 | L2: 경비 | N2: 단가 | O2: 합 계 | P2: 증감 | R2: 비고 | X2: 노임계 | Y2: 전체(%) | Z2: 공종별(%) | AA2: 노임 소수 | AB2: CD배관재 | AC2: 일반배관재 | AD2: 소모재 | AE2: 자재계 | AF2: 노임계
H3: 단가 | I3: 금액 | J3: 단가 | K3: 금액 | L3: 단가 | M3: 금액 | N3: 합 계 | P3: 수량 | Q3: 금액 | AE3: =IF(옵션!$C$11 =0, "1", 옵션!$C$11) -> 1 | AF3: =IF(옵션!$C$12 =0, "1", 옵션!$C$12) -> 1
B4: 공종줄 | D4: 1.옥외공사::1-1.옥외보안등공사
A5: 5975B467018 | B5: 0101 | C5: 5975B467018 | D5: 경질비닐전선관 | E5: HI 70 mm | F5: M | G5: 6 | H5: 3223 | I5: 19338 | J5: 64190 | K5: 385140 | L5: 0 | M5: 0 | N5: =H5+J5 -> 67413 | O5: =IF((I5+K5+M5)=0, "", (I5+K5+M5)) -> 404478 | P5: =G6-G5 -> -6 | Q5: =O6-O5 -> -404478 | R5: 제 17호 | AC5: 19344 | AD5: 19344 | AF5: 385140
A6: 5975B467018 | B6: 0101 | C6: 5975B467018 | AC6: =I6 -> 0 | AD6: =G6*H6 -> 0 | AF6: =K6 -> 0
A7: 56959000176 | B7: 0101 | C7: 56959000176 | D7: 파상형 폴리에틸렌 전선관 | E7: 30㎜(가로등,신호,구내) | F7: M | G7: 144 | H7: 431 | I7: 62064 | J7: 5786 | K7: 833184 | L7: 0 | M7: 0 | N7: =H7+J7 -> 6217 | O7: =IF((I7+K7+M7)=0, "", (I7+K7+M7)) -> 895248 | P7: =G8-G7 -> -144 | Q7: =O8-O7 -> -895248 | R7: 제 76호 | AC7: 62064 | AD7: 62064 | AF7: 833184
A8: 56959000176 | B8: 0101 | C8: 56959000176 | AC8: =I8 -> 0 | AD8: =G8*H8 -> 0 | AF8: =K8 -> 0
A9: 56959000177 | B9: 0101 | C9: 56959000177 | D9: 파상형 폴리에틸렌 전선관 | E9: 40㎜(가로등,신호,구내) | F9: M | G9: 796 | H9: 564 | I9: 448944 | J9: 7079 | K9: 5634884 | L9: 0 | M9: 0 | N9: =H9+J9 -> 7643 | O9: =IF((I9+K9+M9)=0, "", (I9+K9+M9)) -> 6083828 | P9: =G10-G9 -> -796 | Q9: =O10-O9 -> -6083828 | R9: 제 77호 | AC9: 449740 | AD9: 449740 | AF9: 5635680
A10: 56959000177 | B10: 0101 | C10: 56959000177 | AC10: =I10 -> 0 | AD10: =G10*H10 -> 0 | AF10: =K10 -> 0
A11: 56959000191 | B11: 0101 | C11: 56959000191 | D11: 파상형 폴리에틸렌 전선관 | E11: 65㎜(가로등,신호,구내) | F11: M | G11: 21 | H11: 1080 | I11: 22680 | J11: 8877 | K11: 186417 | L11: 0 | M11: 0 | N11: =H11+J11 -> 9957 | O11: =IF((I11+K11+M11)=0, "", (I11+K11+M11)) -> 209097 | P11: =G12-G11 -> -21 | Q11: =O12-O11 -> -209097 | R11: 제 91호 | AC11: 22680 | AD11: 22680 | AF11: 186417
A12: 56959000191 | B12: 0101 | C12: 56959000191 | N12: =H12+J12 -> 0 | AC12: =I12 -> 0 | AD12: =G12*H12 -> 0 | AF12: =K12 -> 0
A13: 5975E877202 | B13: 0101 | C13: 5975E877202 | D13: 관로구방수장치 | E13: D65 | F13: 조 | G13: 1 | H13: 15857 | I13: 15857 | J13: 49113 | K13: 49113 | L13: 0 | M13: 0 | N13: =H13+J13 -> 64970 | O13: =IF((I13+K13+M13)=0, "", (I13+K13+M13)) -> 64970 | P13: =G14-G13 -> -1 | Q13: =O14-O13 -> -64970 | R13: 제 29호 | AF13: 49114
A14: 5975E877202 | B14: 0101 | C14: 5975E877202 | N14: =H14+J14 -> 0 | AF14: =K14 -> 0
A15: 5975J027005 | B15: 0101 | C15: 5975J027005 | D15: 경질비닐전선관용 부품 | E15: 노말밴드, 70 mm | F15: 개 | G15: 1 | H15: 3124 | I15: 3124 | J15: 0 | K15: 0 | L15: 0 | M15: 0 | N15: =H15+J15 -> 3124 | O15: =IF((I15+K15+M15)=0, "", (I15+K15+M15)) -> 3124 | P15: =G16-G15 -> -1 | Q15: =O16-O15 -> -3124 | R15: 제 35호
A16: 5975J027005 | B16: 0101 | C16: 5975J027005 | N16: =H16+J16 -> 0
A17: 5975D857181 | B17: 0101 | C17: 5975D857181 | D17: 풀박스 | E17: 400×400×300 | F17: 개 | G17: 1 | H17: 20945 | I17: 20945 | J17: 80237 | K17: 80237 | L17: 0 | M17: 0 | N17: =H17+J17 -> 101182 | O17: =IF((I17+K17+M17)=0, "", (I17+K17+M17)) -> 101182 | P17: =G18-G17 -> -1 | Q17: =O18-O17 -> -101182 | R17: 제 48호 | AF17: 80238
A18: 5975D857181 | B18: 0101 | C18: 5975D857181 | N18: =H18+J18 -> 0 | AF18: =K18 -> 0
A19: 56959000173 | B19: 0101 | C19: 56959000173 | D19: 접지용난연절연전선(FGV) | E19: 6㎟(옥외) | F19: M | G19: 986 | H19: 737 | I19: 726682 | J19: 1375 | K19: 1355750 | L19: 0 | M19: 0 | N19: =H19+J19 -> 2112 | O19: =IF((I19+K19+M19)=0, "", (I19+K19+M19)) -> 2082432 | P19: =G20-G19 -> -986 | Q19: =O20-O19 -> -2082432 | R19: 제 73호 | AD19: 727668 | AF19: 1355750
A20: 56959000173 | B20: 0101 | C20: 56959000173 | N20: =H20+J20 -> 0 | AD20: =G20*H20 -> 0 | AF20: =K20 -> 0
A21: 56959000172 | B21: 0101 | C21: 56959000172 | D21: 0.6/1kv 폴리에틸렌 난연케이블 | E21: F-CV 2C×2.5㎟(옥외) | F21: M | G21: 141 | H21: 1150 | I21: 162150 | J21: 3262 | K21: 459942 | L21: 0 | M21: 0 | N21: =H21+J21 -> 4412 | O21: =IF((I21+K21+M21)=0, "", (I21+K21+M21)) -> 622092 | P21: =G22-G21 -> -141 | Q21: =O22-O21 -> -622092 | R21: 제 72호 | AD21: 162150 | AF21: 460083
A22: 56959000172 | B22: 0101 | C22: 56959000172 | N22: =H22+J22 -> 0 | AD22: =G22*H22 -> 0 | AF22: =K22 -> 0
A23: 56959000170 | B23: 0101 | C23: 56959000170 | D23: 0.6/1kv 폴리에틸렌 난연케이블 | E23: F-CV 2C×6㎟(옥외) | F23: M | G23: 147 | H23: 2014 | I23: 296058 | J23: 3262 | K23: 479514 | L23: 0 | M23: 0 | N23: =H23+J23 -> 5276 | O23: =IF((I23+K23+M23)=0, "", (I23+K23+M23)) -> 775572 | P23: =G24-G23 -> -147 | Q23: =O24-O23 -> -775572 | R23: 제 70호 | AD23: 296205 | AF23: 479661
A24: 56959000170 | B24: 0101 | C24: 56959000170 | N24: =H24+J24 -> 0 | AD24: =G24*H24 -> 0 | AF24: =K24 -> 0
A25: 56959000171 | B25: 0101 | C25: 56959000171 | D25: 0.6/1kv 폴리에틸렌 난연케이블 | E25: F-CV 2C×6㎟(옥외),2열포설1열 | F25: M | G25: 1619 | H25: 2008 | I25: 3250952 | J25: 2938 | K25: 4756622 | L25: 0 | M25: 0 | N25: =H25+J25 -> 4946 | O25: =IF((I25+K25+M25)=0, "", (I25+K25+M25)) -> 8007574 | P25: =G26-G25 -> -1619 | Q25: =O26-O25 -> -8007574 | R25: 제 71호 | AD25: 3250952 | AF25: 4758241
A26: 56959000171 | B26: 0101 | C26: 56959000171 | N26: =H26+J26 -> 0 | AD26: =G26*H26 -> 0 | AF26: =K26 -> 0
A27: 56959000192 | B27: 0101 | C27: 56959000192 | D27: 0.6/1kv 폴리에틸렌 난연케이블 | E27: F-CV 2C×6㎟(옥외),5열포설1열 | F27: M | G27: 57 | H27: 2004 | I27: 114228 | J27: 2742 | K27: 156294 | L27: 0 | M27: 0 | N27: =H27+J27 -> 4746 | O27: =IF((I27+K27+M27)=0, "", (I27+K27+M27)) -> 270522 | P27: =G28-G27 -> -57 | Q27: =O28-O27 -> -270522 | R27: 제 92호 | AD27: 114228 | AF27: 156294
A28: 56959000192 | B28: 0101 | C28: 56959000192 | N28: =H28+J28 -> 0 | AD28: =G28*H28 -> 0 | AF28: =K28 -> 0
A29: 56959000193 | B29: 0101 | C29: 56959000193 | D29: 0.6/1kv 폴리에틸렌 난연케이블 | E29: F-CV 2C×6㎟(옥외),6열포설1열 | F29: M | G29: 111 | H29: 2003 | I29: 222333 | J29: 2708 | K29: 300588 | L29: 0 | M29: 0 | N29: =H29+J29 -> 4711 | O29: =IF((I29+K29+M29)=0, "", (I29+K29+M29)) -> 522921 | P29: =G30-G29 -> -111 | Q29: =O30-O29 -> -522921 | R29: 제 93호 | AD29: 222333 | AF29: 300588
A30: 56959000193 | B30: 0101 | C30: 56959000193 | N30: =H30+J30 -> 0 | AD30: =G30*H30 -> 0 | AF30: =K30 -> 0
A31: 5975F057152 | B31: 0101 | C31: 5975F057152 | D31: 지중선용 가선철물 | E31: 케이블표지시트, 0.15x150 | F31: M | G31: 900 | H31: 243 | I31: 218700 | J31: 251 | K31: 225900 | L31: 0 | M31: 0 | N31: =H31+J31 -> 494 | O31: =IF((I31+K31+M31)=0, "", (I31+K31+M31)) -> 444600 | P31: =G32-G31 -> -900 | Q31: =O32-O31 -> -444600 | R31: 제 67호 | AF31: 225900
A32: 5975F057152 | B32: 0101 | C32: 5975F057152 | N32: =H32+J32 -> 0 | AF32: =K32 -> 0
A33: 56951004514 | B33: 0101 | C33: 56951004514 | D33: 가로등중공기초 | E33: 접지(유),500*800*700 | F33: 개소 | G33: 30 | H33: 128594 | I33: 3857820 | J33: 55147 | K33: 1654410 | L33: 4817 | M33: =TRUNC(G33*L33) -> 144510 | N33: =H33+J33 -> 183741 | O33: =IF((I33+K33+M33)=0, "", (I33+K33+M33)) -> 5656740 | P33: =G34-G33 -> -30 | Q33: =O34-O33 -> -5656740 | R33: 제 6호 | AF33: 1654410
A34: 56951004514 | B34: 0101 | C34: 56951004514 | N34: =H34+J34 -> 0 | AF34: =K34 -> 0
A35: 56951004517 | B35: 0101 | C35: 56951004517 | D35: 가로등 건주 기계화 시공 | E35: 일반 5m-7m | F35: 개소 | G35: 30 | H35: 8287 | I35: 248610 | J35: 90382 | K35: 2711460 | L35: 24982 | M35: =TRUNC(G35*L35) -> 749460 | N35: =H35+J35 -> 98669 | O35: =IF((I35+K35+M35)=0, "", (I35+K35+M35)) -> 3709530 | P35: =G36-G35 -> -30 | Q35: =O36-O35 -> -3709530 | R35: 제 7호 | AF35: 2711460
N36: =H36+J36 -> 0
A37: 56959000166 | B37: 0101 | C37: 56959000166 | D37: 정원등중공기초 | E37: 400x500x565x400 | F37: 개소 | G37: 22 | H37: 90884 | I37: 1999448 | J37: 33485 | K37: 736670 | L37: 4817 | M37: =TRUNC(G37*L37) -> 105974 | N37: =H37+J37 -> 124369 | O37: =IF((I37+K37+M37)=0, "", (I37+K37+M37)) -> 2842092 | P37: =G38-G37 -> -22 | Q37: =O38-O37 -> -2842092 | R37: 제 8호 | AF37: 736670
N38: =H38+J38 -> 0
A39: CA565826042 | B39: 0101 | C39: CA565826042 | D39: 기계터파기 | E39: 보통토사(0.7㎥/43.6) | F39: ㎥ | G39: 324 | H39: 333 | I39: 107892 | J39: 804 | K39: 260496 | L39: 418 | M39: =TRUNC(G39*L39) -> 135432 | N39: =H39+J39 -> 1137 | O39: =IF((I39+K39+M39)=0, "", (I39+K39+M39)) -> 503820 | P39: =G40-G39 -> -324 | Q39: =O40-O39 -> -503820 | R39: CA565826042
N40: =H40+J40 -> 0
A41: CA565826051 | B41: 0101 | C41: CA565826051 | D41: 기계되메우기 | E41: 보통토사(0.7㎥/43.6) | F41: ㎥ | G41: 324 | H41: 333 | I41: 107892 | J41: 804 | K41: 260496 | L41: 418 | M41: =TRUNC(G41*L41) -> 135432 | N41: =H41+J41 -> 1137 | O41: =IF((I41+K41+M41)=0, "", (I41+K41+M41)) -> 503820 | P41: =G42-G41 -> -324 | Q41: =O42-O41 -> -503820 | R41: CA565826051
N42: =H42+J42 -> 0
A43: 56959000168 | B43: 0101 | C43: 56959000168 | D43: 다기능 접속함 | E43: 방수형 | F43: EA | G43: 30 | H43: 40714 | I43: 1221420 | J43: 43557 | K43: 1306710 | L43: 0 | M43: 0 | N43: =H43+J43 -> 84271 | O43: =IF((I43+K43+M43)=0, "", (I43+K43+M43)) -> 2528130 | P43: =G44-G43 -> -30 | Q43: =O44-O43 -> -2528130 | R43: 제 68호 | AF43: 1306740
N44: =H44+J44 -> 0
A45: 56959000184 | B45: 0101 | C45: 56959000184 | D45: 조명기구(TYPE-OA) | E45: 보안등(열주등)LED 45W,H:4M | F45: SET | G45: 30 | H45: 838 | I45: 25140 | J45: 41952 | K45: 1258560 | L45: 0 | M45: 0 | N45: =H45+J45 -> 42790 | O45: =IF((I45+K45+M45)=0, "", (I45+K45+M45)) -> 1283700 | P45: =G46-G45 -> -30 | Q45: =O46-O45 -> -1283700 | R45: 제 84호 | AF45: 1258590
N46: =H46+J46 -> 0
A47: 56959000185 | B47: 0101 | C47: 56959000185 | D47: 조명기구(TYEP-OB) | E47: 볼라드 LED 12W | F47: SET | G47: 22 | H47: 723 | I47: 15906 | J47: 36209 | K47: 796598 | L47: 0 | M47: 0 | N47: =H47+J47 -> 36932 | O47: =IF((I47+K47+M47)=0, "", (I47+K47+M47)) -> 812504 | P47: =G48-G47 -> -22 | Q47: =O48-O47 -> -812504 | R47: 제 85호 | AF47: 796620
N48: =H48+J48 -> 0
D49: =신규_공종별내역서!A53 -> 풀박스 | E49: =신규_공종별내역서!B53 -> 100X100X50 | F49: =신규_공종별내역서!C53 -> 개 | N49: =H49+J49 -> 0 | P49: =G50-G49 -> 4 | Q49: =O50-O49 -> 48248 | R49: 신규호표 34 | AF49: 23370780
G50: =신규_공종별내역서!D53 -> 4 | H50: =신규_공종별내역서!E53 -> 2663 | I50: =신규_공종별내역서!F53 -> 10652 | J50: =신규_공종별내역서!G53 -> 9399 | K50: =신규_공종별내역서!H53 -> 37596 | L50: =신규_공종별내역서!I53 -> 0 | M50: =신규_공종별내역서!J53 -> 0 | N50: =H50+J50 -> 12062 | O50: =신규_공종별내역서!K53 -> 48248 | AF50: =TRUNC([2]!sumcol(0,#REF!)) -> 0
D51: =신규_공종별내역서!A54 -> 난연 비닐 절연 접지용전선(F-GV) | E51: =신규_공종별내역서!B54 -> 0.6/1kV 4㎟ | F51: =신규_공종별내역서!C54 -> m | N51: =H51+J51 -> 0 | P51: =G52-G51 -> 564.5 | Q51: =O52-O51 -> 1737531
G52: =신규_공종별내역서!D54 -> 564.5 | H52: =신규_공종별내역서!E54 -> 964 | I52: =신규_공종별내역서!F54 -> 544178 | J52: =신규_공종별내역서!G54 -> 2114 | K52: =신규_공종별내역서!H54 -> 1193353 | L52: =신규_공종별내역서!I54 -> 0 | M52: =신규_공종별내역서!J54 -> 0 | N52: =H52+J52 -> 3078 | O52: =신규_공종별내역서!K54 -> 1737531
D53: =신규_공종별내역서!A55 -> 난연 비닐 절연 접지용전선(F-GV) | E53: =신규_공종별내역서!B55 -> 0.6/1kV 6㎟ | F53: =신규_공종별내역서!C55 -> m | N53: =H53+J53 -> 0 | P53: =G54-G53 -> 654.5 | Q53: =O54-O53 -> 2080655 | R53: 신규호표 4 | AF53: 23370780
G54: =신규_공종별내역서!D55 -> 654.5 | H54: =신규_공종별내역서!E55 -> 849 | I54: =신규_공종별내역서!F55 -> 555670 | J54: =신규_공종별내역서!G55 -> 2330 | K54: =신규_공종별내역서!H55 -> 1524985 | L54: =신규_공종별내역서!I55 -> 0 | M54: =신규_공종별내역서!J55 -> 0 | N54: =H54+J54 -> 3179 | O54: =신규_공종별내역서!K55 -> 2080655 | AF54: =TRUNC([2]!sumcol(0,#REF!)) -> 0
D55: =신규_공종별내역서!A56 -> 0.6/1kV 난연 전력 케이블(F-CV) | E55: =신규_공종별내역서!B56 -> 2C 4㎟ | F55: =신규_공종별내역서!C56 -> m | N55: =H55+J55 -> 0 | P55: =G56-G55 -> 564.5 | Q55: =O56-O55 -> 3253213 | R55: 신규호표 10
G56: =신규_공종별내역서!D56 -> 564.5 | H56: =신규_공종별내역서!E56 -> 1677 | I56: =신규_공종별내역서!F56 -> 946666 | J56: =신규_공종별내역서!G56 -> 4086 | K56: =신규_공종별내역서!H56 -> 2306547 | L56: =신규_공종별내역서!I56 -> 0 | M56: =신규_공종별내역서!J56 -> 0 | N56: =H56+J56 -> 5763 | O56: =신규_공종별내역서!K56 -> 3253213
D57: =신규_공종별내역서!A57 -> 0.6/1kV 난연 전력 케이블(F-CV) | E57: =신규_공종별내역서!B57 -> 2C 6㎟ | F57: =신규_공종별내역서!C57 -> m | N57: =H57+J57 -> 0 | P57: =G58-G57 -> 960 | Q57: =O58-O57 -> 5721600 | R57: 신규호표 36 | AF57: 23370780
G58: =신규_공종별내역서!D57 -> 960 | H58: =신규_공종별내역서!E57 -> 2275 | I58: =신규_공종별내역서!F57 -> 2184000 | J58: =신규_공종별내역서!G57 -> 3685 | K58: =신규_공종별내역서!H57 -> 3537600 | L58: =신규_공종별내역서!I57 -> 0 | M58: =신규_공종별내역서!J57 -> 0 | N58: =H58+J58 -> 5960 | O58: =신규_공종별내역서!K57 -> 5721600 | AF58: =TRUNC([2]!sumcol(0,#REF!)) -> 0
D59: =신규_공종별내역서!A58 -> 누전차단기 | E59: =신규_공종별내역서!B58 -> ELB 2P 30AF | F59: =신규_공종별내역서!C58 -> 개 | N59: =H59+J59 -> 0 | P59: =G60-G59 -> 16 | Q59: =O60-O59 -> 1152560 | R59: 신규호표 37
G60: =신규_공종별내역서!D58 -> 16 | H60: =신규_공종별내역서!E58 -> 40781 | I60: =신규_공종별내역서!F58 -> 652496 | J60: =신규_공종별내역서!G58 -> 31254 | K60: =신규_공종별내역서!H58 -> 500064 | L60: =신규_공종별내역서!I58 -> 0 | M60: =신규_공종별내역서!J58 -> 0 | N60: =H60+J60 -> 72035 | O60: =신규_공종별내역서!K58 -> 1152560
D61: =신규_공종별내역서!A59 -> 경고테이프 포설 | E61: =신규_공종별내역서!B59 -> 저압용 | F61: =신규_공종별내역서!C59 -> M | N61: =H61+J61 -> 0 | P61: =G62-G61 -> 1116.5 | Q61: =O62-O61 -> 598444 | R61: 신규호표 13 | AF61: 23370780
G62: =신규_공종별내역서!D59 -> 1116.5 | H62: =신규_공종별내역서!E59 -> 270 | I62: =신규_공종별내역서!F59 -> 301455 | J62: =신규_공종별내역서!G59 -> 266 | K62: =신규_공종별내역서!H59 -> 296989 | L62: =신규_공종별내역서!I59 -> 0 | M62: =신규_공종별내역서!J59 -> 0 | N62: =H62+J62 -> 536 | O62: =신규_공종별내역서!K59 -> 598444 | AF62: =TRUNC([2]!sumcol(0,#REF!)) -> 0
D63: =신규_공종별내역서!A60 -> 파상형 폴리에틸렌 전선관 | E63: =신규_공종별내역서!B60 -> 30mm | F63: =신규_공종별내역서!C60 -> M | N63: =H63+J63 -> 0 | P63: =G64-G63 -> 858.5 | Q63: =O64-O63 -> 6028386 | R63: 신규호표 20
G64: =신규_공종별내역서!D60 -> 858.5 | H64: =신규_공종별내역서!E60 -> 487 | I64: =신규_공종별내역서!F60 -> 418089 | J64: =신규_공종별내역서!G60 -> 6535 | K64: =신규_공종별내역서!H60 -> 5610297 | L64: =신규_공종별내역서!I60 -> 0 | M64: =신규_공종별내역서!J60 -> 0 | N64: =H64+J64 -> 7022 | O64: =신규_공종별내역서!K60 -> 6028386
D65: =신규_공종별내역서!A61 -> 합성수지 파형관(ELP)설치 | E65: =신규_공종별내역서!B61 -> 40mm | F65: =신규_공종별내역서!C61 -> M | N65: =H65+J65 -> 0 | P65: =G66-G65 -> 306 | Q65: =O66-O65 -> 2642004 | R65: 신규호표 21 | AF65: 23370780
G66: =신규_공종별내역서!D61 -> 306 | H66: =신규_공종별내역서!E61 -> 638 | I66: =신규_공종별내역서!F61 -> 195228 | J66: =신규_공종별내역서!G61 -> 7996 | K66: =신규_공종별내역서!H61 -> 2446776 | L66: =신규_공종별내역서!I61 -> 0 | M66: =신규_공종별내역서!J61 -> 0 | N66: =H66+J66 -> 8634 | O66: =신규_공종별내역서!K61 -> 2642004 | AF66: =TRUNC([2]!sumcol(0,#REF!)) -> 0
D67: =신규_공종별내역서!A62 -> AL DUCT 신설 | E67: =신규_공종별내역서!B62 -> W:50 | F67: =신규_공종별내역서!C62 -> m | N67: =H67+J67 -> 0 | P67: =G68-G67 -> 60 | Q67: =O68-O67 -> 2133360 | R67: 신규호표 38
G68: =신규_공종별내역서!D62 -> 60 | H68: =신규_공종별내역서!E62 -> 5007 | I68: =신규_공종별내역서!F62 -> 300420 | J68: =신규_공종별내역서!G62 -> 30549 | K68: =신규_공종별내역서!H62 -> 1832940 | L68: =신규_공종별내역서!I62 -> 0 | M68: =신규_공종별내역서!J62 -> 0 | N68: =H68+J68 -> 35556 | O68: =신규_공종별내역서!K62 -> 2133360
D69: =신규_공종별내역서!A63 -> 옥외 조명기구(라인조명) | E69: =신규_공종별내역서!B63 -> LED 18W | F69: =신규_공종별내역서!C63 -> 개 | N69: =H69+J69 -> 0 | P69: =G70-G69 -> 60 | Q69: =O70-O69 -> 2004060 | R69: 신규호표 39
G70: =신규_공종별내역서!D63 -> 60 | H70: =신규_공종별내역서!E63 -> 972 | I70: =신규_공종별내역서!F63 -> 58320 | J70: =신규_공종별내역서!G63 -> 32429 | K70: =신규_공종별내역서!H63 -> 1945740 | L70: =신규_공종별내역서!I63 -> 0 | M70: =신규_공종별내역서!J63 -> 0 | N70: =H70+J70 -> 33401 | O70: =신규_공종별내역서!K63 -> 2004060
D71: =신규_공종별내역서!A64 -> 옥외 조명기구(투광등) | E71: =신규_공종별내역서!B64 -> LED 54W | F71: =신규_공종별내역서!C64 -> 개 | N71: =H71+J71 -> 0 | P71: =G72-G71 -> 36 | Q71: =O72-O71 -> 1812420 | R71: 신규호표 40 | AF71: 23370780
G72: =신규_공종별내역서!D64 -> 36 | H72: =신규_공종별내역서!E64 -> 1466 | I72: =신규_공종별내역서!F64 -> 52776 | J72: =신규_공종별내역서!G64 -> 48879 | K72: =신규_공종별내역서!H64 -> 1759644 | L72: =신규_공종별내역서!I64 -> 0 | M72: =신규_공종별내역서!J64 -> 0 | N72: =H72+J72 -> 50345 | O72: =신규_공종별내역서!K64 -> 1812420 | AF72: =TRUNC([2]!sumcol(0,AF1:AF44)) -> 1
D73: =신규_공종별내역서!A65 -> 투광등 기초 기성품설치 | E73: =신규_공종별내역서!B65 | F73: =신규_공종별내역서!C65 -> 개소 | N73: =H73+J73 -> 0 | P73: =G74-G73 -> 36 | Q73: =O74-O73 -> 4169844 | R73: 신규호표 41 | AF73: 23370780
G74: =신규_공종별내역서!D65 -> 36 | H74: =신규_공종별내역서!E65 -> 48217 | I74: =신규_공종별내역서!F65 -> 1735812 | J74: =신규_공종별내역서!G65 -> 63909 | K74: =신규_공종별내역서!H65 -> 2300724 | L74: =신규_공종별내역서!I65 -> 3703 | M74: =신규_공종별내역서!J65 -> 133308 | N74: =H74+J74 -> 112126 | O74: =신규_공종별내역서!K65 -> 4169844 | AF74: =TRUNC([2]!sumcol(0,#REF!)) -> 0
D75: =신규_공종별내역서!A66 -> SMPS함-1 신설 | E75: =신규_공종별내역서!B66 -> 옥외 자립형 | F75: =신규_공종별내역서!C66 -> 면 | N75: =H75+J75 -> 0 | P75: =G76-G75 -> 1 | Q75: =O76-O75 -> 1750411 | R75: 신규호표 42
G76: =신규_공종별내역서!D66 -> 1 | H76: =신규_공종별내역서!E66 -> 1380760 | I76: =신규_공종별내역서!F66 -> 1380760 | J76: =신규_공종별내역서!G66 -> 369651 | K76: =신규_공종별내역서!H66 -> 369651 | L76: =신규_공종별내역서!I66 -> 0 | M76: =신규_공종별내역서!J66 -> 0 | N76: =H76+J76 -> 1750411 | O76: =신규_공종별내역서!K66 -> 1750411
D77: =신규_공종별내역서!A67 -> SMPS함-2 신설 | E77: =신규_공종별내역서!B67 -> 옥외 자립형 | F77: =신규_공종별내역서!C67 -> 면 | N77: =H77+J77 -> 0 | P77: =G78-G77 -> 1 | Q77: =O78-O77 -> 1774678 | R77: 신규호표 43
G78: =신규_공종별내역서!D67 -> 1 | H78: =신규_공종별내역서!E67 -> 1355677 | I78: =신규_공종별내역서!F67 -> 1355677 | J78: =신규_공종별내역서!G67 -> 419001 | K78: =신규_공종별내역서!H67 -> 419001 | L78: =신규_공종별내역서!I67 -> 0 | M78: =신규_공종별내역서!J67 -> 0 | N78: =H78+J78 -> 1774678 | O78: =신규_공종별내역서!K67 -> 1774678
D79: =신규_공종별내역서!A68 -> 자립형 함체 기초 | E79: =신규_공종별내역서!B68 -> 1,000x1,000x500 | F79: =신규_공종별내역서!C68 -> 식 | N79: =H79+J79 -> 0 | P79: =G80-G79 -> 1 | Q79: =O80-O79 -> 179108 | R79: 신규호표 25 | AF79: 23370780
G80: =신규_공종별내역서!D68 -> 1 | H80: =신규_공종별내역서!E68 -> 72386 | I80: =신규_공종별내역서!F68 -> 72386 | J80: =신규_공종별내역서!G68 -> 105831 | K80: =신규_공종별내역서!H68 -> 105831 | L80: =신규_공종별내역서!I68 -> 891 | M80: =신규_공종별내역서!J68 -> 891 | N80: =H80+J80 -> 178217 | O80: =신규_공종별내역서!K68 -> 179108 | AF80: =TRUNC([2]!sumcol(0,#REF!)) -> 0
D81: =신규_공종별내역서!A69 -> SMPS함 기초 | E81: =신규_공종별내역서!B69 -> SMPS함 기초 | F81: =신규_공종별내역서!C69 -> 식 | N81: =H81+J81 -> 0 | P81: =G82-G81 -> 2 | Q81: =O82-O81 -> 358216 | R81: 신규호표 44
G82: =신규_공종별내역서!D69 -> 2 | H82: =신규_공종별내역서!E69 -> 72386 | I82: =신규_공종별내역서!F69 -> 144772 | J82: =신규_공종별내역서!G69 -> 105831 | K82: =신규_공종별내역서!H69 -> 211662 | L82: =신규_공종별내역서!I69 -> 891 | M82: =신규_공종별내역서!J69 -> 1782 | N82: =H82+J82 -> 178217 | O82: =신규_공종별내역서!K69 -> 358216
D83: =신규_공종별내역서!A70 -> 가로등 기초 기성품설치 | E83: =신규_공종별내역서!B70 | F83: =신규_공종별내역서!C70 -> 개소 | N83: =H83+J83 -> 0 | P83: =G84-G83 -> 15 | Q83: =O84-O83 -> 2165100 | R83: 신규호표 45
G84: =신규_공종별내역서!D70 -> 15 | H84: =신규_공종별내역서!E70 -> 76728 | I84: =신규_공종별내역서!F70 -> 1150920 | J84: =신규_공종별내역서!G70 -> 63909 | K84: =신규_공종별내역서!H70 -> 958635 | L84: =신규_공종별내역서!I70 -> 3703 | M84: =신규_공종별내역서!J70 -> 55545 | N84: =H84+J84 -> 140637 | O84: =신규_공종별내역서!K70 -> 2165100
D85: =신규_공종별내역서!A71 -> 보안등기구 | E85: =신규_공종별내역서!B71 -> LED 보안등기구 50W | F85: =신규_공종별내역서!C71 -> 등 | N85: =H85+J85 -> 0 | P85: =G86-G85 -> 15 | Q85: =O86-O85 -> 664410 | R85: 신규호표 46 | AF85: 23370780
G86: =신규_공종별내역서!D71 -> 15 | H86: =신규_공종별내역서!E71 -> 1290 | I86: =신규_공종별내역서!F71 -> 19350 | J86: =신규_공종별내역서!G71 -> 43004 | K86: =신규_공종별내역서!H71 -> 645060 | L86: =신규_공종별내역서!I71 -> 0 | M86: =신규_공종별내역서!J71 -> 0 | N86: =H86+J86 -> 44294 | O86: =신규_공종별내역서!K71 -> 664410 | AF86: =TRUNC([2]!sumcol(0,#REF!)) -> 0
D87: =신규_공종별내역서!A72 -> POLE LIGHT 기계설치(등기구설치 제외) | E87: =신규_공종별내역서!B72 -> 5m~7m | F87: =신규_공종별내역서!C72 -> 본 | N87: =H87+J87 -> 0 | P87: =G88-G87 -> 15 | Q87: =O88-O87 -> 1610985 | R87: 신규호표 47
G88: =신규_공종별내역서!D72 -> 15 | H88: =신규_공종별내역서!E72 -> 5913 | I88: =신규_공종별내역서!F72 -> 88695 | J88: =신규_공종별내역서!G72 -> 96750 | K88: =신규_공종별내역서!H72 -> 1451250 | L88: =신규_공종별내역서!I72 -> 4736 | M88: =신규_공종별내역서!J72 -> 71040 | N88: =H88+J88 -> 102663 | O88: =신규_공종별내역서!K72 -> 1610985
D89: =신규_공종별내역서!A73 -> 볼라드등 설치 | E89: =신규_공종별내역서!B73 -> 볼라드등 설치 | F89: =신규_공종별내역서!C73 -> EA | N89: =H89+J89 -> 0 | P89: =G90-G89 -> 27 | Q89: =O90-O89 -> 2899773 | R89: 신규호표 48
G90: =신규_공종별내역서!D73 -> 27 | H90: =신규_공종별내역서!E73 -> 5913 | I90: =신규_공종별내역서!F73 -> 159651 | J90: =신규_공종별내역서!G73 -> 96750 | K90: =신규_공종별내역서!H73 -> 2612250 | L90: =신규_공종별내역서!I73 -> 4736 | M90: =신규_공종별내역서!J73 -> 127872 | N90: =H90+J90 -> 102663 | O90: =신규_공종별내역서!K73 -> 2899773
D91: =신규_공종별내역서!A74 -> 지중등 설치 | E91: =신규_공종별내역서!B74 -> 지중등 설치 | F91: =신규_공종별내역서!C74 -> EA | N91: =H91+J91 -> 0 | P91: =G92-G91 -> 62 | Q91: =O92-O91 -> 3631650 | R91: 신규호표 49 | AF91: 23370780
G92: =신규_공종별내역서!D74 -> 62 | H92: =신규_공종별내역서!E74 -> 1706 | I92: =신규_공종별내역서!F74 -> 105772 | J92: =신규_공종별내역서!G74 -> 56869 | K92: =신규_공종별내역서!H74 -> 3525878 | L92: =신규_공종별내역서!I74 -> 0 | M92: =신규_공종별내역서!J74 -> 0 | N92: =H92+J92 -> 58575 | O92: =신규_공종별내역서!K74 -> 3631650 | AF92: =TRUNC([2]!sumcol(0,#REF!)) -> 0
D93: =신규_공종별내역서!A75 -> 볼라드등 기초 설치 | E93: =신규_공종별내역서!B75 -> 볼라드등 기초 | F93: =신규_공종별내역서!C75 -> 개소 | N93: =H93+J93 -> 0 | P93: =G94-G93 -> 27 | Q93: =O94-O93 -> 3127383 | R93: 신규호표 50
G94: =신규_공종별내역서!D75 -> 27 | H94: =신규_공종별내역서!E75 -> 48217 | I94: =신규_공종별내역서!F75 -> 1301859 | J94: =신규_공종별내역서!G75 -> 63909 | K94: =신규_공종별내역서!H75 -> 1725543 | L94: =신규_공종별내역서!I75 -> 3703 | M94: =신규_공종별내역서!J75 -> 99981 | N94: =H94+J94 -> 112126 | O94: =신규_공종별내역서!K75 -> 3127383
D95: =신규_공종별내역서!A76 -> 접지봉 | E95: =신규_공종별내역서!B76 -> 18Φ*2400 mm | F95: =신규_공종별내역서!C76 -> 개 | N95: =H95+J95 -> 0 | P95: =G96-G95 -> 15 | Q95: =O96-O95 -> 790395 | R95: 신규호표 51
G96: =신규_공종별내역서!D76 -> 15 | H96: =신규_공종별내역서!E76 -> 15718 | I96: =신규_공종별내역서!F76 -> 235770 | J96: =신규_공종별내역서!G76 -> 36975 | K96: =신규_공종별내역서!H76 -> 554625 | L96: =신규_공종별내역서!I76 -> 0 | M96: =신규_공종별내역서!J76 -> 0 | N96: =H96+J96 -> 52693 | O96: =신규_공종별내역서!K76 -> 790395
D97: =신규_공종별내역서!A77 -> 터파기(기계 9:1) | E97: =신규_공종별내역서!B77 -> 보통토사. 백호 90%+인력 10% | F97: =신규_공종별내역서!C77 -> ㎥ | N97: =H97+J97 -> 0 | P97: =G98-G97 -> 404.55 | Q97: =O98-O97 -> 3355336 | R97: 신규호표 31 | AF97: 23370780
G98: =신규_공종별내역서!D77 -> 404.55 | H98: =신규_공종별내역서!E77 -> 600 | I98: =신규_공종별내역서!F77 -> 242730 | J98: =신규_공종별내역서!G77 -> 6909 | K98: =신규_공종별내역서!H77 -> 2795035 | L98: =신규_공종별내역서!I77 -> 785 | M98: =신규_공종별내역서!J77 -> 317571 | N98: =H98+J98 -> 7509 | O98: =신규_공종별내역서!K77 -> 3355336 | AF98: =TRUNC([2]!sumcol(0,#REF!)) -> 0
D99: =신규_공종별내역서!A78 -> 되메우고 다지기(백호+래머) | E99: =신규_공종별내역서!B78 -> 토사, T=15cm | F99: =신규_공종별내역서!C78 -> M3 | N99: =H99+J99 -> 0 | P99: =G100-G99 -> 404.55 | Q99: =O100-O99 -> 3054351 | R99: 신규호표 32
G100: =신규_공종별내역서!D78 -> 404.55 | H100: =신규_공종별내역서!E78 -> 6606 | I100: =신규_공종별내역서!F78 -> 2672457 | J100: =신규_공종별내역서!G78 -> 525 | K100: =신규_공종별내역서!H78 -> 212388 | L100: =신규_공종별내역서!I78 -> 419 | M100: =신규_공종별내역서!J78 -> 169506 | N100: =H100+J100 -> 7131 | O100: =신규_공종별내역서!K78 -> 3054351
...

Sheet 신규_공종별내역서
A1: [ 평창 에코랜드 카페 신축공사(전기) ]
A2: 품 명 | B2: 규 격 | C2: 단위 | D2: 수량 | E2: 재 료 비 | G2: 노 무 비 | I2: 경 비 | L2: 비 고 | M2: 품목코드 | N2: 변수 | O2: 설정 | P2: 공종코드 | Q2: 일위 | R2: 단산 | S2: 자재 | T2: 손료적용 | U2: 손료저장 | V2: 적용율 | W2: JUK1 | X2: JUK2 | Y2: JUK3 | Z2: JUK4 | AA2: JUK5 | AB2: JUK6 | AC2: JUK7 | AD2: JUK8 | AE2: JUK9 | AF2: JUK10 | AG2: JUK11 | AH2: JUK12 | AI2: JUK13 | AJ2: JUK14 | AK2: JUK15 | AL2: JUK16 | AM2: JUK17 | AN2: JUK18 | AO2: JUK19 | AP2: JUK20 | AQ2: 자재구분 | AR2: 공종구분 | AS2: 공종레벨 | AT2: 공종+자재 | AU2: 고유번호
E3: 단 가 | F3: 금 액 | G3: 단 가 | H3: 금 액 | I3: 단 가 | J3: 금 액 | K3: 금 액
A4: 1-1-1.전력간선공사 | P4: 01010101
A5: 전주입상관 설치 | B5: HI 104C | C5: M | D5: 10 | E5: =TRUNC(신규_일위대가목록!E4,0) -> 7912 | F5: =TRUNC(E5*D5, 0) -> 79120 | G5: =TRUNC(신규_일위대가목록!F4,0) -> 129719 | H5: =TRUNC(G5*D5, 0) -> 1297190 | I5: =TRUNC(신규_일위대가목록!G4,0) -> 0 | J5: =TRUNC(I5*D5, 0) -> 0 | K5: =TRUNC(F5+H5+J5, 0) -> 1376310 | L5: 신규호표 1 | M5: 56D721037238540E9D307EF2D93E5A | P5: 01010101 | Q5: T | R5: F | S5: F | AT5: 0101010156D721037238540E9D307EF2D93E5A | AU5: 5876
A6: ST 케이블 트레이-STRAIGHT | B6: W400x100Hx2.3t | C6: m | D6: 1 | E6: =TRUNC(신규_일위대가목록!E5,0) -> 35300 | F6: =TRUNC(E6*D6, 0) -> 35300 | G6: =TRUNC(신규_일위대가목록!F5,0) -> 56399 | H6: =TRUNC(G6*D6, 0) -> 56399 | I6: =TRUNC(신규_일위대가목록!G5,0) -> 0 | J6: =TRUNC(I6*D6, 0) -> 0 | K6: =TRUNC(F6+H6+J6, 0) -> 91699 | L6: 신규호표 2 | M6: 56D72103723884C205FF9F5B17316B | P6: 01010101 | Q6: T | R6: F | S6: F | AT6: 0101010156D72103723884C205FF9F5B17316B | AU6: 5944
A7: 난연 비닐 절연 접지용전선(F-GV) | B7: 0.6/1kV 4㎟ | C7: m | D7: 72 | E7: =TRUNC(신규_일위대가목록!E6,0) -> 964 | F7: =TRUNC(E7*D7, 0) -> 69408 | G7: =TRUNC(신규_일위대가목록!F6,0) -> 2114 | H7: =TRUNC(G7*D7, 0) -> 152208 | I7: =TRUNC(신규_일위대가목록!G6,0) -> 0 | J7: =TRUNC(I7*D7, 0) -> 0 | K7: =TRUNC(F7+H7+J7, 0) -> 221616 | L7: 신규호표 3 | M7: 56D721037238E46A4237DB110EC84A | P7: 01010101 | Q7: T | R7: F | S7: F | AT7: 0101010156D721037238E46A4237DB110EC84A | AU7: 6029
A8: 난연 비닐 절연 접지용전선(F-GV) | B8: 0.6/1kV 6㎟ | C8: m | D8: 47 | E8: =TRUNC(신규_일위대가목록!E7,0) -> 849 | F8: =TRUNC(E8*D8, 0) -> 39903 | G8: =TRUNC(신규_일위대가목록!F7,0) -> 2330 | H8: =TRUNC(G8*D8, 0) -> 109510 | I8: =TRUNC(신규_일위대가목록!G7,0) -> 0 | J8: =TRUNC(I8*D8, 0) -> 0 | K8: =TRUNC(F8+H8+J8, 0) -> 149413 | L8: 신규호표 4 | M8: 56D721037238E46A4237DB110EC952 | P8: 01010101 | Q8: T | R8: F | S8: F | AT8: 0101010156D721037238E46A4237DB110EC952 | AU8: 6030
A9: 난연 비닐 절연 접지용전선(F-GV) | B9: 0.6/1kV 16㎟ | C9: m | D9: 165 | E9: =TRUNC(신규_일위대가목록!E8,0) -> 1963 | F9: =TRUNC(E9*D9, 0) -> 323895 | G9: =TRUNC(신규_일위대가목록!F8,0) -> 2467 | H9: =TRUNC(G9*D9, 0) -> 407055 | I9: =TRUNC(신규_일위대가목록!G8,0) -> 0 | J9: =TRUNC(I9*D9, 0) -> 0 | K9: =TRUNC(F9+H9+J9, 0) -> 730950 | L9: 신규호표 5 | M9: 56D721037238E46A4237DB110ECFFA | P9: 01010101 | Q9: T | R9: F | S9: F | AT9: 0101010156D721037238E46A4237DB110ECFFA | AU9: 5956
A10: 난연 비닐 절연 접지용전선(F-GV) | B10: 0.6/1kV 25㎟ | C10: m | D10: 228 | E10: =TRUNC(신규_일위대가목록!E9,0) -> 3829 | F10: =TRUNC(E10*D10, 0) -> 873012 | G10: =TRUNC(신규_일위대가목록!F9,0) -> 2467 | H10: =TRUNC(G10*D10, 0) -> 562476 | I10: =TRUNC(신규_일위대가목록!G9,0) -> 0 | J10: =TRUNC(I10*D10, 0) -> 0 | K10: =TRUNC(F10+H10+J10, 0) -> 1435488 | L10: 신규호표 6 | M10: 56D721037238E46A4237DB110ECFFE | P10: 01010101 | Q10: T | R10: F | S10: F | AT10: 0101010156D721037238E46A4237DB110ECFFE | AU10: 5957
A11: 난연 비닐 절연 접지용전선(F-GV) | B11: 0.6/1kV 185㎟ | C11: m | D11: 19.5 | E11: =TRUNC(신규_일위대가목록!E10,0) -> 25923 | F11: =TRUNC(E11*D11, 0) -> 505498 | G11: =TRUNC(신규_일위대가목록!F10,0) -> 4934 | H11: =TRUNC(G11*D11, 0) -> 96213 | I11: =TRUNC(신규_일위대가목록!G10,0) -> 0 | J11: =TRUNC(I11*D11, 0) -> 0 | K11: =TRUNC(F11+H11+J11, 0) -> 601711 | L11: 신규호표 7 | M11: 56D721037238E46A4237DB110FD271 | P11: 01010101 | Q11: T | R11: F | S11: F | AT11: 0101010156D721037238E46A4237DB110FD271 | AU11: 5958
A12: 0.6/1kV 난연 전력 케이블(F-CV)-4열동시 | B12: 1C 50㎟ | C12: m | D12: 912 | E12: =TRUNC(신규_일위대가목록!E11,0) -> 7564 | F12: =TRUNC(E12*D12, 0) -> 6898368 | G12: =TRUNC(신규_일위대가목록!F11,0) -> 2445 | H12: =TRUNC(G12*D12, 0) -> 2229840 | I12: =TRUNC(신규_일위대가목록!G11,0) -> 0 | J12: =TRUNC(I12*D12, 0) -> 0 | K12: =TRUNC(F12+H12+J12, 0) -> 9128208 | L12: 신규호표 8 | M12: 56D721037238F471B0B3142049583E | P12: 01010101 | Q12: T | R12: F | S12: F | AT12: 0101010156D721037238F471B0B3142049583E | AU12: 5959
A13: 0.6/1kV 난연 전력 케이블(F-CV)-4열동시 | B13: 1C 185㎟ | C13: m | D13: 212 | E13: =TRUNC(신규_일위대가목록!E12,0) -> 28240 | F13: =TRUNC(E13*D13, 0) -> 5986880 | G13: =TRUNC(신규_일위대가목록!F12,0) -> 5128 | H13: =TRUNC(G13*D13, 0) -> 1087136 | I13: =TRUNC(신규_일위대가목록!G12,0) -> 0 | J13: =TRUNC(I13*D13, 0) -> 0 | K13: =TRUNC(F13+H13+J13, 0) -> 7074016 | L13: 신규호표 9 | M13: 56D721037238F471B0B31420484E79 | P13: 01010101 | Q13: T | R13: F | S13: F | AT13: 0101010156D721037238F471B0B31420484E79 | AU13: 5870
A14: 0.6/1kV 난연 전력 케이블(F-CV) | B14: 2C 4㎟ | C14: m | D14: 72 | E14: =TRUNC(신규_일위대가목록!E13,0) -> 1677 | F14: =TRUNC(E14*D14, 0) -> 120744 | G14: =TRUNC(신규_일위대가목록!F13,0) -> 4086 | H14: =TRUNC(G14*D14, 0) -> 294192 | I14: =TRUNC(신규_일위대가목록!G13,0) -> 0 | J14: =TRUNC(I14*D14, 0) -> 0 | K14: =TRUNC(F14+H14+J14, 0) -> 414936 | L14: 신규호표 10 | M14: 56D721037238F471B0B317F58E47CF | P14: 01010101 | Q14: T | R14: F | S14: F | AT14: 0101010156D721037238F471B0B317F58E47CF | AU14: 6031
A15: 0.6/1kV 난연 전력 케이블(F-CV) | B15: 4C 6㎟ | C15: m | D15: 47 | E15: =TRUNC(신규_일위대가목록!E14,0) -> 4046 | F15: =TRUNC(E15*D15, 0) -> 190162 | G15: =TRUNC(신규_일위대가목록!F14,0) -> 9238 | H15: =TRUNC(G15*D15, 0) -> 434186 | I15: =TRUNC(신규_일위대가목록!G14,0) -> 0 | J15: =TRUNC(I15*D15, 0) -> 0 | K15: =TRUNC(F15+H15+J15, 0) -> 624348 | L15: 신규호표 11 | M15: 56D721037238F471B0B3116C8247CE | P15: 01010101 | Q15: T | R15: F | S15: F | AT15: 0101010156D721037238F471B0B3116C8247CE | AU15: 6032
A16: 0.6/1kV 난연 전력 케이블(F-CV) | B16: 4C 16㎟ | C16: m | D16: 165 | E16: =TRUNC(신규_일위대가목록!E15,0) -> 10984 | F16: =TRUNC(E16*D16, 0) -> 1812360 | G16: =TRUNC(신규_일위대가목록!F15,0) -> 15272 | H16: =TRUNC(G16*D16, 0) -> 2519880 | I16: =TRUNC(신규_일위대가목록!G15,0) -> 0 | J16: =TRUNC(I16*D16, 0) -> 0 | K16: =TRUNC(F16+H16+J16, 0) -> 4332240 | L16: 신규호표 12 | M16: 56D721037238F471B0B3116C824479 | P16: 01010101 | Q16: T | R16: F | S16: F | AT16: 0101010156D721037238F471B0B3116C824479 | AU16: 5961
... A22: 핸드홀(수공1호) | B22: 950*450*700 | C22: 조 | D22: 3 | E22: =TRUNC(신규_일위대가목록!E21,0) -> 750497 | F22: =TRUNC(E22*D22, 0) -> 2251491 | G22: =TRUNC(신규_일위대가목록!F21,0) -> 436033 | H22: =TRUNC(G22*D22, 0) -> 1308099 | I22: =TRUNC(신규_일위대가목록!G21,0) -> 11085 | J22: =TRUNC(I22*D22, 0) -> 33255 | K22: =TRUNC(F22+H22+J22, 0) -> 3592845 | L22: 신규호표 18 | M22: 56D72103703DD43A1ED2B005ADF627 | P22: 01010101 | Q22: T | R22: F | S22: F | AT22: 0101010156D72103703DD43A1ED2B005ADF627 | AU22: 5966
A23: 접지공사(접지봉매설) | C23: 개소 | D23: 1 | E23: =TRUNC(신규_일위대가목록!E22,0) -> 52854 | F23: =TRUNC(E23*D23, 0) -> 52854 | G23: =TRUNC(신규_일위대가목록!F22,0) -> 126539 | H23: =TRUNC(G23*D23, 0) -> 126539 | I23: =TRUNC(신규_일위대가목록!G22,0) -> 2838 | J23: =TRUNC(I23*D23, 0) -> 2838 | K23: =TRUNC(F23+H23+J23, 0) -> 182231 | L23: 신규호표 19 | M23: 56D72103723894E92CAB35A83F0DCD | P23: 01010101 | Q23: T | R23: F | S23: F | AT23: 0101010156D72103723894E92CAB35A83F0DCD | AU23: 5781
A24: 파상형 폴리에틸렌 전선관 | B24: 30mm | C24: M | D24: 70 | E24: =TRUNC(신규_일위대가목록!E23,0) -> 487 | F24: =TRUNC(E24*D24, 0) -> 34090 | G24: =TRUNC(신규_일위대가목록!F23,0) -> 6535 | H24: =TRUNC(G24*D24, 0) -> 457450 | I24: =TRUNC(신규_일위대가목록!G23,0) -> 0 | J24: =TRUNC(I24*D24, 0) -> 0 | K24: =TRUNC(F24+H24+J24, 0) -> 491540 | L24: 신규호표 20 | M24: 56D721037238446715351CA32E7F48 | P24: 01010101 | Q24: T | R24: F | S24: F | AT24: 0101010156D721037238446715351CA32E7F48 | AU24: 6033
A25: 합성수지 파형관(ELP)설치 | B25: 40mm | C25: M | D25: 45 | E25: =TRUNC(신규_일위대가목록!E24,0) -> 638 | F25: =TRUNC(E25*D25, 0) -> 28710 | G25: =TRUNC(신규_일위대가목록!F24,0) -> 7996 | H25: =TRUNC(G25*D25, 0) -> 359820 | I25: =TRUNC(신규_일위대가목록!G24,0) -> 0 | J25: =TRUNC(I25*D25, 0) -> 0 | K25: =TRUNC(F25+H25+J25, 0) -> 388530 | L25: 신규호표 21 | M25: 56D721037238446715351CA32E7EA0 | P25: 01010101 | Q25: T | R25: F | S25: F | AT25: 0101010156D721037238446715351CA32E7EA0 | AU25: 5872
A26: 합성수지 파형관(ELP)설치 | B26: 50mm | C26: M | D26: 172.5 | E26: =TRUNC(신규_일위대가목록!E25,0) -> 927 | F26: =TRUNC(E26*D26, 0) -> 159907 | G26: =TRUNC(신규_일위대가목록!F25,0) -> 4965 | H26: =TRUNC(G26*D26, 0) -> 856462 | I26: =TRUNC(신규_일위대가목록!G25,0) -> 0 | J26: =TRUNC(I26*D26, 0) -> 0 | K26: =TRUNC(F26+H26+J26, 0) -> 1016369 | L26: 신규호표 22 | M26: 56D721037238446715351CA32E7EA3 | P26: 01010101 | Q26: T | R26: F | S26: F | AT26: 0101010156D721037238446715351CA32E7EA3 | AU26: 5967
A27: 합성수지 파형관(ELP)설치 | B27: 65mm | C27: M | D27: 220 | E27: =TRUNC(신규_일위대가목록!E26,0) -> 1117 | F27: =TRUNC(E27*D27, 0) -> 245740 | G27: =TRUNC(신규_일위대가목록!F26,0) -> 6225 | H27: =TRUNC(G27*D27, 0) -> 1369500 | I27: =TRUNC(신규_일위대가목록!G26,0) -> 0 | J27: =TRUNC(I27*D27, 0) -> 0 | K27: =TRUNC(F27+H27+J27, 0) -> 1615240 | L27: 신규호표 23 | M27: 56D721037238446715351CA32E793E | P27: 01010101 | Q27: T | R27: F | S27: F | AT27: 0101010156D721037238446715351CA32E793E | AU27: 5968
A28: 합성수지 파형관(ELP)설치 | B28: 100mm | C28: M | D28: 45 | E28: =TRUNC(신규_일위대가목록!E27,0) -> 2389 | F28: =TRUNC(E28*D28, 0) -> 107505 | G28: =TRUNC(신규_일위대가목록!F27,0) -> 9227 | H28: =TRUNC(G28*D28, 0) -> 415215 | I28: =TRUNC(신규_일위대가목록!G27,0) -> 0 | J28: =TRUNC(I28*D28, 0) -> 0 | K28: =TRUNC(F28+H28+J28, 0) -> 522720 | L28: 신규호표 24 | M28: 56D721037238446715351CA32E7819 | P28: 01010101 | Q28: T | R28: F | S28: F | AT28: 0101010156D721037238446715351CA32E7819 | AU28: 5873
A29: 자립형 함체 기초 | B29: 1,000x1,000x500 | C29: 식 | D29: 1 | E29: =TRUNC(신규_일위대가목록!E28,0) -> 72386 | F29: =TRUNC(E29*D29, 0) -> 72386 | G29: =TRUNC(신규_일위대가목록!F28,0) -> 105831 | H29: =TRUNC(G29*D29, 0) -> 105831 | I29: =TRUNC(신규_일위대가목록!G28,0) -> 891 | J29: =TRUNC(I29*D29, 0) -> 891 | K29: =TRUNC(F29+H29+J29, 0) -> 179108 | L29: 신규호표 25 | M29: 56D72103723894E928313793BD42CF | P29: 01010101 | Q29: T | R29: F | S29: F | AT29: 0101010156D72103723894E928313793BD42CF | AU29: 5969
A30: 계량기함 설치 | C30: 면 | D30: 1 | E30: =TRUNC(신규_일위대가목록!E29,0) -> 6697 | F30: =TRUNC(E30*D30, 0) -> 6697 | G30: =TRUNC(신규_일위대가목록!F29,0) -> 223248 | H30: =TRUNC(G30*D30, 0) -> 223248 | I30: =TRUNC(신규_일위대가목록!G29,0) -> 0 | J30: =TRUNC(I30*D30, 0) -> 0 | K30: =TRUNC(F30+H30+J30, 0) -> 229945 | L30: 신규호표 26 | M30: 56D721037238540E9D307EF2D93456 | P30: 01010101 | Q30: T | R30: F | S30: F | AT30: 0101010156D721037238540E9D307EF2D93456 | AU30: 5865
A31: 분전반 신설(LP-M) | B31: 옥외벽부자립형 | C31: 면 | D31: 1 | E31: =TRUNC(신규_일위대가목록!E30,0) -> 8671 | F31: =TRUNC(E31*D31, 0) -> 8671 | G31: =TRUNC(신규_일위대가목록!F30,0) -> 289048 | H31: =TRUNC(G31*D31, 0) -> 289048 | I31: =TRUNC(신규_일위대가목록!G30,0) -> 0 | J31: =TRUNC(I31*D31, 0) -> 0 | K31: =TRUNC(F31+H31+J31, 0) -> 297719 | L31: 신규호표 27 | M31: 56D721037238540E9D307EF2DBEACF | P31: 01010101 | Q31: T | R31: F | S31: F | AT31: 0101010156D721037238540E9D307EF2DBEACF | AU31: 5970
A32: 역전력 보호계전기 분전반 신설 | B32: 550*780*250 | C32: 면 | D32: 1 | E32: =TRUNC(신규_일위대가목록!E31,0) -> 3105702 | F32: =TRUNC(E32*D32, 0) -> 3105702 | G32: =TRUNC(신규_일위대가목록!F31,0) -> 223248 | H32: =TRUNC(G32*D32, 0) -> 223248 | I32: =TRUNC(신규_일위대가목록!G31,0) -> 0 | J32: =TRUNC(I32*D32, 0) -> 0 | K32: =TRUNC(F32+H32+J32, 0) -> 3328950 | L32: 신규호표 28 | M32: 56D721037238540E9D307EF2DBEBE9 | P32: 01010101 | Q32: T | R32: F | S32: F | AT32: 0101010156D721037238540E9D307EF2DBEBE9 | AU32: 6037
A33: 분전반 신설(LP-O1) | B33: 옥외 자립형 | C33: 면 | D33: 1 | E33: =TRUNC(신규_일위대가목록!E32,0) -> 7190 | F33: =TRUNC(E33*D33, 0) -> 7190 | G33: =TRUNC(신규_일위대가목록!F32,0) -> 239698 | H33: =TRUNC(G33*D33, 0) -> 239698 | I33: =TRUNC(신규_일위대가목록!G32,0) -> 0 | J33: =TRUNC(I33*D33, 0) -> 0 | K33: =TRUNC(F33+H33+J33, 0) -> 246888 | L33: 신규호표 29 | M33: 56D721037238540E9D307EF2DBEBEC | P33: 01010101 | Q33: T | R33: F | S33: F | AT33: 0101010156D721037238540E9D307EF2DBEBEC | AU33: 5971
A34: 엔트런스 캡 | B34: 2 1/4" (54mm)초과-104C | C34: 개 | D34: 2 | E34: =TRUNC(신규_일위대가목록!E33,0) -> 53440 | F34: =TRUNC(E34*D34, 0) -> 106880 | G34: =TRUNC(신규_일위대가목록!F33,0) -> 28199 | H34: =TRUNC(G34*D34, 0) -> 56398 | I34: =TRUNC(신규_일위대가목록!G33,0) -> 0 | J34: =TRUNC(I34*D34, 0) -> 0 | K34: =TRUNC(F34+H34+J34, 0) -> 163278 | L34: 신규호표 30 | M34: 56D721037238540E9D307CC4DD9E9E | P34: 01010101 | Q34: T | R34: F | S34: F | AT34: 0101010156D721037238540E9D307CC4DD9E9E | AU34: 5875
A35: 터파기(기계 9:1) | B35: 보통토사. 백호 90%+인력 10% | C35: ㎥ | D35: 123.75 | E35: =TRUNC(신규_일위대가목록!E34,0) -> 600 | F35: =TRUNC(E35*D35, 0) -> 74250 | G35: =TRUNC(신규_일위대가목록!F34,0) -> 6909 | H35: =TRUNC(G35*D35, 0) -> 854988 | I35: =TRUNC(신규_일위대가목록!G34,0) -> 785 | J35: =TRUNC(I35*D35, 0) -> 97143 | K35: =TRUNC(F35+H35+J35, 0) -> 1026381 | L35: 신규호표 31 | M35: 569DE103C338D485C142AB2FBA6AB2 | P35: 01010101 | Q35: T | R35: F | S35: F | AT35: 01010101569DE103C338D485C142AB2FBA6AB2 | AU35: 5785
A36: 되메우고 다지기(백호+래머) | B36: 토사, T=15cm | C36: M3 | D36: 123.75 | E36: =TRUNC(신규_일위대가목록!E35,0) -> 6606 | F36: =TRUNC(E36*D36, 0) -> 817492 | G36: =TRUNC(신규_일위대가목록!F35,0) -> 525 | H36: =TRUNC(G36*D36, 0) -> 64968 | I36: =TRUNC(신규_일위대가목록!G35,0) -> 419 | J36: =TRUNC(I36*D36, 0) -> 51851 | K36: =TRUNC(F36+H36+J36, 0) -> 934311 | L36: 신규호표 32 | M36: 569DE103C53B84CC97FB4DEFFA0997 | P36: 01010101 | Q36: T | R36: F | S36: F | AT36: 01010101569DE103C53B84CC97FB4DEFFA0997 | AU36: 5786
A37: 맨홀(저압) | B37: 1,500*1,500*1,500 | C37: 개소 | D37: 1 | E37: =TRUNC(신규_일위대가목록!E36,0) -> 835710 | F37: =TRUNC(E37*D37, 0) -> 835710 | G37: =TRUNC(신규_일위대가목록!F36,0) -> 893392 | H37: =TRUNC(G37*D37, 0) -> 893392 | I37: =TRUNC(신규_일위대가목록!G36,0) -> 118141 | J37: =TRUNC(I37*D37, 0) -> 118141 | K37: =TRUNC(F37+H37+J37, 0) -> 1847243 | L37: 신규호표 33 | M37: 56D72103723894E92F608073667515 | P37: 01010101 | Q37: T | R37: F | S37: F | AT37: 0101010156D72103723894E92F608073667515 | AU37: 5877
A51: [ 합 계 ] | F51: =SUM(F5:F50) -> 25153358 | H51: =SUM(H5:H50) -> 19805260 | J51: =SUM(J5:J50) -> 304119 | K51: =SUM(K5:K50) -> 45262737 | M51: TOTAL
A52: 1-1-2.옥외조명전원설비공사 | P52: 01010102
A53: 풀박스 | B53: 100X100X50 | C53: 개 | D53: 4 | E53: =TRUNC(신규_일위대가목록!E37,0) -> 2663 | F53: =TRUNC(E53*D53, 0) -> 10652 | G53: =TRUNC(신규_일위대가목록!F37,0) -> 9399 | H53: =TRUNC(G53*D53, 0) -> 37596 | I53: =TRUNC(신규_일위대가목록!G37,0) -> 0 | J53: =TRUNC(I53*D53, 0) -> 0 | K53: =TRUNC(F53+H53+J53, 0) -> 48248 | L53: 신규호표 34 | M53: 56D721037238540E9FFE4D14B82D67 | P53: 01010102 | Q53: T | R53: F | S53: F | AT53: 0101010256D721037238540E9FFE4D14B82D67 | AU53: 5972
A54: 난연 비닐 절연 접지용전선(F-GV) | B54: 0.6/1kV 4㎟ | C54: m | D54: 564.5 | E54: =TRUNC(신규_일위대가목록!E38,0) -> 964 | F54: =TRUNC(E54*D54, 0) -> 544178 | G54: =TRUNC(신규_일위대가목록!F38,0) -> 2114 | H54: =TRUNC(G54*D54, 0) -> 1193353 | I54: =TRUNC(신규_일위대가목록!G38,0) -> 0 | J54: =TRUNC(I54*D54, 0) -> 0 | K54: =TRUNC(F54+H54+J54, 0) -> 1737531 | L54: 신규호표 35 | M54: 56D721037238E46A4237DB110EC84B | P54: 01010102 | Q54: T | R54: F | S54: F | AT54: 0101010256D721037238E46A4237DB110EC84B | AU54: 5973
A55: 난연 비닐 절연 접지용전선(F-GV) | B55: 0.6/1kV 6㎟ | C55: m | D55: 654.5 | E55: =TRUNC(신규_일위대가목록!E7,0) -> 849 | F55: =TRUNC(E55*D55, 0) -> 555670 | G55: =TRUNC(신규_일위대가목록!F7,0) -> 2330 | H55: =TRUNC(G55*D55, 0) -> 1524985 | I55: =TRUNC(신규_일위대가목록!G7,0) -> 0 | J55: =TRUNC(I55*D55, 0) -> 0 | K55: =TRUNC(F55+H55+J55, 0) -> 2080655 | L55: 신규호표 4 | M55: 56D721037238E46A4237DB110EC952 | P55: 01010102 | Q55: T | R55: F | S55: F | AT55: 0101010256D721037238E46A4237DB110EC952 | AU55: 5974
A56: 0.6/1kV 난연 전력 케이블(F-CV) | B56: 2C 4㎟ | C56: m | D56: 564.5 | E56: =TRUNC(신규_일위대가목록!E13,0) -> 1677 | F56: =TRUNC(E56*D56, 0) -> 946666 | G56: =TRUNC(신규_일위대가목록!F13,0) -> 4086 | H56: =TRUNC(G56*D56, 0) -> 2306547 | I56: =TRUNC(신규_일위대가목록!G13,0) -> 0 | J56: =TRUNC(I56*D56, 0) -> 0 | K56: =TRUNC(F56+H56+J56, 0) -> 3253213 | L56: 신규호표 10 | M56: 56D721037238F471B0B317F58E47CF | P56: 01010102 | Q56: T | R56: F | S56: F | AT56: 0101010256D721037238F471B0B317F58E47CF | AU56: 5981
A57: 0.6/1kV 난연 전력 케이블(F-CV) | B57: 2C 6㎟ | C57: m | D57: 960 | E57: =TRUNC(신규_일위대가목록!E39,0) -> 2275 | F57: =TRUNC(E57*D57, 0) -> 2184000 | G57: =TRUNC(신규_일위대가목록!F39,0) -> 3685 | H57: =TRUNC(G57*D57, 0) -> 3537600 | I57: =TRUNC(신규_일위대가목록!G39,0) -> 0 | J57: =TRUNC(I57*D57, 0) -> 0 | K57: =TRUNC(F57+H57+J57, 0) -> 5721600 | L57: 신규호표 36 | M57: 56D721037238F471B0B317F58E4080 | P57: 01010102 | Q57: T | R57: F | S57: F | AT57: 0101010256D721037238F471B0B317F58E4080 | AU57: 5982
A58: 누전차단기 | B58: ELB 2P 30AF | C58: 개 | D58: 16 | E58: =TRUNC(신규_일위대가목록!E40,0) -> 40781 | F58: =TRUNC(E58*D58, 0) -> 652496 | G58: =TRUNC(신규_일위대가목록!F40,0) -> 31254 | H58: =TRUNC(G58*D58, 0) -> 500064 | I58: =TRUNC(신규_일위대가목록!G40,0) -> 0 | J58: =TRUNC(I58*D58, 0) -> 0 | K58: =TRUNC(F58+H58+J58, 0) -> 1152560 | L58: 신규호표 37 | M58: 56D72103723894E928313793BD474E | P58: 01010102 | Q58: T | R58: F | S58: F | AT58: 0101010256D72103723894E928313793BD474E | AU58: 5878
A59: 경고테이프 포설 | B59: 저압용 | C59: M | D59: 1116.5 | E59: =TRUNC(신규_일위대가목록!E16,0) -> 270 | F59: =TRUNC(E59*D59, 0) -> 301455 | G59: =TRUNC(신규_일위대가목록!F16,0) -> 266 | H59: =TRUNC(G59*D59, 0) -> 296989 | I59: =TRUNC(신규_일위대가목록!G16,0) -> 0 | J59: =TRUNC(I59*D59, 0) -> 0 | K59: =TRUNC(F59+H59+J59, 0) -> 598444 | L59: 신규호표 13 | M59: 56D72103723894E928313064EEF829 | P59: 01010102 | Q59: T | R59: F | S59: F | AT59: 0101010256D72103723894E928313064EEF829 | AU59: 5832
A60: 파상형 폴리에틸렌 전선관 | B60: 30mm | C60: M | D60: 858.5 | E60: =TRUNC(신규_일위대가목록!E23,0) -> 487 | F60: =TRUNC(E60*D60, 0) -> 418089 | G60: =TRUNC(신규_일위대가목록!F23,0) -> 6535 | H60: =TRUNC(G60*D60, 0) -> 5610297 | I60: =TRUNC(신규_일위대가목록!G23,0) -> 0 | J60: =TRUNC(I60*D60, 0) -> 0 | K60: =TRUNC(F60+H60+J60, 0) -> 6028386 | L60: 신규호표 20 | M60: 56D721037238446715351CA32E7F48 | P60: 01010102 | Q60: T | R60: F | S60: F | AT60: 0101010256D721037238446715351CA32E7F48 | AU60: 5849
A61: 합성수지 파형관(ELP)설치 | B61: 40mm | C61: M | D61: 306 | E61: =TRUNC(신규_일위대가목록!E24,0) -> 638 | F61: =TRUNC(E61*D61, 0) -> 195228 | G61: =TRUNC(신규_일위대가목록!F24,0) -> 7996 | H61: =TRUNC(G61*D61, 0) -> 2446776 | I61: =TRUNC(신규_일위대가목록!G24,0) -> 0 | J61: =TRUNC(I61*D61, 0) -> 0 | K61: =TRUNC(F61+H61+J61, 0) -> 2642004 | L61: 신규호표 21 | M61: 56D721037238446715351CA32E7EA0 | P61: 01010102 | Q61: T | R61: F | S61: F | AT61: 0101010256D721037238446715351CA32E7EA0 | AU61: 5975
A62: AL DUCT 신설 | B62: W:50 | C62: m | D62: 60 | E62: =TRUNC(신규_일위대가목록!E41,0) -> 5007 | F62: =TRUNC(E62*D62, 0) -> 300420 | G62: =TRUNC(신규_일위대가목록!F41,0) -> 30549 | H62: =TRUNC(G62*D62, 0) -> 1832940 | I62: =TRUNC(신규_일위대가목록!G41,0) -> 0 | J62: =TRUNC(I62*D62, 0) -> 0 | K62: =TRUNC(F62+H62+J62, 0) -> 2133360 | L62: 신규호표 38 | M62: 56D721037238F471B15A9EE9FA6830 | P62: 01010102 | Q62: T | R62: F | S62: F | AT62: 0101010256D721037238F471B15A9EE9FA6830 | AU62: 5976
A63: 옥외 조명기구(라인조명) | B63: LED 18W | C63: 개 | D63: 60 | E63: =TRUNC(신규_일위대가목록!E42,0) -> 972 | F63: =TRUNC(E63*D63, 0) -> 58320 | G63: =TRUNC(신규_일위대가목록!F42,0) -> 32429 | H63: =TRUNC(G63*D63, 0) -> 1945740 | I63: =TRUNC(신규_일위대가목록!G42,0) -> 0 | J63: =TRUNC(I63*D63, 0) -> 0 | K63: =TRUNC(F63+H63+J63, 0) -> 2004060 | L63: 신규호표 39 | M63: 56D721037238540E9D307EF2DEBCF5 | P63: 01010102 | Q63: T | R63: F | S63: F | AT63: 0101010256D721037238540E9D307EF2DEBCF5 | AU63: 5977
A64: 옥외 조명기구(투광등) | B64: LED 54W | C64: 개 | D64: 36 | E64: =TRUNC(신규_일위대가목록!E43,0) -> 1466 | F64: =TRUNC(E64*D64, 0) -> 52776 | G64: =TRUNC(신규_일위대가목록!F43,0) -> 48879 | H64: =TRUNC(G64*D64, 0) -> 1759644 | I64: =TRUNC(신규_일위대가목록!G43,0) -> 0 | J64: =TRUNC(I64*D64, 0) -> 0 | K64: =TRUNC(F64+H64+J64, 0) -> 1812420 | L64: 신규호표 40 | M64: 56D721037238540E9D307EF2DEBCF4 | P64: 01010102 | Q64: T | R64: F | S64: F | AT64: 0101010256D721037238540E9D307EF2DEBCF4 | AU64: 5978
A65: 투광등 기초 기성품설치 | C65: 개소 | D65: 36 | E65: =TRUNC(신규_일위대가목록!E44,0) -> 48217 | F65: =TRUNC(E65*D65, 0) -> 1735812 | G65: =TRUNC(신규_일위대가목록!F44,0) -> 63909 | H65: =TRUNC(G65*D65, 0) -> 2300724 | I65: =TRUNC(신규_일위대가목록!G44,0) -> 3703 | J65: =TRUNC(I65*D65, 0) -> 133308 | K65: =TRUNC(F65+H65+J65, 0) -> 4169844 | L65: 신규호표 41 | M65: 56D72103723894E928313793BD43D0 | P65: 01010102 | Q65: T | R65: F | S65: F | AT65: 0101010256D72103723894E928313793BD43D0 | AU65: 5980
A66: SMPS함-1 신설 | B66: 옥외 자립형 | C66: 면 | D66: 1 | E66: =TRUNC(신규_일위대가목록!E45,0) -> 1380760 | F66: =TRUNC(E66*D66, 0) -> 1380760 | G66: =TRUNC(신규_일위대가목록!F45,0) -> 369651 | H66: =TRUNC(G66*D66, 0) -> 369651 | I66: =TRUNC(신규_일위대가목록!G45,0) -> 0 | J66: =TRUNC(I66*D66, 0) -> 0 | K66: =TRUNC(F66+H66+J66, 0) -> 1750411 | L66: 신규호표 42 | M66: 56D721037238540E9D307EF2DBEBED | P66: 01010102 | Q66: T | R66: F | S66: F | AT66: 0101010256D721037238540E9D307EF2DBEBED | AU66: 5983
A67: SMPS함-2 신설 | B67: 옥외 자립형 | C67: 면 | D67: 1 | E67: =TRUNC(신규_일위대가목록!E46,0) -> 1355677 | F67: =TRUNC(E67*D67, 0) -> 1355677 | G67: =TRUNC(신규_일위대가목록!F46,0) -> 419001 | H67: =TRUNC(G67*D67, 0) -> 419001 | I67: =TRUNC(신규_일위대가목록!G46,0) -> 0 | J67: =TRUNC(I67*D67, 0) -> 0 | K67: =TRUNC(F67+H67+J67, 0) -> 1774678 | L67: 신규호표 43 | M67: 56D721037238540E9D307EF2DBEBE8 | P67: 01010102 | Q67: T | R67: F | S67: F | AT67: 0101010256D721037238540E9D307EF2DBEBE8 | AU67: 6035
A68: 자립형 함체 기초 | B68: 1,000x1,000x500 | C68: 식 | D68: 1 | E68: =TRUNC(신규_일위대가목록!E28,0) -> 72386 | F68: =TRUNC(E68*D68, 0) -> 72386 | G68: =TRUNC(신규_일위대가목록!F28,0) -> 105831 | H68: =TRUNC(G68*D68, 0) -> 105831 | I68: =TRUNC(신규_일위대가목록!G28,0) -> 891 | J68: =TRUNC(I68*D68, 0) -> 891 | K68: =TRUNC(F68+H68+J68, 0) -> 179108 | L68: 신규호표 25 | M68: 56D72103723894E928313793BD42CF | P68: 01010102 | Q68: T | R68: F | S68: F | AT68: 0101010256D72103723894E928313793BD42CF | AU68: 5984
A69: SMPS함 기초 | B69: SMPS함 기초 | C69: 식 | D69: 2 | E69: =TRUNC(신규_일위대가목록!E47,0) -> 72386 | F69: =TRUNC(E69*D69, 0) -> 144772 | G69: =TRUNC(신규_일위대가목록!F47,0) -> 105831 | H69: =TRUNC(G69*D69, 0) -> 211662 | I69: =TRUNC(신규_일위대가목록!G47,0) -> 891 | J69: =TRUNC(I69*D69, 0) -> 1782 | K69: =TRUNC(F69+H69+J69, 0) -> 358216 | L69: 신규호표 44 | M69: 56D72103723894E928313793BD42CE | P69: 01010102 | Q69: T | R69: F | S69: F | AT69: 0101010256D72103723894E928313793BD42CE | AU69: 5985
A70: 가로등 기초 기성품설치 | C70: 개소 | D70: 15 | E70: =TRUNC(신규_일위대가목록!E48,0) -> 76728 | F70: =TRUNC(E70*D70, 0) -> 1150920 | G70: =TRUNC(신규_일위대가목록!F48,0) -> 63909 | H70: =TRUNC(G70*D70, 0) -> 958635 | I70: =TRUNC(신규_일위대가목록!G48,0) -> 3703 | J70: =TRUNC(I70*D70, 0) -> 55545 | K70: =TRUNC(F70+H70+J70, 0) -> 2165100 | L70: 신규호표 45 | M70: 56D72103723894E928313793BD43D6 | P70: 01010102 | Q70: T | R70: F | S70: F | AT70: 0101010256D72103723894E928313793BD43D6 | AU70: 5979
A71: 보안등기구 | B71: LED 보안등기구 50W | C71: 등 | D71: 15 | E71: =TRUNC(신규_일위대가목록!E49,0) -> 1290 | F71: =TRUNC(E71*D71, 0) -> 19350 | G71: =TRUNC(신규_일위대가목록!F49,0) -> 43004 | H71: =TRUNC(G71*D71, 0) -> 645060 | I71: =TRUNC(신규_일위대가목록!G49,0) -> 0 | J71: =TRUNC(I71*D71, 0) -> 0 | K71: =TRUNC(F71+H71+J71, 0) -> 664410 | L71: 신규호표 46 | M71: 56D721037238540E9D307EF2DAC10C | P71: 01010102 | Q71: T | R71: F | S71: F | AT71: 0101010256D721037238540E9D307EF2DAC10C | AU71: 5852
A72: POLE LIGHT 기계설치(등기구설치 제외) | B72: 5m~7m | C72: 본 | D72: 15 | E72: =TRUNC(신규_일위대가목록!E50,0) -> 5913 | F72: =TRUNC(E72*D72, 0) -> 88695 | G72: =TRUNC(신규_일위대가목록!F50,0) -> 96750 | H72: =TRUNC(G72*D72, 0) -> 1451250 | I72: =TRUNC(신규_일위대가목록!G50,0) -> 4736 | J72: =TRUNC(I72*D72, 0) -> 71040 | K72: =TRUNC(F72+H72+J72, 0) -> 1610985 | L72: 신규호표 47 | M72: 56D721037238540E9D307DEBE760FE | P72: 01010102 | Q72: T | R72: F | S72: F | AT72: 0101010256D721037238540E9D307DEBE760FE | AU72: 5986
A73: 볼라드등 설치 | B73: 볼라드등 설치 | C73: EA | D73: 27 | E73: =TRUNC(신규_일위대가목록!E51,0) -> 5913 | F73: =TRUNC(E73*D73, 0) -> 159651 | G73: =TRUNC(신규_일위대가목록!F51,0) -> 96750 | H73: =TRUNC(G73*D73, 0) -> 2612250 | I73: =TRUNC(신규_일위대가목록!G51,0) -> 4736 | J73: =TRUNC(I73*D73, 0) -> 127872 | K73: =TRUNC(F73+H73+J73, 0) -> 2899773 | L73: 신규호표 48 | M73: 56D721037238540E9D307DEBE760FC | P73: 01010102 | Q73: T | R73: F | S73: F | AT73: 0101010256D721037238540E9D307DEBE760FC | AU73: 5987
A74: 지중등 설치 | B74: 지중등 설치 | C74: EA | D74: 62 | E74: =TRUNC(신규_일위대가목록!E52,0) -> 1706 | F74: =TRUNC(E74*D74, 0) -> 105772 | G74: =TRUNC(신규_일위대가목록!F52,0) -> 56869 | H74: =TRUNC(G74*D74, 0) -> 3525878 | I74: =TRUNC(신규_일위대가목록!G52,0) -> 0 | J74: =TRUNC(I74*D74, 0) -> 0 | K74: =TRUNC(F74+H74+J74, 0) -> 3631650 | L74: 신규호표 49 | M74: 56D721037238540E9D307DEBE760FD | P74: 01010102 | Q74: T | R74: F | S74: F | AT74: 0101010256D721037238540E9D307DEBE760FD | AU74: 6034
A75: 볼라드등 기초 설치 | B75: 볼라드등 기초 | C75: 개소 | D75: 27 | E75: =TRUNC(신규_일위대가목록!E53,0) -> 48217 | F75: =TRUNC(E75*D75, 0) -> 1301859 | G75: =TRUNC(신규_일위대가목록!F53,0) -> 63909 | H75: =TRUNC(G75*D75, 0) -> 1725543 | I75: =TRUNC(신규_일위대가목록!G53,0) -> 3703 | J75: =TRUNC(I75*D75, 0) -> 99981 | K75: =TRUNC(F75+H75+J75, 0) -> 3127383 | L75: 신규호표 50 | M75: 56D72103723894E928313793BD43D1 | P75: 01010102 | Q75: T | R75: F | S75: F | AT75: 0101010256D72103723894E928313793BD43D1 | AU75: 5988
A76: 접지봉 | B76: 18Φ*2400 mm | C76: 개 | D76: 15 | E76: =TRUNC(신규_일위대가목록!E54,0) -> 15718 | F76: =TRUNC(E76*D76, 0) -> 235770 | G76: =TRUNC(신규_일위대가목록!F54,0) -> 36975 | H76: =TRUNC(G76*D76, 0) -> 554625 | I76: =TRUNC(신규_일위대가목록!G54,0) -> 0 | J76: =TRUNC(I76*D76, 0) -> 0 | K76: =TRUNC(F76+H76+J76, 0) -> 790395 | L76: 신규호표 51 | M76: 56D72103723894E92CAB35A83F0DCE | P76: 01010102 | Q76: T | R76: F | S76: F | AT76: 0101010256D72103723894E92CAB35A83F0DCE | AU76: 5989
A77: 터파기(기계 9:1) | B77: 보통토사. 백호 90%+인력 10% | C77: ㎥ | D77: 404.55 | E77: =TRUNC(신규_일위대가목록!E34,0) -> 600 | F77: =TRUNC(E77*D77, 0) -> 242730 | G77: =TRUNC(신규_일위대가목록!F34,0) -> 6909 | H77: =TRUNC(G77*D77, 0) -> 2795035 | I77: =TRUNC(신규_일위대가목록!G34,0) -> 785 | J77: =TRUNC(I77*D77, 0) -> 317571 | K77: =TRUNC(F77+H77+J77, 0) -> 3355336 | L77: 신규호표 31 | M77: 569DE103C338D485C142AB2FBA6AB2 | P77: 01010102 | Q77: T | R77: F | S77: F | AT77: 01010102569DE103C338D485C142AB2FBA6AB2 | AU77: 5853
A78: 되메우고 다지기(백호+래머) | B78: 토사, T=15cm | C78: M3 | D78: 404.55 | E78: =TRUNC(신규_일위대가목록!E35,0) -> 6606 | F78: =TRUNC(E78*D78, 0) -> 2672457 | G78: =TRUNC(신규_일위대가목록!F35,0) -> 525 | H78: =TRUNC(G78*D78, 0) -> 212388 | I78: =TRUNC(신규_일위대가목록!G35,0) -> 419 | J78: =TRUNC(I78*D78, 0) -> 169506 | K78: =TRUNC(F78+H78+J78, 0) -> 3054351 | L78: 신규호표 32 | M78: 569DE103C53B84CC97FB4DEFFA0997 | P78: 01010102 | Q78: T | R78: F | S78: F | AT78: 01010102569DE103C53B84CC97FB4DEFFA0997 | AU78: 5854
A99: [ 합 계 ] | F99: =SUM(F53:F98) -> 16886561 | H99: =SUM(H53:H98) -> 40880064 | J99: =SUM(J53:J98) -> 977496 | K99: =SUM(K53:K98) -> 58744121 | M99: TOTAL
A100: 1-2-1.전력간선공사 | P100: 01010201
A101: 경질비닐전선관 | B101: HI 36 mm | C101: M | D101: 30.7 | E101: =TRUNC(신규_일위대가목록!E55,0) -> 1411 | F101: =TRUNC(E101*D101, 0) -> 43317 | G101: =TRUNC(신규_일위대가목록!F55,0) -> 25891 | H101: =TRUNC(G101*D101, 0) -> 794853 | I101: =TRUNC(신규_일위대가목록!G55,0) -> 0 | J101: =TRUNC(I101*D101, 0) -> 0 | K101: =TRUNC(F101+H101+J101, 0) -> 838170 | L101: 신규호표 52 | M101: 56D721037238D443B9948C99B0D45B | P101: 01010201 | Q101: T | R101: F | S101: F | AT101: 0101020156D721037238D443B9948C99B0D45B | AU101: 5886
A102: 경질비닐PVC전선관-매입 | B102: HI 54 mm | C102: M | D102: 29.4 | E102: =TRUNC(신규_일위대가목록!E56,0) -> 2371 | F102: =TRUNC(E102*D102, 0) -> 69707 | G102: =TRUNC(신규_일위대가목록!F56,0) -> 44649 | H102: =TRUNC(G102*D102, 0) -> 1312680 | I102: =TRUNC(신규_일위대가목록!G56,0) -> 0 | J102: =TRUNC(I102*D102, 0) -> 0 | K102: =TRUNC(F102+H102+J102, 0) -> 1382387 | L102: 신규호표 53 | M102: 56D721037238D443B9948C99B0D608 | P102: 01010201 | Q102: T | R102: F | S102: F | AT102: 0101020156D721037238D443B9948C99B0D608 | AU102: 5887
A103: 경질비닐전선관 | B103: HI 104 mm | C103: M | D103: 1.5 | E103: =TRUNC(신규_일위대가목록!E57,0) -> 6707 | F103: =TRUNC(E103*D103, 0) -> 10060 | G103: =TRUNC(신규_일위대가목록!F57,0) -> 119101 | H103: =TRUNC(G103*D103, 0) -> 178651 | I103: =TRUNC(신규_일위대가목록!G57,0) -> 0 | J103: =TRUNC(I103*D103, 0) -> 0 | K103: =TRUNC(F103+H103+J103, 0) -> 188711 | L103: 신규호표 54 | M103: 56D721037238D443B9948C99B1F891 | P103: 01010201 | Q103: T | R103: F | S103: F | AT103: 0101020156D721037238D443B9948C99B1F891 | AU103: 5945
A104: ST 케이블 트레이-STRAIGHT | B104: W400x100Hx2.3t | C104: m | D104: 1 | E104: =TRUNC(신규_일위대가목록!E5,0) -> 35300 | F104: =TRUNC(E104*D104, 0) -> 35300 | G104: =TRUNC(신규_일위대가목록!F5,0) -> 56399 | H104: =TRUNC(G104*D104, 0) -> 56399 | I104: =TRUNC(신규_일위대가목록!G5,0) -> 0 | J104: =TRUNC(I104*D104, 0) -> 0 | K104: =TRUNC(F104+H104+J104, 0) -> 91699 | L104: 신규호표 2 | M104: 56D72103723884C205FF9F5B17316B | P104: 01010201 | Q104: T | R104: F | S104: F | AT104: 0101020156D72103723884C205FF9F5B17316B | AU104: 5954
A105: 난연 비닐 절연 접지용전선(F-GV) | B105: 0.6/1kV 6㎟ | C105: m | D105: 32.7 | E105: =TRUNC(신규_일위대가목록!E7,0) -> 849 | F105: =TRUNC(E105*D105, 0) -> 27762 | G105: =TRUNC(신규_일위대가목록!F7,0) -> 2330 | H105: =TRUNC(G105*D105, 0) -> 76191 | I105: =TRUNC(신규_일위대가목록!G7,0) -> 0 | J105: =TRUNC(I105*D105, 0) -> 0 | K105: =TRUNC(F105+H105+J105, 0) -> 103953 | L105: 신규호표 4 | M105: 56D721037238E46A4237DB110EC952 | P105: 01010201 | Q105: T | R105: F | S105: F | AT105: 0101020156D721037238E46A4237DB110EC952 | AU105: 5889
A106: 난연 비닐 절연 접지용전선(F-GV) | B106: 0.6/1kV 16㎟ | C106: m | D106: 31.4 | E106: =TRUNC(신규_일위대가목록!E8,0) -> 1963 | F106: =TRUNC(E106*D106, 0) -> 61638 | G106: =TRUNC(신규_일위대가목록!F8,0) -> 2467 | H106: =TRUNC(G106*D106, 0) -> 77463 | I106: =TRUNC(신규_일위대가목록!G8,0) -> 0 | J106: =TRUNC(I106*D106, 0) -> 0 | K106: =TRUNC(F106+H106+J106, 0) -> 139101 | L106: 신규호표 5 | M106: 56D721037238E46A4237DB110ECFFA | P106: 01010201 | Q106: T | R106: F | S106: F | AT106: 0101020156D721037238E46A4237DB110ECFFA | AU106: 5891
A107: 난연 비닐 절연 접지용전선(F-GV)-옥외 | B107: 0.6/1kV 95㎟ | C107: m | D107: 4.5 | E107: =TRUNC(신규_일위대가목록!E58,0) -> 9583 | F107: =TRUNC(E107*D107, 0) -> 43123 | G107: =TRUNC(신규_일위대가목록!F58,0) -> 2819 | H107: =TRUNC(G107*D107, 0) -> 12685 | I107: =TRUNC(신규_일위대가목록!G58,0) -> 0 | J107: =TRUNC(I107*D107, 0) -> 0 | K107: =TRUNC(F107+H107+J107, 0) -> 55808 | L107: 신규호표 55 | M107: 56D721037238E46A4237DB110ECFFD | P107: 01010201 | Q107: T | R107: F | S107: F | AT107: 0101020156D721037238E46A4237DB110ECFFD | AU107: 5947
A108: 0.6/1kV 난연 전력 케이블(F-CV) | B108: 1C 150㎟-4열동시 | C108: m | D108: 18 | E108: =TRUNC(신규_일위대가목록!E59,0) -> 16796 | F108: =TRUNC(E108*D108, 0) -> 302328 | G108: =TRUNC(신규_일위대가목록!F59,0) -> 21044 | H108: =TRUNC(G108*D108, 0) -> 378792 | I108: =TRUNC(신규_일위대가목록!G59,0) -> 0 | J108: =TRUNC(I108*D108, 0) -> 0 | K108: =TRUNC(F108+H108+J108, 0) -> 681120 | L108: 신규호표 56 | M108: 56D721037238F471B0B314204849F6 | P108: 01010201 | Q108: T | R108: F | S108: F | AT108: 0101020156D721037238F471B0B314204849F6 | AU108: 5948
A109: 0.6/1kV 난연 전력 케이블(F-CV) | B109: 2C 6㎟ | C109: m | D109: 20.4 | E109: =TRUNC(신규_일위대가목록!E39,0) -> 2275 | F109: =TRUNC(E109*D109, 0) -> 46410 | G109: =TRUNC(신규_일위대가목록!F39,0) -> 3685 | H109: =TRUNC(G109*D109, 0) -> 75174 | I109: =TRUNC(신규_일위대가목록!G39,0) -> 0 | J109: =TRUNC(I109*D109, 0) -> 0 | K109: =TRUNC(F109+H109+J109, 0) -> 121584 | L109: 신규호표 36 | M109: 56D721037238F471B0B317F58E4080 | P109: 01010201 | Q109: T | R109: F | S109: F | AT109: 0101020156D721037238F471B0B317F58E4080 | AU109: 5892
A110: 0.6/1kV 난연 전력 케이블(F-CV) | B110: 4C 6㎟ | C110: m | D110: 12.3 | E110: =TRUNC(신규_일위대가목록!E14,0) -> 4046 | F110: =TRUNC(E110*D110, 0) -> 49765 | G110: =TRUNC(신규_일위대가목록!F14,0) -> 9238 | H110: =TRUNC(G110*D110, 0) -> 113627 | I110: =TRUNC(신규_일위대가목록!G14,0) -> 0 | J110: =TRUNC(I110*D110, 0) -> 0 | K110: =TRUNC(F110+H110+J110, 0) -> 163392 | L110: 신규호표 11 | M110: 56D721037238F471B0B3116C8247CE | P110: 01010201 | Q110: T | R110: F | S110: F | AT110: 0101020156D721037238F471B0B3116C8247CE | AU110: 5893
A111: 0.6/1kV 난연 전력 케이블(F-CV) | B111: 4C 16㎟ | C111: m | D111: 22.2 | E111: =TRUNC(신규_일위대가목록!E15,0) -> 10984 | F111: =TRUNC(E111*D111, 0) -> 243844 | G111: =TRUNC(신규_일위대가목록!F15,0) -> 15272 | H111: =TRUNC(G111*D111, 0) -> 339038 | I111: =TRUNC(신규_일위대가목록!G15,0) -> 0 | J111: =TRUNC(I111*D111, 0) -> 0 | K111: =TRUNC(F111+H111+J111, 0) -> 582882 | L111: 신규호표 12 | M111: 56D721037238F471B0B3116C824479 | P111: 01010201 | Q111: T | R111: F | S111: F | AT111: 0101020156D721037238F471B0B3116C824479 | AU111: 5990
A112: 0.6/1kV 난연 전력 케이블(F-CV) | B112: 4C 25㎟ | C112: m | D112: 9.2 | E112: =TRUNC(신규_일위대가목록!E60,0) -> 17184 | F112: =TRUNC(E112*D112, 0) -> 158092 | G112: =TRUNC(신규_일위대가목록!F60,0) -> 19920 | H112: =TRUNC(G112*D112, 0) -> 183264 | I112: =TRUNC(신규_일위대가목록!G60,0) -> 0 | J112: =TRUNC(I112*D112, 0) -> 0 | K112: =TRUNC(F112+H112+J112, 0) -> 341356 | L112: 신규호표 57 | M112: 56D721037238F471B0B3116C824BA9 | P112: 01010201 | Q112: T | R112: F | S112: F | AT112: 0101020156D721037238F471B0B3116C824BA9 | AU112: 5895
A113: 러그단자 | B113: 동관단자 1H 16㎟ | C113: 개 | D113: 12 | E113: =TRUNC(신규_일위대가목록!E17,0) -> 824 | F113: =TRUNC(E113*D113, 0) -> 9888 | G113: =TRUNC(신규_일위대가목록!F17,0) -> 20687 | H113: =TRUNC(G113*D113, 0) -> 248244 | I113: =TRUNC(신규_일위대가목록!G17,0) -> 0 | J113: =TRUNC(I113*D113, 0) -> 0 | K113: =TRUNC(F113+H113+J113, 0) -> 258132 | L113: 신규호표 14 | M113: 56D721037238540E9C28625D5C9B1A | P113: 01010201 | Q113: T | R113: F | S113: F | AT113: 0101020156D721037238540E9C28625D5C9B1A | AU113: 5896
A114: 러그단자 | B114: 동관단자 1H 25㎟ | C114: 개 | D114: 8 | E114: =TRUNC(신규_일위대가목록!E18,0) -> 760 | F114: =TRUNC(E114*D114, 0) -> 6080 | G114: =TRUNC(신규_일위대가목록!F18,0) -> 15323 | H114: =TRUNC(G114*D114, 0) -> 122584 | I114: =TRUNC(신규_일위대가목록!G18,0) -> 0 | J114: =TRUNC(I114*D114, 0) -> 0 | K114: =TRUNC(F114+H114+J114, 0) -> 128664 | L114: 신규호표 15 | M114: 56D721037238540E9C28625D5C9B1B | P114: 01010201 | Q114: T | R114: F | S114: F | AT114: 0101020156D721037238540E9C28625D5C9B1B | AU114: 5897
A115: 러그단자 | B115: 동관단자 1H 95㎟ | C115: 개 | D115: 2 | E115: =TRUNC(신규_일위대가목록!E61,0) -> 2521 | F115: =TRUNC(E115*D115, 0) -> 5042 | G115: =TRUNC(신규_일위대가목록!F61,0) -> 38309 | H115: =TRUNC(G115*D115, 0) -> 76618 | I115: =TRUNC(신규_일위대가목록!G61,0) -> 0 | J115: =TRUNC(I115*D115, 0) -> 0 | K115: =TRUNC(F115+H115+J115, 0) -> 81660 | L115: 신규호표 58 | M115: 56D721037238540E9C28625D5C9B10 | P115: 01010201 | Q115: T | R115: F | S115: F | AT115: 0101020156D721037238540E9C28625D5C9B10 | AU115: 5949
A116: 러그단자 | B116: 동관단자 2H 150㎟ | C116: 개 | D116: 8 | E116: =TRUNC(신규_일위대가목록!E62,0) -> 4253 | F116: =TRUNC(E116*D116, 0) -> 34024 | G116: =TRUNC(신규_일위대가목록!F62,0) -> 52169 | H116: =TRUNC(G116*D116, 0) -> 417352 | I116: =TRUNC(신규_일위대가목록!G62,0) -> 0 | J116: =TRUNC(I116*D116, 0) -> 0 | K116: =TRUNC(F116+H116+J116, 0) -> 451376 | L116: 신규호표 59 | M116: 56D721037238540E9C28625D5C9A76 | P116: 01010201 | Q116: T | R116: F | S116: F | AT116: 0101020156D721037238540E9C28625D5C9A76 | AU116: 5950
A117: 분전반 설치(신설) | B117: LP-1 | C117: 면 | D117: 1 | E117: =TRUNC(신규_일위대가목록!E63,0) -> 8671 | F117: =TRUNC(E117*D117, 0) -> 8671 | G117: =TRUNC(신규_일위대가목록!F63,0) -> 289048 | H117: =TRUNC(G117*D117, 0) -> 289048 | I117: =TRUNC(신규_일위대가목록!G63,0) -> 0 | J117: =TRUNC(I117*D117, 0) -> 0 | K117: =TRUNC(F117+H117+J117, 0) -> 297719 | L117: 신규호표 60 | M117: 56D72103713E442CD0A2B4891C2293 | P117: 01010201 | Q117: T | R117: F | S117: F | AT117: 0101020156D72103713E442CD0A2B4891C2293 | AU117: 5864
A118: 분전반 설치(신설) | B118: LP-2 | C118: 면 | D118: 1 | E118: =TRUNC(신규_일위대가목록!E64,0) -> 8671 | F118: =TRUNC(E118*D118, 0) -> 8671 | G118: =TRUNC(신규_일위대가목록!F64,0) -> 289048 | H118: =TRUNC(G118*D118, 0) -> 289048 | I118: =TRUNC(신규_일위대가목록!G64,0) -> 0 | J118: =TRUNC(I118*D118, 0) -> 0 | K118: =TRUNC(F118+H118+J118, 0) -> 297719 | L118: 신규호표 61 | M118: 56D72103713E442CD0A2B4891C244D | P118: 01010201 | Q118: T | R118: F | S118: F | AT118: 0101020156D72103713E442CD0A2B4891C244D | AU118: 5899
A119: 분전반 설치(신설) | B119: LP-3 | C119: 면 | D119: 1 | E119: =TRUNC(신규_일위대가목록!E65,0) -> 8671 | F119: =TRUNC(E119*D119, 0) -> 8671 | G119: =TRUNC(신규_일위대가목록!F65,0) -> 289048 | H119: =TRUNC(G119*D119, 0) -> 289048 | I119: =TRUNC(신규_일위대가목록!G65,0) -> 0 | J119: =TRUNC(I119*D119, 0) -> 0 | K119: =TRUNC(F119+H119+J119, 0) -> 297719 | L119: 신규호표 62 | M119: 56D72103713E442CD0A2B4891C244C | P119: 01010201 | Q119: T | R119: F | S119: F | AT119: 0101020156D72103713E442CD0A2B4891C244C | AU119: 5900
A120: 분전반 설치(신설) | B120: PP-ELEV | C120: 면 | D120: 1 | E120: =TRUNC(신규_일위대가목록!E66,0) -> 6697 | F120: =TRUNC(E120*D120, 0) -> 6697 | G120: =TRUNC(신규_일위대가목록!F66,0) -> 223248 | H120: =TRUNC(G120*D120, 0) -> 223248 | I120: =TRUNC(신규_일위대가목록!G66,0) -> 0 | J120: =TRUNC(I120*D120, 0) -> 0 | K120: =TRUNC(F120+H120+J120, 0) -> 229945 | L120: 신규호표 63 | M120: 56D72103713E442CD0A2B4891C244F | P120: 01010201 | Q120: T | R120: F | S120: F | AT120: 0101020156D72103713E442CD0A2B4891C244F | AU120: 5901
A121: 분전반 설치(신설) | B121: PP-OAC | C121: 면 | D121: 1 | E121: =TRUNC(신규_일위대가목록!E67,0) -> 8671 | F121: =TRUNC(E121*D121, 0) -> 8671 | G121: =TRUNC(신규_일위대가목록!F67,0) -> 289048 | H121: =TRUNC(G121*D121, 0) -> 289048 | I121: =TRUNC(신규_일위대가목록!G67,0) -> 0 | J121: =TRUNC(I121*D121, 0) -> 0 | K121: =TRUNC(F121+H121+J121, 0) -> 297719 | L121: 신규호표 64 | M121: 56D72103713E442CD0A2B4891C244E | P121: 01010201 | Q121: T | R121: F | S121: F | AT121: 0101020156D72103713E442CD0A2B4891C244E | AU121: 5922
A123: [ 합 계 ] | F123: =SUM(F101:F122) -> 1187761 | H123: =SUM(H101:H122) -> 5843055 | J123: =SUM(J101:J122) -> 0 | K123: =SUM(K101:K122) -> 7030816 | M123: TOTAL
A124: 1-2-2.전열공사 | P124: 01010202
A125: 경질비닐전선관 | B125: HI 36 mm | C125: M | D125: 8.3 | E125: =TRUNC(신규_일위대가목록!E55,0) -> 1411 | F125: =TRUNC(E125*D125, 0) -> 11711 | G125: =TRUNC(신규_일위대가목록!F55,0) -> 25891 | H125: =TRUNC(G125*D125, 0) -> 214895 | I125: =TRUNC(신규_일위대가목록!G55,0) -> 0 | J125: =TRUNC(I125*D125, 0) -> 0 | K125: =TRUNC(F125+H125+J125, 0) -> 226606 | L125: 신규호표 52 | M125: 56D721037238D443B9948C99B0D45B | P125: 01010202 | Q125: T | R125: F | S125: F | AT125: 0101020256D721037238D443B9948C99B0D45B | AU125: 5902
A126: 합성수지제 가요전선관-매입 | B126: (난연성), 16㎜ | C126: M | D126: 285.1 | E126: =TRUNC(신규_일위대가목록!E68,0) -> 516 | F126: =TRUNC(E126*D126, 0) -> 147111 | G126: =TRUNC(신규_일위대가목록!F68,0) -> 9399 | H126: =TRUNC(G126*D126, 0) -> 2679654 | I126: =TRUNC(신규_일위대가목록!G68,0) -> 0 | J126: =TRUNC(I126*D126, 0) -> 0 | K126: =TRUNC(F126+H126+J126, 0) -> 2826765 | L126: 신규호표 65 | M126: 56D721037238D443BABB9662C14F9A | P126: 01010202 | Q126: T | R126: F | S126: F | AT126: 0101020256D721037238D443BABB9662C14F9A | AU126: 5880
A127: 아우트렛박스 | B127: 중형4각 54㎜ | C127: 개 | D127: 47 | E127: =TRUNC(신규_일위대가목록!E69,0) -> 2477 | F127: =TRUNC(E127*D127, 0) -> 116419 | G127: =TRUNC(신규_일위대가목록!F69,0) -> 46999 | H127: =TRUNC(G127*D127, 0) -> 2208953 | I127: =TRUNC(신규_일위대가목록!G69,0) -> 0 | J127: =TRUNC(I127*D127, 0) -> 0 | K127: =TRUNC(F127+H127+J127, 0) -> 2325372 | L127: 신규호표 66 | M127: 56D72103703DA466B9C9A6134B41D3 | P127: 01010202 | Q127: T | R127: F | S127: F | AT127: 0101020256D72103703DA466B9C9A6134B41D3 | AU127: 5882
A128: 450/75OV 저독성난연가교폴리올레핀절연전선(HFIX) | B128: 4㎟ (바닥) | C128: m | D128: 934.2 | E128: =TRUNC(신규_일위대가목록!E70,0) -> 764 | F128: =TRUNC(E128*D128, 0) -> 713728 | G128: =TRUNC(신규_일위대가목록!F70,0) -> 2589 | H128: =TRUNC(G128*D128, 0) -> 2418643 | I128: =TRUNC(신규_일위대가목록!G70,0) -> 0 | J128: =TRUNC(I128*D128, 0) -> 0 | K128: =TRUNC(F128+H128+J128, 0) -> 3132371 | L128: 신규호표 67 | M128: 56D721037238E46A400B8D6C8BEB92 | P128: 01010202 | Q128: T | R128: F | S128: F | AT128: 0101020256D721037238E46A400B8D6C8BEB92 | AU128: 5883
A129: 난연 비닐 절연 접지용전선(F-GV) | B129: 0.6/1kV 4㎟ | C129: m | D129: 9.1 | E129: =TRUNC(신규_일위대가목록!E38,0) -> 964 | F129: =TRUNC(E129*D129, 0) -> 8772 | G129: =TRUNC(신규_일위대가목록!F38,0) -> 2114 | H129: =TRUNC(G129*D129, 0) -> 19237 | I129: =TRUNC(신규_일위대가목록!G38,0) -> 0 | J129: =TRUNC(I129*D129, 0) -> 0 | K129: =TRUNC(F129+H129+J129, 0) -> 28009 | L129: 신규호표 35 | M129: 56D721037238E46A4237DB110EC84B | P129: 01010202 | Q129: T | R129: F | S129: F | AT129: 0101020256D721037238E46A4237DB110EC84B | AU129: 5903
A130: 0.6/1kV 난연 전력 케이블(F-CV) | B130: 4C 4㎟ | C130: m | D130: 9.1 | E130: =TRUNC(신규_일위대가목록!E71,0) -> 3373 | F130: =TRUNC(E130*D130, 0) -> 30694 | G130: =TRUNC(신규_일위대가목록!F71,0) -> 7406 | H130: =TRUNC(G130*D130, 0) -> 67394 | I130: =TRUNC(신규_일위대가목록!G71,0) -> 0 | J130: =TRUNC(I130*D130, 0) -> 0 | K130: =TRUNC(F130+H130+J130, 0) -> 98088 | L130: 신규호표 68 | M130: 56D721037238F471B0B3116C82409F | P130: 01010202 | Q130: T | R130: F | S130: F | AT130: 0101020256D721037238F471B0B3116C82409F | AU130: 5943
A131: 콘센트 설치(매입) | B131: 접지형, 15A 250V, 2구 | C131: 개 | D131: 14 | E131: =TRUNC(신규_일위대가목록!E72,0) -> 1759 | F131: =TRUNC(E131*D131, 0) -> 24626 | G131: =TRUNC(신규_일위대가목록!F72,0) -> 20713 | H131: =TRUNC(G131*D131, 0) -> 289982 | I131: =TRUNC(신규_일위대가목록!G72,0) -> 0 | J131: =TRUNC(I131*D131, 0) -> 0 | K131: =TRUNC(F131+H131+J131, 0) -> 314608 | L131: 신규호표 69 | M131: 56D721037238540E9D307970DE8BAA | P131: 01010202 | Q131: T | R131: F | S131: F | AT131: 0101020256D721037238540E9D307970DE8BAA | AU131: 5884
A132: 콘센트 설치(매입) | B132: 방우형, 15A 250V, 2구 | C132: 개 | D132: 16 | E132: =TRUNC(신규_일위대가목록!E73,0) -> 2854 | F132: =TRUNC(E132*D132, 0) -> 45664 | G132: =TRUNC(신규_일위대가목록!F73,0) -> 20713 | H132: =TRUNC(G132*D132, 0) -> 331408 | I132: =TRUNC(신규_일위대가목록!G73,0) -> 0 | J132: =TRUNC(I132*D132, 0) -> 0 | K132: =TRUNC(F132+H132+J132, 0) -> 377072 | L132: 신규호표 70 | M132: 56D721037238540E9D307970DE847D | P132: 01010202 | Q132: T | R132: F | S132: F | AT132: 0101020256D721037238540E9D307970DE847D | AU132: 5885
A133: 대기전력차단콘센트 설치(매입) | B133: 3구, 16A 250V | C133: 개 | D133: 14 | E133: =TRUNC(신규_일위대가목록!E74,0) -> 53352 | F133: =TRUNC(E133*D133, 0) -> 746928 | G133: =TRUNC(신규_일위대가목록!F74,0) -> 22324 | H133: =TRUNC(G133*D133, 0) -> 312536 | I133: =TRUNC(신규_일위대가목록!G74,0) -> 0 | J133: =TRUNC(I133*D133, 0) -> 0 | K133: =TRUNC(F133+H133+J133, 0) -> 1059464 | L133: 신규호표 71 | M133: 56D721037238540E9D307970DE8BA9 | P133: 01010202 | Q133: T | R133: F | S133: F | AT133: 0101020256D721037238540E9D307970DE8BA9 | AU133: 5905
A147: [ 합 계 ] | F147: =SUM(F125:F146) -> 1845653 | H147: =SUM(H125:H146) -> 8542702 | J147: =SUM(J125:J146) -> 0 | K147: =SUM(K125:K146) -> 10388355 | M147: TOTAL
A148: 1-3-3.전등공사 | P148: 01010203
A149: 합성수지제 가요전선관-매입 | B149: (난연성), 16㎜ | C149: M | D149: 451.7 | E149: =TRUNC(신규_일위대가목록!E68,0) -> 516 | F149: =TRUNC(E149*D149, 0) -> 233077 | G149: =TRUNC(신규_일위대가목록!F68,0) -> 9399 | H149: =TRUNC(G149*D149, 0) -> 4245528 | I149: =TRUNC(신규_일위대가목록!G68,0) -> 0 | J149: =TRUNC(I149*D149, 0) -> 0 | K149: =TRUNC(F149+H149+J149, 0) -> 4478605 | L149: 신규호표 65 | M149: 56D721037238D443BABB9662C14F9A | P149: 01010203 | Q149: T | R149: F | S149: F | AT149: 0101020356D721037238D443BABB9662C14F9A | AU149: 5731
A150: 1종금속제가요전선관 | B150: 16 mm 비방수 | C150: M | D150: 45.3 | E150: =TRUNC(신규_일위대가목록!E75,0) -> 649 | F150: =TRUNC(E150*D150, 0) -> 29399 | G150: =TRUNC(신규_일위대가목록!F75,0) -> 11392 | H150: =TRUNC(G150*D150, 0) -> 516057 | I150: =TRUNC(신규_일위대가목록!G75,0) -> 0 | J150: =TRUNC(I150*D150, 0) -> 0 | K150: =TRUNC(F150+H150+J150, 0) -> 545456 | L150: 신규호표 72 | M150: 56D721037238D443BD0FD4A2004080 | P150: 01010203 | Q150: T | R150: F | S150: F | AT150: 0101020356D721037238D443BD0FD4A2004080 | AU150: 5732
A151: 1종금속제가요전선관 | B151: 박스커넥터, 16mm, 비방수 | C151: 개 | D151: 56 | E151: =TRUNC(신규_단가대비표!O140,0) -> 973 | F151: =TRUNC(E151*D151, 0) -> 54488 | G151: =TRUNC(신규_단가대비표!P140,0) -> 0 | H151: =TRUNC(G151*D151, 0) -> 0 | I151: =TRUNC(신규_단가대비표!V140,0) -> 0 | J151: =TRUNC(I151*D151, 0) -> 0 | K151: =TRUNC(F151+H151+J151, 0) -> 54488 | M151: 51B74103823624F9511499FEE08044DD401679 | P151: 01010203 | Q151: F | R151: F | S151: T | AT151: 0101020351B74103823624F9511499FEE08044DD401679 | AU151: 5733
A152: 아우트렛박스 | B152: 8각 54mm | C152: 개 | D152: 104 | E152: =TRUNC(신규_일위대가목록!E76,0) -> 1365 | F152: =TRUNC(E152*D152, 0) -> 141960 | G152: =TRUNC(신규_일위대가목록!F76,0) -> 31070 | H152: =TRUNC(G152*D152, 0) -> 3231280 | I152: =TRUNC(신규_일위대가목록!G76,0) -> 0 | J152: =TRUNC(I152*D152, 0) -> 0 | K152: =TRUNC(F152+H152+J152, 0) -> 3373240 | L152: 신규호표 73 | M152: 56D721037238540E9FFE4C0D47DAB6 | P152: 01010203 | Q152: T | R152: F | S152: F | AT152: 0101020356D721037238540E9FFE4C0D47DAB6 | AU152: 5734
...

Sheet 일위대가목록
B1: 107 | C1: [ 평창 에코랜드 조성사업(전기) ] - 일위대가목차
A2: 번호 | B2: … | C2: 코드 | D2: 명 칭 | E2: 규 격 | F2: 단위 | G2: 수량 | H2: 재료비 | J2: 노무비 | M2: 경비 | O2: 계 | P2: 계 | Q2: 비고
H3: 단가 | I3: 금액 | J3: 수량 | K3: 단가 | L3: 금액 | M3: 단가 | N3: 금액 | O3: 단가
A4: 56950120022 | B4: 56950120022 | C4: 제 1호 | D4: 파이프행가 | E4: 22 C | F4: 개소 | H4: =일위대가!I12 -> 1515 | I4: =H4 -> 1515 | K4: =일위대가!L12 -> 8253 | L4: =K4 -> 8253 | M4: =일위대가!N12 -> 0 | N4: =M4 -> 0 | O4: =IF((H4+K4+M4)=0, "", (H4+K4+M4)) -> 9768 | P4: =SUM(I4,L4,N4) -> 9768
A5: 56950120036 | B5: 56950120036 | C5: 제 2호 | D5: 파이프행가 | E5: 36 C | F5: 개소 | H5: =일위대가!I22 -> 1548 | I5: =H5 -> 1548 | K5: =일위대가!L22 -> 8253 | L5: =K5 -> 8253 | M5: =일위대가!N22 -> 0 | N5: =M5 -> 0 | O5: =IF((H5+K5+M5)=0, "", (H5+K5+M5)) -> 9801 | P5: =SUM(I5,L5,N5) -> 9801
A6: 56950120104 | B6: 56950120104 | C6: 제 3호 | D6: 파이프행가 | E6: 104 C | F6: 개소 | H6: =일위대가!I32 -> 2334 | I6: =H6 -> 2334 | K6: =일위대가!L32 -> 8253 | L6: =K6 -> 8253 | M6: =일위대가!N32 -> 0 | N6: =M6 -> 0 | O6: =IF((H6+K6+M6)=0, "", (H6+K6+M6)) -> 10587 | P6: =SUM(I6,L6,N6) -> 10587
A7: 56950201000 | B7: 56950201000 | C7: 제 4호 | D7: 맨홀 | E7: 1000x1000x1000 | F7: 개소 | H7: =일위대가!I47 -> 592735 | I7: =H7 -> 592735 | K7: =일위대가!L47 -> 445385 | L7: =K7 -> 445385 | M7: =일위대가!N47 -> 45539 | N7: =M7 -> 45539 | O7: =IF((H7+K7+M7)=0, "", (H7+K7+M7)) -> 1083659 | P7: =SUM(I7,L7,N7) -> 1083659
A8: 56950220300 | B8: 56950220300 | C8: 제 5호 | D8: 접지공사 | E8: 3종 | F8: 개소 | H8: =일위대가!I58 -> 46799 | I8: =H8 -> 46799 | K8: =일위대가!L58 -> 112041 | L8: =K8 -> 112041 | M8: =일위대가!N58 -> 2512 | N8: =M8 -> 2512 | O8: =IF((H8+K8+M8)=0, "", (H8+K8+M8)) -> 161352 | P8: =SUM(I8,L8,N8) -> 161352
A9: 56951004514 | B9: 56951004514 | C9: 제 6호 | D9: 가로등중공기초 | E9: 접지(유),500*800*700 | F9: 개소 | H9: =일위대가!I67 -> 128594 | I9: =H9 -> 128594 | K9: =일위대가!L67 -> 55147 | L9: =K9 -> 55147 | M9: =일위대가!N67 -> 4818 | N9: =M9 -> 4818 | O9: =IF((H9+K9+M9)=0, "", (H9+K9+M9)) -> 188559 | P9: =SUM(I9,L9,N9) -> 188559
A10: 56951004517 | B10: 56951004517 | C10: 제 7호 | D10: 가로등 건주 기계화 시공 | E10: 일반 5m-7m | F10: 개소 | H10: =일위대가!I73 -> 8287 | I10: =H10 -> 8287 | K10: =일위대가!L73 -> 90382 | L10: =K10 -> 90382 | M10: =일위대가!N73 -> 24982 | N10: =M10 -> 24982 | O10: =IF((H10+K10+M10)=0, "", (H10+K10+M10)) -> 123651 | P10: =SUM(I10,L10,N10) -> 123651
A11: 56959000166 | B11: 56959000166 | C11: 제 8호 | D11: 정원등중공기초 | E11: 400x500x565x400 | F11: 개소 | H11: =일위대가!I82 -> 90884 | I11: =H11 -> 90884 | K11: =일위대가!L82 -> 33485 | L11: =K11 -> 33485 | M11: =일위대가!N82 -> 4818 | N11: =M11 -> 4818 | O11: =IF((H11+K11+M11)=0, "", (H11+K11+M11)) -> 129187 | P11: =SUM(I11,L11,N11) -> 129187
A12: 5975A337002 | B12: 5975A337002 | C12: 제 9호 | D12: 강제전선관 | E12: 아연도 22 mm | F12: M | H12: =일위대가!I90 -> 2968 | I12: =H12 -> 2968 | K12: =일위대가!L90 -> 25217 | L12: =K12 -> 25217 | M12: =일위대가!N90 -> 0 | N12: =M12 -> 0 | O12: =IF((H12+K12+M12)=0, "", (H12+K12+M12)) -> 28185 | P12: =SUM(I12,L12,N12) -> 28185
A13: 5975A337004 | B13: 5975A337004 | C13: 제 10호 | D13: 강제전선관 | E13: 아연도 36 mm | F13: M | H13: =일위대가!I98 -> 4998 | I13: =H13 -> 4998 | K13: =일위대가!L98 -> 45850 | L13: =K13 -> 45850 | M13: =일위대가!N98 -> 0 | N13: =M13 -> 0 | O13: =IF((H13+K13+M13)=0, "", (H13+K13+M13)) -> 50848 | P13: =SUM(I13,L13,N13) -> 50848
A14: 5975A337010 | B14: 5975A337010 | C14: 제 11호 | D14: 강제전선관 | E14: 아연도 104 mm | F14: M | H14: =일위대가!I106 -> 18742 | I14: =H14 -> 18742 | K14: =일위대가!L106 -> 162769 | L14: =K14 -> 162769 | M14: =일위대가!N106 -> 0 | N14: =M14 -> 0 | O14: =IF((H14+K14+M14)=0, "", (H14+K14+M14)) -> 181511 | P14: =SUM(I14,L14,N14) -> 181511
A15: 5975A337012 | B15: 5975A337012 | C15: 제 12호 | D15: 강제전선관(노출) | E15: 아연도 22 mm | F15: M | H15: =일위대가!I114 -> 3069 | I15: =H15 -> 3069 | K15: =일위대가!L114 -> 30261 | L15: =K15 -> 30261 | M15: =일위대가!N114 -> 0 | N15: =M15 -> 0 | O15: =IF((H15+K15+M15)=0, "", (H15+K15+M15)) -> 33330 | P15: =SUM(I15,L15,N15) -> 33330
A16: 5975B467012 | B16: 5975B467012 | C16: 제 13호 | D16: 경질비닐전선관 | E16: HI 16 mm | F16: M | H16: =일위대가!I122 -> 495 | I16: =H16 -> 495 | K16: =일위대가!L122 -> 11462 | L16: =K16 -> 11462 | M16: =일위대가!N122 -> 0 | N16: =M16 -> 0 | O16: =IF((H16+K16+M16)=0, "", (H16+K16+M16)) -> 11957 | P16: =SUM(I16,L16,N16) -> 11957
A17: 5975B467014 | B17: 5975B467014 | C17: 제 14호 | D17: 경질비닐전선관 | E17: HI 28 mm | F17: M | H17: =일위대가!I130 -> 994 | I17: =H17 -> 994 | K17: =일위대가!L130 -> 18340 | L17: =K17 -> 18340 | M17: =일위대가!N130 -> 0 | N17: =M17 -> 0 | O17: =IF((H17+K17+M17)=0, "", (H17+K17+M17)) -> 19334 | P17: =SUM(I17,L17,N17) -> 19334
A18: 5975B467015 | B18: 5975B467015 | C18: 제 15호 | D18: 경질비닐전선관 | E18: HI 36 mm | F18: M | H18: =일위대가!I138 -> 1249 | I18: =H18 -> 1249 | K18: =일위대가!L138 -> 22925 | L18: =K18 -> 22925 | M18: =일위대가!N138 -> 0 | N18: =M18 -> 0 | O18: =IF((H18+K18+M18)=0, "", (H18+K18+M18)) -> 24174 | P18: =SUM(I18,L18,N18) -> 24174
A19: 5975B467016 | B19: 5975B467016 | C19: 제 16호 | D19: 경질비닐전선관 | E19: HI 42 mm | F19: M | H19: =일위대가!I146 -> 1564 | I19: =H19 -> 1564 | K19: =일위대가!L146 -> 29802 | L19: =K19 -> 29802 | M19: =일위대가!N146 -> 0 | N19: =M19 -> 0 | O19: =IF((H19+K19+M19)=0, "", (H19+K19+M19)) -> 31366 | P19: =SUM(I19,L19,N19) -> 31366
A20: 5975B467018 | B20: 5975B467018 | C20: 제 17호 | D20: 경질비닐전선관 | E20: HI 70 mm | F20: M | H20: =일위대가!I154 -> 3224 | I20: =H20 -> 3224 | K20: =일위대가!L154 -> 64190 | L20: =K20 -> 64190 | M20: =일위대가!N154 -> 0 | N20: =M20 -> 0 | O20: =IF((H20+K20+M20)=0, "", (H20+K20+M20)) -> 67414 | P20: =SUM(I20,L20,N20) -> 67414
A21: 5975B467020 | B21: 5975B467020 | C21: 제 18호 | D21: 경질비닐전선관 | E21: HI 104 mm | F21: M | H21: =일위대가!I162 -> 5938 | I21: =H21 -> 5938 | K21: =일위대가!L162 -> 105456 | L21: =K21 -> 105456 | M21: =일위대가!N162 -> 0 | N21: =M21 -> 0 | O21: =IF((H21+K21+M21)=0, "", (H21+K21+M21)) -> 111394 | P21: =SUM(I21,L21,N21) -> 111394
A22: 5975D097003 | B22: 5975D097003 | C22: 제 19호 | D22: 합성수지제 가요전선관 | E22: CD 난연성, 22㎜ | F22: M.. | H22: =일위대가!I170 -> 528 | I22: =H22 -> 528 | K22: =일위대가!L170 -> 11004 | L22: =K22 -> 11004 | M22: =일위대가!N170 -> 0 | N22: =M22 -> 0 | O22: =IF((H22+K22+M22)=0, "", (H22+K22+M22)) -> 11532 | P22: =SUM(I22,L22,N22) -> 11532
A23: 5975D097004 | B23: 5975D097004 | C23: 제 20호 | D23: 합성수지제 가요전선관 | E23: CD 난연성, 28㎜ | F23: M.. | H23: =일위대가!I178 -> 676 | I23: =H23 -> 676 | K23: =일위대가!L178 -> 14672 | L23: =K23 -> 14672 | M23: =일위대가!N178 -> 0 | N23: =M23 -> 0 | O23: =IF((H23+K23+M23)=0, "", (H23+K23+M23)) -> 15348 | P23: =SUM(I23,L23,N23) -> 15348
A24: 5975D077001 | B24: 5975D077001 | C24: 제 21호 | D24: 파상형 폴리에틸렌 전선관 | E24: 30㎜ | F24: M | H24: =일위대가!I187 -> 393 | I24: =H24 -> 393 | K24: =일위대가!L187 -> 3857 | L24: =K24 -> 3857 | M24: =일위대가!N187 -> 0 | N24: =M24 -> 0 | O24: =IF((H24+K24+M24)=0, "", (H24+K24+M24)) -> 4250 | P24: =SUM(I24,L24,N24) -> 4250
A25: 5975D077007 | B25: 5975D077007 | C25: 제 22호 | D25: 파상형 폴리에틸렌 전선관 | E25: 125㎜ | F25: M | H25: =일위대가!I196 -> 2616 | I25: =H25 -> 2616 | K25: =일위대가!L196 -> 11690 | L25: =K25 -> 11690 | M25: =일위대가!N196 -> 0 | N25: =M25 -> 0 | O25: =IF((H25+K25+M25)=0, "", (H25+K25+M25)) -> 14306 | P25: =SUM(I25,L25,N25) -> 14306
A26: 5975D017003 | B26: 5975D017003 | C26: 제 23호 | D26: 1종금속제가요전선관 | E26: 16 mm 비방수 | F26: M | H26: =일위대가!I204 -> 574.4 | I26: =H26 -> 574.4 | K26: =일위대가!L204 -> 10087 | L26: =K26 -> 10087 | M26: =일위대가!N204 -> 0 | N26: =M26 -> 0 | O26: =IF((H26+K26+M26)=0, "", (H26+K26+M26)) -> 10661.4 | P26: =SUM(I26,L26,N26) -> 10661.4
A27: 5975D017024 | B27: 5975D017024 | C27: 제 24호 | D27: 1종금속제가요전선관 | E27: 비닐피복, 22 mm 방수 | F27: M | H27: =일위대가!I212 -> 1106 | I27: =H27 -> 1106 | K27: =일위대가!L212 -> 13525 | L27: =K27 -> 13525 | M27: =일위대가!N212 -> 0 | N27: =M27 -> 0 | O27: =IF((H27+K27+M27)=0, "", (H27+K27+M27)) -> 14631 | P27: =SUM(I27,L27,N27) -> 14631
A28: 5975D017026 | B28: 5975D017026 | C28: 제 25호 | D28: 1종금속제가요전선관 | E28: 비닐피복, 36 mm 방수 | F28: M | H28: =일위대가!I220 -> 1828 | I28: =H28 -> 1828 | K28: =일위대가!L220 -> 19945 | L28: =K28 -> 19945 | M28: =일위대가!N220 -> 0 | N28: =M28 -> 0 | O28: =IF((H28+K28+M28)=0, "", (H28+K28+M28)) -> 21773 | P28: =SUM(I28,L28,N28) -> 21773
A29: 5975D017064 | B29: 5975D017064 | C29: 제 26호 | D29: 1종금속제가요전선관 | E29: 박스커넥터-비닐,22mm 방수 | F29: 개 | H29: =일위대가!I224 -> 708 | I29: =H29 -> 708 | K29: =일위대가!L224 -> 0 | L29: =K29 -> 0 | M29: =일위대가!N224 -> 0 | N29: =M29 -> 0 | O29: =IF((H29+K29+M29)=0, "", (H29+K29+M29)) -> 708 | P29: =SUM(I29,L29,N29) -> 708
A30: 5975D017066 | B30: 5975D017066 | C30: 제 27호 | D30: 1종금속제가요전선관 | E30: 박스커넥터-비닐,36mm 방수 | F30: 개 | H30: =일위대가!I228 -> 1239 | I30: =H30 -> 1239 | K30: =일위대가!L228 -> 0 | L30: =K30 -> 0 | M30: =일위대가!N228 -> 0 | N30: =M30 -> 0 | O30: =IF((H30+K30+M30)=0, "", (H30+K30+M30)) -> 1239 | P30: =SUM(I30,L30,N30) -> 1239
A31: 5975E877200 | B31: 5975E877200 | C31: 제 28호 | D31: 관로구방수장치 | E31: D30 | F31: 조 | H31: =일위대가!I235 -> 10412 | I31: =H31 -> 10412 | K31: =일위대가!L235 -> 49114 | L31: =K31 -> 49114 | M31: =일위대가!N235 -> 0 | N31: =M31 -> 0 | O31: =IF((H31+K31+M31)=0, "", (H31+K31+M31)) -> 59526 | P31: =SUM(I31,L31,N31) -> 59526
A32: 5975E877202 | B32: 5975E877202 | C32: 제 29호 | D32: 관로구방수장치 | E32: D65 | F32: 조 | H32: =일위대가!I242 -> 15857 | I32: =H32 -> 15857 | K32: =일위대가!L242 -> 49114 | L32: =K32 -> 49114 | M32: =일위대가!N242 -> 0 | N32: =M32 -> 0 | O32: =IF((H32+K32+M32)=0, "", (H32+K32+M32)) -> 64971 | P32: =SUM(I32,L32,N32) -> 64971
A33: 5975E877204 | B33: 5975E877204 | C33: 제 30호 | D33: 관로구방수장치 | E33: D100 | F33: 조 | H33: =일위대가!I249 -> 18248 | I33: =H33 -> 18248 | K33: =일위대가!L249 -> 49114 | L33: =K33 -> 49114 | M33: =일위대가!N249 -> 0 | N33: =M33 -> 0 | O33: =IF((H33+K33+M33)=0, "", (H33+K33+M33)) -> 67362 | P33: =SUM(I33,L33,N33) -> 67362
A34: 5975E877205 | B34: 5975E877205 | C34: 제 31호 | D34: 관로구방수장치 | E34: D125 | F34: 조 | H34: =일위대가!I256 -> 28371 | I34: =H34 -> 28371 | K34: =일위대가!L256 -> 63888 | L34: =K34 -> 63888 | M34: =일위대가!N256 -> 0 | N34: =M34 -> 0 | O34: =IF((H34+K34+M34)=0, "", (H34+K34+M34)) -> 92259 | P34: =SUM(I34,L34,N34) -> 92259
A35: 5975J017062 | B35: 5975J017062 | C35: 제 32호 | D35: 강재전선관용 부품 | E35: 노말밴드, 아연도 36 mm | F35: 개 | H35: =일위대가!I260 -> 3629 | I35: =H35 -> 3629 | K35: =일위대가!L260 -> 0 | L35: =K35 -> 0 | M35: =일위대가!N260 -> 0 | N35: =M35 -> 0 | O35: =IF((H35+K35+M35)=0, "", (H35+K35+M35)) -> 3629 | P35: =SUM(I35,L35,N35) -> 3629
A36: 5975J027001 | B36: 5975J027001 | C36: 제 33호 | D36: 경질비닐전선관용 부품 | E36: 노말밴드, 28 mm | F36: 개 | H36: =일위대가!I264 -> 687 | I36: =H36 -> 687 | K36: =일위대가!L264 -> 0 | L36: =K36 -> 0 | M36: =일위대가!N264 -> 0 | N36: =M36 -> 0 | O36: =IF((H36+K36+M36)=0, "", (H36+K36+M36)) -> 687 | P36: =SUM(I36,L36,N36) -> 687
A37: 5975J027002 | B37: 5975J027002 | C37: 제 34호 | D37: 경질비닐전선관용 부품 | E37: 노말밴드, 36 mm | F37: 개 | H37: =일위대가!I268 -> 808 | I37: =H37 -> 808 | K37: =일위대가!L268 -> 0 | L37: =K37 -> 0 | M37: =일위대가!N268 -> 0 | N37: =M37 -> 0 | O37: =IF((H37+K37+M37)=0, "", (H37+K37+M37)) -> 808 | P37: =SUM(I37,L37,N37) -> 808
A38: 5975J027005 | B38: 5975J027005 | C38: 제 35호 | D38: 경질비닐전선관용 부품 | E38: 노말밴드, 70 mm | F38: 개 | H38: =일위대가!I272 -> 3124 | I38: =H38 -> 3124 | K38: =일위대가!L272 -> 0 | L38: =K38 -> 0 | M38: =일위대가!N272 -> 0 | N38: =M38 -> 0 | O38: =IF((H38+K38+M38)=0, "", (H38+K38+M38)) -> 3124 | P38: =SUM(I38,L38,N38) -> 3124
A39: 5975J027007 | B39: 5975J027007 | C39: 제 36호 | D39: 경질비닐전선관용 부품 | E39: 노말밴드, 104 mm | F39: 개 | H39: =일위대가!I276 -> 6640 | I39: =H39 -> 6640 | K39: =일위대가!L276 -> 0 | L39: =K39 -> 0 | M39: =일위대가!N276 -> 0 | N39: =M39 -> 0 | O39: =IF((H39+K39+M39)=0, "", (H39+K39+M39)) -> 6640 | P39: =SUM(I39,L39,N39) -> 6640
A40: 5975D767011 | B40: 5975D767011 | C40: 제 37호 | D40: 아우트렛박스 | E40: 8각 54㎜ | F40: 개 | H40: =일위대가!I282 -> 1044 | I40: =H40 -> 1044 | K40: =일위대가!L282 -> 27510 | L40: =K40 -> 27510 | M40: =일위대가!N282 -> 0 | N40: =M40 -> 0 | O40: =IF((H40+K40+M40)=0, "", (H40+K40+M40)) -> 28554 | P40: =SUM(I40,L40,N40) -> 28554
A41: 5975D767041 | B41: 5975D767041 | C41: 제 38호 | D41: 아우트렛박스 | E41: 중형4각 54㎜ | F41: 개 | H41: =일위대가!I288 -> 1268 | I41: =H41 -> 1268 | K41: =일위대가!L288 -> 27510 | L41: =K41 -> 27510 | M41: =일위대가!N288 -> 0 | N41: =M41 -> 0 | O41: =IF((H41+K41+M41)=0, "", (H41+K41+M41)) -> 28778 | P41: =SUM(I41,L41,N41) -> 28778
A42: 5975D777102 | B42: 5975D777102 | C42: 제 39호 | D42: 스위치박스 | E42: 1 개용 54 mm | F42: 개 | H42: =일위대가!I294 -> 1433 | I42: =H42 -> 1433 | K42: =일위대가!L294 -> 45850 | L42: =K42 -> 45850 | M42: =일위대가!N294 -> 0 | N42: =M42 -> 0 | O42: =IF((H42+K42+M42)=0, "", (H42+K42+M42)) -> 47283 | P42: =SUM(I42,L42,N42) -> 47283
A43: 5975D777111 | B43: 5975D777111 | C43: 제 40호 | D43: 스위치박스 | E43: 2 개용 54 mm | F43: 개 | H43: =일위대가!I300 -> 1452 | I43: =H43 -> 1452 | K43: =일위대가!L300 -> 45850 | L43: =K43 -> 45850 | M43: =일위대가!N300 -> 0 | N43: =M43 -> 0 | O43: =IF((H43+K43+M43)=0, "", (H43+K43+M43)) -> 47302 | P43: =SUM(I43,L43,N43) -> 47302
A44: 5975D767221 | B44: 5975D767221 | C44: 제 41호 | D44: 아우트렛박스 커버 | E44: 커버, 8각, 둥근구멍(평) | F44: 개 | H44: =일위대가!I304 -> 249 | I44: =H44 -> 249 | K44: =일위대가!L304 -> 0 | L44: =K44 -> 0 | M44: =일위대가!N304 -> 0 | N44: =M44 -> 0 | O44: =IF((H44+K44+M44)=0, "", (H44+K44+M44)) -> 249 | P44: =SUM(I44,L44,N44) -> 249
A45: 5975D767251 | B45: 5975D767251 | C45: 제 42호 | D45: 아우트렛박스 커버 | E45: 커버, 4각, 둥근구멍(평) | F45: 개 | H45: =일위대가!I308 -> 253 | I45: =H45 -> 253 | K45: =일위대가!L308 -> 0 | L45: =K45 -> 0 | M45: =일위대가!N308 -> 0 | N45: =M45 -> 0 | O45: =IF((H45+K45+M45)=0, "", (H45+K45+M45)) -> 253 | P45: =SUM(I45,L45,N45) -> 253
A46: 5975D767281 | B46: 5975D767281 | C46: 제 43호 | D46: 아우트렛박스 커버 | E46: 커버, 4각,2개용S/W (오목) | F46: 개 | H46: =일위대가!I312 -> 250 | I46: =H46 -> 250 | K46: =일위대가!L312 -> 0 | L46: =K46 -> 0 | M46: =일위대가!N312 -> 0 | N46: =M46 -> 0 | O46: =IF((H46+K46+M46)=0, "", (H46+K46+M46)) -> 250 | P46: =SUM(I46,L46,N46) -> 250
A47: 6145F137894 | B47: 6145F137894 | C47: 제 44호 | D47: 정션 박스 | E47: 100*100*50 | F47: EA | H47: =일위대가!I318 -> 2003 | I47: =H47 -> 2003 | K47: =일위대가!L318 -> 9170 | L47: =K47 -> 9170 | M47: =일위대가!N318 -> 0 | N47: =M47 -> 0 | O47: =IF((H47+K47+M47)=0, "", (H47+K47+M47)) -> 11173 | P47: =SUM(I47,L47,N47) -> 11173
A48: 5975D857031 | B48: 5975D857031 | C48: 제 45호 | D48: 풀박스 | E48: 150×150×100 | F48: 개 | H48: =일위대가!I324 -> 3450 | I48: =H48 -> 3450 | K48: =일위대가!L324 -> 50435 | L48: =K48 -> 50435 | M48: =일위대가!N324 -> 0 | N48: =M48 -> 0 | O48: =IF((H48+K48+M48)=0, "", (H48+K48+M48)) -> 53885 | P48: =SUM(I48,L48,N48) -> 53885
A49: 5975D857101 | B49: 5975D857101 | C49: 제 46호 | D49: 풀박스 | E49: 250×250×150 | F49: 개 | H49: =일위대가!I330 -> 7157 | I49: =H49 -> 7157 | K49: =일위대가!L330 -> 50435 | L49: =K49 -> 50435 | M49: =일위대가!N330 -> 0 | N49: =M49 -> 0 | O49: =IF((H49+K49+M49)=0, "", (H49+K49+M49)) -> 57592 | P49: =SUM(I49,L49,N49) -> 57592
A50: 5975D857131 | B50: 5975D857131 | C50: 제 47호 | D50: 풀박스 | E50: 300×300×200 | F50: 개 | H50: =일위대가!I336 -> 9942 | I50: =H50 -> 9942 | K50: =일위대가!L336 -> 80238 | L50: =K50 -> 80238 | M50: =일위대가!N336 -> 0 | N50: =M50 -> 0 | O50: =IF((H50+K50+M50)=0, "", (H50+K50+M50)) -> 90180 | P50: =SUM(I50,L50,N50) -> 90180
A51: 5975D857181 | B51: 5975D857181 | C51: 제 48호 | D51: 풀박스 | E51: 400×400×300 | F51: 개 | H51: =일위대가!I342 -> 20946 | I51: =H51 -> 20946 | K51: =일위대가!L342 -> 80238 | L51: =K51 -> 80238 | M51: =일위대가!N342 -> 0 | N51: =M51 -> 0 | O51: =IF((H51+K51+M51)=0, "", (H51+K51+M51)) -> 101184 | P51: =SUM(I51,L51,N51) -> 101184
A52: 56959000167 | B52: 56959000167 | C52: 제 49호 | D52: 450/750V 내열비닐절연전선 | E52: HFIX 1.78mm(2.5㎟) | F52: M | H52: =일위대가!I349 -> 455 | I52: =H52 -> 455 | K52: =일위대가!L349 -> 2292 | L52: =K52 -> 2292 | M52: =일위대가!N349 -> 0 | N52: =M52 -> 0 | O52: =IF((H52+K52+M52)=0, "", (H52+K52+M52)) -> 2747 | P52: =SUM(I52,L52,N52) -> 2747
A53: E145A667003 | B53: E145A667003 | C53: 제 50호 | D53: 450/750V 내열비닐절연전선 | E53: HFIX 2.25mm(4㎟) | F53: M | H53: =일위대가!I356 -> 677 | I53: =H53 -> 677 | K53: =일위대가!L356 -> 2292 | L53: =K53 -> 2292 | M53: =일위대가!N356 -> 0 | N53: =M53 -> 0 | O53: =IF((H53+K53+M53)=0, "", (H53+K53+M53)) -> 2969 | P53: =SUM(I53,L53,N53) -> 2969
A54: E145A927203 | B54: E145A927203 | C54: 제 51호 | D54: 접지용난연절연전선(FGV) | E54: 6㎟ | F54: M | H54: =일위대가!I363 -> 751 | I54: =H54 -> 751 | K54: =일위대가!L363 -> 2063 | L54: =K54 -> 2063 | M54: =일위대가!N363 -> 0 | N54: =M54 -> 0 | O54: =IF((H54+K54+M54)=0, "", (H54+K54+M54)) -> 2814 | P54: =SUM(I54,L54,N54) -> 2814
A55: E145A927212 | B55: E145A927212 | C55: 제 52호 | D55: 접지용난연절연전선(FGV) | E55: 95㎟ | F55: M | H55: =일위대가!I370 -> 9101 | I55: =H55 -> 9101 | K55: =일위대가!L370 -> 2751 | L55: =K55 -> 2751 | M55: =일위대가!N370 -> 0 | N55: =M55 -> 0 | O55: =IF((H55+K55+M55)=0, "", (H55+K55+M55)) -> 11852 | P55: =SUM(I55,L55,N55) -> 11852
A56: E145A927213 | B56: E145A927213 | C56: 제 53호 | D56: 접지용난연절연전선(FGV) | E56: 120㎟ | F56: M | H56: =일위대가!I377 -> 10841 | I56: =H56 -> 10841 | K56: =일위대가!L377 -> 3782 | L56: =K56 -> 3782 | M56: =일위대가!N377 -> 0 | N56: =M56 -> 0 | O56: =IF((H56+K56+M56)=0, "", (H56+K56+M56)) -> 14623 | P56: =SUM(I56,L56,N56) -> 14623
A57: E145A287514 | B57: E145A287514 | C57: 제 54호 | D57: 0.6/1kv 폴리에틸렌 난연케이블 | E57: F-CV 1C×150㎟ 4열포설 1열당 | F57: M | H57: =일위대가!I384 -> 16091 | I57: =H57 -> 16091 | K57: =일위대가!L384 -> 19836 | L57: =K57 -> 19836 | M57: =일위대가!N384 -> 0 | N57: =M57 -> 0 | O57: =IF((H57+K57+M57)=0, "", (H57+K57+M57)) -> 35927 | P57: =SUM(I57,L57,N57) -> 35927
A58: E145A287516 | B58: E145A287516 | C58: 제 55호 | D58: 0.6/1kv 폴리에틸렌 난연케이블 | E58: F-CV 1C×240㎟ 4열포설 1열당 | F58: M | H58: =일위대가!I391 -> 25580 | I58: =H58 -> 25580 | K58: =일위대가!L391 -> 27811 | L58: =K58 -> 27811 | M58: =일위대가!N391 -> 0 | N58: =M58 -> 0 | O58: =IF((H58+K58+M58)=0, "", (H58+K58+M58)) -> 53391 | P58: =SUM(I58,L58,N58) -> 53391
A59: E145A287563 | B59: E145A287563 | C59: 제 56호 | D59: 0.6/1kv 폴리에틸렌 난연케이블 | E59: F-CV 4C×6㎟ | F59: M | H59: =일위대가!I398 -> 3582 | I59: =H59 -> 3582 | K59: =일위대가!L398 -> 8179 | L59: =K59 -> 8179 | M59: =일위대가!N398 -> 0 | N59: =M59 -> 0 | O59: =IF((H59+K59+M59)=0, "", (H59+K59+M59)) -> 11761 | P59: =SUM(I59,L59,N59) -> 11761
A60: 5930B517201 | B60: 5930B517201 | C60: 제 57호 | D60: 와이드 스위치 | E60: SUPPER WIDE,15A,250V 1로1구 | F60: 개 | H60: =일위대가!I404 -> 1868 | I60: =H60 -> 1868 | K60: =일위대가!L404 -> 19486 | L60: =K60 -> 19486 | M60: =일위대가!N404 -> 0 | N60: =M60 -> 0 | O60: =IF((H60+K60+M60)=0, "", (H60+K60+M60)) -> 21354 | P60: =SUM(I60,L60,N60) -> 21354
A61: 5930B517202 | B61: 5930B517202 | C61: 제 58호 | D61: 와이드 스위치 | E61: SUPPER WIDE,15A,250V 1로2구 | F61: 개 | H61: =일위대가!I410 -> 2585 | I61: =H61 -> 2585 | K61: =일위대가!L410 -> 19486 | L61: =K61 -> 19486 | M61: =일위대가!N410 -> 0 | N61: =M61 -> 0 | O61: =IF((H61+K61+M61)=0, "", (H61+K61+M61)) -> 22071 | P61: =SUM(I61,L61,N61) -> 22071
A62: 5930B517203 | B62: 5930B517203 | C62: 제 59호 | D62: 와이드 스위치 | E62: SUPPER WIDE,15A,250V 1로3구 | F62: 개 | H62: =일위대가!I416 -> 3223 | I62: =H62 -> 3223 | K62: =일위대가!L416 -> 19486 | L62: =K62 -> 19486 | M62: =일위대가!N416 -> 0 | N62: =M62 -> 0 | O62: =IF((H62+K62+M62)=0, "", (H62+K62+M62)) -> 22709 | P62: =SUM(I62,L62,N62) -> 22709
A63: 5935A317206 | B63: 5935A317206 | C63: 제 60호 | D63: 콘센트 | E63: 매입-접지형, 15A 250V 2구 | F63: 개 | H63: =일위대가!I422 -> 1557 | I63: =H63 -> 1557 | K63: =일위대가!L422 -> 18340 | L63: =K63 -> 18340 | M63: =일위대가!N422 -> 0 | N63: =M63 -> 0 | O63: =IF((H63+K63+M63)=0, "", (H63+K63+M63)) -> 19897 | P63: =SUM(I63,L63,N63) -> 19897
A64: 5935A317208 | B64: 5935A317208 | C64: 제 61호 | D64: 방우콘센트 | E64: 매입-접지형, 15A 250V 2구 | F64: 개 | H64: =일위대가!I428 -> 2527 | I64: =H64 -> 2527 | K64: =일위대가!L428 -> 18340 | L64: =K64 -> 18340 | M64: =일위대가!N428 -> 0 | N64: =M64 -> 0 | O64: =IF((H64+K64+M64)=0, "", (H64+K64+M64)) -> 20867 | P64: =SUM(I64,L64,N64) -> 20867
A65: E940A177027 | B65: E940A177027 | C65: 제 62호 | D65: 러그단자(IEC 90) | E65: 동관단자 2 HOLE 95 ㎟ | F65: 개 | H65: =일위대가!I434 -> 1908 | I65: =H65 -> 1908 | K65: =일위대가!L434 -> 36087 | L65: =K65 -> 36087 | M65: =일위대가!N434 -> 0 | N65: =M65 -> 0 | O65: =IF((H65+K65+M65)=0, "", (H65+K65+M65)) -> 37995 | P65: =SUM(I65,L65,N65) -> 37995
A66: E940A177034 | B66: E940A177034 | C66: 제 63호 | D66: 러그단자(IEC 90) | E66: 동관단자 2 HOLE 120 ㎟ | F66: 개 | H66: =일위대가!I440 -> 2912 | I66: =H66 -> 2912 | K66: =일위대가!L440 -> 41140 | L66: =K66 -> 41140 | M66: =일위대가!N440 -> 0 | N66: =M66 -> 0 | O66: =IF((H66+K66+M66)=0, "", (H66+K66+M66)) -> 44052 | P66: =SUM(I66,L66,N66) -> 44052
A67: E940A177028 | B67: E940A177028 | C67: 제 64호 | D67: 러그단자(IEC 90) | E67: 동관단자 2 HOLE 150 ㎟ | F67: 개 | H67: =일위대가!I446 -> 3766 | I67: =H67 -> 3766 | K67: =일위대가!L446 -> 46192 | L67: =K67 -> 46192 | M67: =일위대가!N446 -> 0 | N67: =M67 -> 0 | O67: =IF((H67+K67+M67)=0, "", (H67+K67+M67)) -> 49958 | P67: =SUM(I67,L67,N67) -> 49958
A68: E940A177030 | B68: E940A177030 | C68: 제 65호 | D68: 러그단자(IEC 90) | E68: 동관단자 2 HOLE 240 ㎟ | F68: 개 | H68: =일위대가!I452 -> 4945 | I68: =H68 -> 4945 | K68: =일위대가!L452 -> 55575 | L68: =K68 -> 55575 | M68: =일위대가!N452 -> 0 | N68: =M68 -> 0 | O68: =IF((H68+K68+M68)=0, "", (H68+K68+M68)) -> 60520 | P68: =SUM(I68,L68,N68) -> 60520
A69: E940A267008 | B69: E940A267008 | C69: 제 66호 | D69: 압착단자(IEC 90) | E69: R형동선 나압착 35 ㎟ | F69: 개 | H69: =일위대가!I458 -> 666 | I69: =H69 -> 666 | K69: =일위대가!L458 -> 25983 | L69: =K69 -> 25983 | M69: =일위대가!N458 -> 0 | N69: =M69 -> 0 | O69: =IF((H69+K69+M69)=0, "", (H69+K69+M69)) -> 26649 | P69: =SUM(I69,L69,N69) -> 26649
A70: 5975F057152 | B70: 5975F057152 | C70: 제 67호 | D70: 지중선용 가선철물 | E70: 케이블표지시트, 0.15x150 | F70: m | H70: =일위대가!I465 -> 244 | I70: =H70 -> 244 | K70: =일위대가!L465 -> 251 | L70: =K70 -> 251 | M70: =일위대가!N465 -> 0 | N70: =M70 -> 0 | O70: =IF((H70+K70+M70)=0, "", (H70+K70+M70)) -> 495 | P70: =SUM(I70,L70,N70) -> 495
A71: 56959000168 | B71: 56959000168 | C71: 제 68호 | D71: 다기능 접속함 | E71: 방수형 | F71: EA | H71: =일위대가!I471 -> 40715 | I71: =H71 -> 40715 | K71: =일위대가!L471 -> 43558 | L71: =K71 -> 43558 | M71: =일위대가!N471 -> 0 | N71: =M71 -> 0 | O71: =IF((H71+K71+M71)=0, "", (H71+K71+M71)) -> 84273 | P71: =SUM(I71,L71,N71) -> 84273
A72: 56959000169 | B72: 56959000169 | C72: 제 69호 | D72: 천정구멍따기 | E72: 다운라이트용 | F72: 개소 | H72: =일위대가!I477 -> 458 | I72: =H72 -> 458 | K72: =일위대가!L477 -> 22925 | L72: =K72 -> 22925 | M72: =일위대가!N477 -> 0 | N72: =M72 -> 0 | O72: =IF((H72+K72+M72)=0, "", (H72+K72+M72)) -> 23383 | P72: =SUM(I72,L72,N72) -> 23383
A73: 56959000170 | B73: 56959000170 | C73: 제 70호 | D73: 0.6/1kv 폴리에틸렌 난연케이블 | E73: F-CV 2C×6㎟(옥외) | F73: M | H73: =일위대가!I485 -> 2015 | I73: =H73 -> 2015 | K73: =일위대가!L485 -> 3263 | L73: =K73 -> 3263 | M73: =일위대가!N485 -> 0 | N73: =M73 -> 0 | O73: =IF((H73+K73+M73)=0, "", (H73+K73+M73)) -> 5278 | P73: =SUM(I73,L73,N73) -> 5278
A74: 56959000171 | B74: 56959000171 | C74: 제 71호 | D74: 0.6/1kv 폴리에틸렌 난연케이블 | E74: F-CV 2C×6㎟(옥외),2열포설1열 | F74: M | H74: =일위대가!I493 -> 2008 | I74: =H74 -> 2008 | K74: =일위대가!L493 -> 2939 | L74: =K74 -> 2939 | M74: =일위대가!N493 -> 0 | N74: =M74 -> 0 | O74: =IF((H74+K74+M74)=0, "", (H74+K74+M74)) -> 4947 | P74: =SUM(I74,L74,N74) -> 4947
A75: 56959000172 | B75: 56959000172 | C75: 제 72호 | D75: 0.6/1kv 폴리에틸렌 난연케이블 | E75: F-CV 2C×2.5㎟(옥외) | F75: M | H75: =일위대가!I501 -> 1150 | I75: =H75 -> 1150 | K75: =일위대가!L501 -> 3263 | L75: =K75 -> 3263 | M75: =일위대가!N501 -> 0 | N75: =M75 -> 0 | O75: =IF((H75+K75+M75)=0, "", (H75+K75+M75)) -> 4413 | P75: =SUM(I75,L75,N75) -> 4413
A76: 56959000173 | B76: 56959000173 | C76: 제 73호 | D76: 접지용난연절연전선(FGV) | E76: 6㎟(옥외) | F76: M | H76: =일위대가!I508 -> 738 | I76: =H76 -> 738 | K76: =일위대가!L508 -> 1375 | L76: =K76 -> 1375 | M76: =일위대가!N508 -> 0 | N76: =M76 -> 0 | O76: =IF((H76+K76+M76)=0, "", (H76+K76+M76)) -> 2113 | P76: =SUM(I76,L76,N76) -> 2113
A77: 56959000174 | B77: 56959000174 | C77: 제 74호 | D77: 0.6/1kv 폴리에틸렌 난연케이블 | E77: F-CV1C×240㎟옥외4열포설1열당 | F77: M | H77: =일위대가!I516 -> 25140 | I77: =H77 -> 25140 | K77: =일위대가!L516 -> 5849 | L77: =K77 -> 5849 | M77: =일위대가!N516 -> 0 | N77: =M77 -> 0 | O77: =IF((H77+K77+M77)=0, "", (H77+K77+M77)) -> 30989 | P77: =SUM(I77,L77,N77) -> 30989
A78: 56959000175 | B78: 56959000175 | C78: 제 75호 | D78: 접지용난연절연전선(FGV) | E78: 16㎟(옥외) | F78: M | H78: =일위대가!I523 -> 1749 | I78: =H78 -> 1749 | K78: =일위대가!L523 -> 1604 | L78: =K78 -> 1604 | M78: =일위대가!N523 -> 0 | N78: =M78 -> 0 | O78: =IF((H78+K78+M78)=0, "", (H78+K78+M78)) -> 3353 | P78: =SUM(I78,L78,N78) -> 3353
A79: 56959000176 | B79: 56959000176 | C79: 제 76호 | D79: 파상형 폴리에틸렌 전선관 | E79: 30㎜(가로등,신호,구내) | F79: M | H79: =일위대가!I532 -> 431 | I79: =H79 -> 431 | K79: =일위대가!L532 -> 5786 | L79: =K79 -> 5786 | M79: =일위대가!N532 -> 0 | N79: =M79 -> 0 | O79: =IF((H79+K79+M79)=0, "", (H79+K79+M79)) -> 6217 | P79: =SUM(I79,L79,N79) -> 6217
A80: 56959000177 | B80: 56959000177 | C80: 제 77호 | D80: 파상형 폴리에틸렌 전선관 | E80: 40㎜(가로등,신호,구내) | F80: M | H80: =일위대가!I541 -> 565 | I80: =H80 -> 565 | K80: =일위대가!L541 -> 7080 | L80: =K80 -> 7080 | M80: =일위대가!N541 -> 0 | N80: =M80 -> 0 | O80: =IF((H80+K80+M80)=0, "", (H80+K80+M80)) -> 7645 | P80: =SUM(I80,L80,N80) -> 7645
A81: 56959000178 | B81: 56959000178 | C81: 제 78호 | D81: 조명기구(TYPE-A) | E81: 매입 LED 40W | F81: SET | H81: =일위대가!I547 -> 1085 | I81: =H81 -> 1085 | K81: =일위대가!L547 -> 54264 | L81: =K81 -> 54264 | M81: =일위대가!N547 -> 0 | N81: =M81 -> 0 | O81: =IF((H81+K81+M81)=0, "", (H81+K81+M81)) -> 55349 | P81: =SUM(I81,L81,N81) -> 55349
A82: 56959000179 | B82: 56959000179 | C82: 제 79호 | D82: 조명기구(TYPE-B) | E82: 직부 LED 40W | F82: SET | H82: =일위대가!I553 -> 911 | I82: =H82 -> 911 | K82: =일위대가!L553 -> 45598 | L82: =K82 -> 45598 | M82: =일위대가!N553 -> 0 | N82: =M82 -> 0 | O82: =IF((H82+K82+M82)=0, "", (H82+K82+M82)) -> 46509 | P82: =SUM(I82,L82,N82) -> 46509
A83: 56959000180 | B83: 56959000180 | C83: 제 80호 | D83: 조명기구(TYPE-C) | E83: 투광등 LED 150W | F83: SET | H83: =일위대가!I559 -> 1233 | I83: =H83 -> 1233 | K83: =일위대가!L559 -> 61669 | L83: =K83 -> 61669 | M83: =일위대가!N559 -> 0 | N83: =M83 -> 0 | O83: =IF((H83+K83+M83)=0, "", (H83+K83+M83)) -> 62902 | P83: =SUM(I83,L83,N83) -> 62902
A84: 56959000181 | B84: 56959000181 | C84: 제 81호 | D84: 조명기구(TYPE-D) | E84: 벽부상하등 LED 10W*2 | F84: SET | H84: =일위대가!I565 -> 687 | I84: =H84 -> 687 | K84: =일위대가!L565 -> 34387 | L84: =K84 -> 34387 | M84: =일위대가!N565 -> 0 | N84: =M84 -> 0 | O84: =IF((H84+K84+M84)=0, "", (H84+K84+M84)) -> 35074 | P84: =SUM(I84,L84,N84) -> 35074
A85: 56959000182 | B85: 56959000182 | C85: 제 82호 | D85: 조명기구(TYPE-E) | E85: D/L LED 15W | F85: SET | H85: =일위대가!I571 -> 639 | I85: =H85 -> 639 | K85: =일위대가!L571 -> 31980 | L85: =K85 -> 31980 | M85: =일위대가!N571 -> 0 | N85: =M85 -> 0 | O85: =IF((H85+K85+M85)=0, "", (H85+K85+M85)) -> 32619 | P85: =SUM(I85,L85,N85) -> 32619
A86: 56959000183 | B86: 56959000183 | C86: 제 83호 | D86: 조명기구(TYPE-F) | E86: 원형직부 LED 15W | F86: SET | H86: =일위대가!I577 -> 482 | I86: =H86 -> 482 | K86: =일위대가!L577 -> 24140 | L86: =K86 -> 24140 | M86: =일위대가!N577 -> 0 | N86: =M86 -> 0 | O86: =IF((H86+K86+M86)=0, "", (H86+K86+M86)) -> 24622 | P86: =SUM(I86,L86,N86) -> 24622
A87: 56959000184 | B87: 56959000184 | C87: 제 84호 | D87: 조명기구(TYPE-OA) | E87: 보안등(열주등)LED 45W,H:4M | F87: SET | H87: =일위대가!I583 -> 839 | I87: =H87 -> 839 | K87: =일위대가!L583 -> 41953 | L87: =K87 -> 41953 | M87: =일위대가!N583 -> 0 | N87: =M87 -> 0 | O87: =IF((H87+K87+M87)=0, "", (H87+K87+M87)) -> 42792 | P87: =SUM(I87,L87,N87) -> 42792
A88: 56959000185 | B88: 56959000185 | C88: 제 85호 | D88: 조명기구(TYEP-OB) | E88: 볼라드 LED 12W | F88: SET | H88: =일위대가!I589 -> 724 | I88: =H88 -> 724 | K88: =일위대가!L589 -> 36210 | L88: =K88 -> 36210 | M88: =일위대가!N589 -> 0 | N88: =M88 -> 0 | O88: =IF((H88+K88+M88)=0, "", (H88+K88+M88)) -> 36934 | P88: =SUM(I88,L88,N88) -> 36934
A89: 56959000186 | B89: 56959000186 | C89: 제 86호 | D89: 분전반 | E89: WHM | F89: 면 | H89: =일위대가!I595 -> 3026 | I89: =H89 -> 3026 | K89: =일위대가!L595 -> 151306 | L89: =K89 -> 151306 | M89: =일위대가!N595 -> 0 | N89: =M89 -> 0 | O89: =IF((H89+K89+M89)=0, "", (H89+K89+M89)) -> 154332 | P89: =SUM(I89,L89,N89) -> 154332
A90: 56959000187 | B90: 56959000187 | C90: 제 87호 | D90: 분전반 | E90: LP-M | F90: 면 | H90: =일위대가!I601 -> 3026 | I90: =H90 -> 3026 | K90: =일위대가!L601 -> 151306 | L90: =K90 -> 151306 | M90: =일위대가!N601 -> 0 | N90: =M90 -> 0 | O90: =IF((H90+K90+M90)=0, "", (H90+K90+M90)) -> 154332 | P90: =SUM(I90,L90,N90) -> 154332
A91: 56959000188 | B91: 56959000188 | C91: 제 88호 | D91: 분전반 | E91: P-EHP | F91: 면 | H91: =일위대가!I607 -> 3026 | I91: =H91 -> 3026 | K91: =일위대가!L607 -> 151306 | L91: =K91 -> 151306 | M91: =일위대가!N607 -> 0 | N91: =M91 -> 0 | O91: =IF((H91+K91+M91)=0, "", (H91+K91+M91)) -> 154332 | P91: =SUM(I91,L91,N91) -> 154332
A92: 56959000189 | B92: 56959000189 | C92: 제 89호 | D92: 태양광발전설비 | E92: 88.32KW | F92: 식 | H92: =일위대가!I611 -> 0 | I92: =H92 -> 0 | K92: =일위대가!L611 -> 0 | L92: =K92 -> 0 | M92: =일위대가!N611 -> 0 | N92: =M92 -> 0 | O92: =IF((H92+K92+M92)=0, "", (H92+K92+M92)) | P92: =SUM(I92,L92,N92) -> 0
A93: 56959000190 | B93: 56959000190 | C93: 제 90호 | D93: 0.6/1kv 폴리에틸렌 난연케이블 | E93: F-CV 4C×6㎟(옥외) | F93: M | H93: =일위대가!I619 -> 3508 | I93: =H93 -> 3508 | K93: =일위대가!L619 -> 4468 | L93: =K93 -> 4468 | M93: =일위대가!N619 -> 0 | N93: =M93 -> 0 | O93: =IF((H93+K93+M93)=0, "", (H93+K93+M93)) -> 7976 | P93: =SUM(I93,L93,N93) -> 7976
A94: 56959000191 | B94: 56959000191 | C94: 제 91호 | D94: 파상형 폴리에틸렌 전선관 | E94: 65㎜(가로등,신호,구내) | F94: M | H94: =일위대가!I628 -> 1080 | I94: =H94 -> 1080 | K94: =일위대가!L628 -> 8877 | L94: =K94 -> 8877 | M94: =일위대가!N628 -> 0 | N94: =M94 -> 0 | O94: =IF((H94+K94+M94)=0, "", (H94+K94+M94)) -> 9957 | P94: =SUM(I94,L94,N94) -> 9957
A95: 56959000192 | B95: 56959000192 | C95: 제 92호 | D95: 0.6/1kv 폴리에틸렌 난연케이블 | E95: F-CV 2C×6㎟(옥외),5열포설1열 | F95: M | H95: =일위대가!I636 -> 2004 | I95: =H95 -> 2004 | K95: =일위대가!L636 -> 2742 | L95: =K95 -> 2742 | M95: =일위대가!N636 -> 0 | N95: =M95 -> 0 | O95: =IF((H95+K95+M95)=0, "", (H95+K95+M95)) -> 4746 | P95: =SUM(I95,L95,N95) -> 4746
A96: 56959000193 | B96: 56959000193 | C96: 제 93호 | D96: 0.6/1kv 폴리에틸렌 난연케이블 | E96: F-CV 2C×6㎟(옥외),6열포설1열 | F96: M | H96: =일위대가!I644 -> 2003 | I96: =H96 -> 2003 | K96: =일위대가!L644 -> 2708 | L96: =K96 -> 2708 | M96: =일위대가!N644 -> 0 | N96: =M96 -> 0 | O96: =IF((H96+K96+M96)=0, "", (H96+K96+M96)) -> 4711 | P96: =SUM(I96,L96,N96) -> 4711
A97: 56959000194 | B97: 56959000194 | C97: 제 94호 | D97: 0.6/1kv 폴리에틸렌 난연케이블 | E97: F-CV 2C×4㎟(옥외) | F97: M | H97: =일위대가!I652 -> 1515 | I97: =H97 -> 1515 | K97: =일위대가!L652 -> 1719 | L97: =K97 -> 1719 | M97: =일위대가!N652 -> 0 | N97: =M97 -> 0 | O97: =IF((H97+K97+M97)=0, "", (H97+K97+M97)) -> 3234 | P97: =SUM(I97,L97,N97) -> 3234
A98: 56959000195 | B98: 56959000195 | C98: 제 95호 | D98: 0.6/1kv 폴리에틸렌 난연케이블 | E98: F-CV 4C×35㎟(옥외) | F98: M | H98: =일위대가!I660 -> 16086 | I98: =H98 -> 16086 | K98: =일위대가!L660 -> 6362 | L98: =K98 -> 6362 | M98: =일위대가!N660 -> 0 | N98: =M98 -> 0 | O98: =IF((H98+K98+M98)=0, "", (H98+K98+M98)) -> 22448 | P98: =SUM(I98,L98,N98) -> 22448
A99: 56959000196 | B99: 56959000196 | C99: 제 96호 | D99: 파상형 폴리에틸렌 전선관 | E99: 30㎜ 4열포설 1열당 | F99: M | H99: =일위대가!I669 -> 381 | I99: =H99 -> 381 | K99: =일위대가!L669 -> 3279 | L99: =K99 -> 3279 | M99: =일위대가!N669 -> 0 | N99: =M99 -> 0 | O99: =IF((H99+K99+M99)=0, "", (H99+K99+M99)) -> 3660 | P99: =SUM(I99,L99,N99) -> 3660
A100: 56959000197 | B100: 56959000197 | C100: 제 97호 | D100: 파상형 폴리에틸렌 전선관 | E100: 65㎜ 4열포설 1열당 | F100: M | H100: =일위대가!I678 -> 1003 | I100: =H100 -> 1003 | K100: =일위대가!L678 -> 5030 | L100: =K100 -> 5030 | M100: =일위대가!N678 -> 0 | N100: =M100 -> 0 | O100: =IF((H100+K100+M100)=0, "", (H100+K100+M100)) -> 6033 | P100: =SUM(I100,L100,N100) -> 6033
...

Sheet 신규_일위대가목록
A1: 일 위 대 가 목 록
A2: [ 평창 에코랜드 카페 신축공사(전기) ]
A3: 코 드 | B3: 품 명 | C3: 규 격 | D3: 단위 | E3: 재 료 비 | F3: 노 무 비 | G3: 경 비 | H3: 합 계 | I3: 번 호 | J3: 비 고 | K3: 노임계수 | L3: 할증 | M3: 품셈개요 | N3: 장비일위
A4: 56D721037238540E9D307EF2D93E5A | B4: 전주입상관 설치 | C4: HI 104C | D4: M | E4: =신규_일위대가!F10 -> 7912 | F4: =신규_일위대가!H10 -> 129719 | G4: =신규_일위대가!J10 -> 0 | H4: =E4+F4+G4 -> 137631 | I4: 호표 1 | M4: 전기 5-1
A5: 56D72103723884C205FF9F5B17316B | B5: ST 케이블 트레이-STRAIGHT | C5: W400x100Hx2.3t | D5: m | E5: =신규_일위대가!F17 -> 35300 | F5: =신규_일위대가!H17 -> 56399 | G5: =신규_일위대가!J17 -> 0 | H5: =E5+F5+G5 -> 91699 | I5: 호표 2 | M5: 전기 5-8
A6: 56D721037238E46A4237DB110EC84A | B6: 난연 비닐 절연 접지용전선(F-GV) | C6: 0.6/1kV 4㎟ | D6: m | E6: =신규_일위대가!F24 -> 964 | F6: =신규_일위대가!H24 -> 2114 | G6: =신규_일위대가!J24 -> 0 | H6: =E6+F6+G6 -> 3078 | I6: 호표 3 | M6: 전기 3-38
A7: 56D721037238E46A4237DB110EC952 | B7: 난연 비닐 절연 접지용전선(F-GV) | C7: 0.6/1kV 6㎟ | D7: m | E7: 849 | F7: 2330 | G7: =신규_일위대가!J31 -> 0 | H7: =E7+F7+G7 -> 3179 | I7: 호표 4 | M7: 전기 3-38
A8: 56D721037238E46A4237DB110ECFFA | B8: 난연 비닐 절연 접지용전선(F-GV) | C8: 0.6/1kV 16㎟ | D8: m | E8: =신규_일위대가!F38 -> 1963 | F8: =신규_일위대가!H38 -> 2467 | G8: =신규_일위대가!J38 -> 0 | H8: =E8+F8+G8 -> 4430 | I8: 호표 5 | M8: 전기 3-38
A9: 56D721037238E46A4237DB110ECFFE | B9: 난연 비닐 절연 접지용전선(F-GV) | C9: 0.6/1kV 25㎟ | D9: m | E9: =신규_일위대가!F45 -> 3829 | F9: =신규_일위대가!H45 -> 2467 | G9: =신규_일위대가!J45 -> 0 | H9: =E9+F9+G9 -> 6296 | I9: 호표 6 | M9: 전기 3-38
A10: 56D721037238E46A4237DB110FD271 | B10: 난연 비닐 절연 접지용전선(F-GV) | C10: 0.6/1kV 185㎟ | D10: m | E10: =신규_일위대가!F52 -> 25923 | F10: =신규_일위대가!H52 -> 4934 | G10: =신규_일위대가!J52 -> 0 | H10: =E10+F10+G10 -> 30857 | I10: 호표 7 | M10: 전기 3-38
A11: 56D721037238F471B0B3142049583E | B11: 0.6/1kV 난연 전력 케이블(F-CV)-4열동시 | C11: 1C 50㎟ | D11: m | E11: =신규_일위대가!F60 -> 7564 | F11: =신규_일위대가!H60 -> 2445 | G11: =신규_일위대가!J60 -> 0 | H11: =E11+F11+G11 -> 10009 | I11: 호표 8 | M11: 전기 4-34
A12: 56D721037238F471B0B31420484E79 | B12: 0.6/1kV 난연 전력 케이블(F-CV)-4열동시 | C12: 1C 185㎟ | D12: m | E12: =신규_일위대가!F68 -> 28240 | F12: =신규_일위대가!H68 -> 5128 | G12: =신규_일위대가!J68 -> 0 | H12: =E12+F12+G12 -> 33368 | I12: 호표 9 | M12: 전기 5-11
A13: 56D721037238F471B0B317F58E47CF | B13: 0.6/1kV 난연 전력 케이블(F-CV) | C13: 1C 185㎟ | D13: m | E13: =신규_일위대가!F75 -> 1677 | F13: =신규_일위대가!H75 -> 4086 | G13: =신규_일위대가!J75 -> 0 | H13: =E13+F13+G13 -> 5763 | I13: 호표 10 | M13: 전기 5-13
A14: 56D721037238F471B0B3116C8247CE | B14: 0.6/1kV 난연 전력 케이블(F-CV) | C14: 4C 6㎟ | D14: m | E14: 4046 | F14: 9238 | G14: =신규_일위대가!J82 -> 0 | H14: =E14+F14+G14 -> 13284 | I14: 호표 11 | M14: 전기 5-13
A15: 56D721037238F471B0B3116C824479 | B15: 0.6/1kV 난연 전력 케이블(F-CV) | C15: 4C 16㎟ | D15: m | E15: =신규_일위대가!F89 -> 10984 | F15: =신규_일위대가!H89 -> 15272 | G15: =신규_일위대가!J89 -> 0 | H15: =E15+F15+G15 -> 26256 | I15: 호표 12 | M15: 전기 5-11
A16: 56D72103723894E928313064EEF829 | B16: 경고테이프 포설 | C16: 저압용 | D16: M | E16: =신규_일위대가!F96 -> 270 | F16: =신규_일위대가!H96 -> 266 | G16: =신규_일위대가!J96 -> 0 | H16: =E16+F16+G16 -> 536 | I16: 호표 13 | M16: 전기 4-45
A17: 56D721037238540E9C28625D5C9B1A | B17: 러그단자 | C17: 동관단자 1H 16㎟ | D17: 개 | E17: =신규_일위대가!F102 -> 824 | F17: =신규_일위대가!H102 -> 20687 | G17: =신규_일위대가!J102 -> 0 | H17: =E17+F17+G17 -> 21511 | I17: 호표 14 | M17: 전기 4-37
A18: 56D721037238540E9C28625D5C9B1B | B18: 러그단자 | C18: 동관단자 1H 25㎟ | D18: 개 | E18: =신규_일위대가!F108 -> 760 | F18: =신규_일위대가!H108 -> 15323 | G18: =신규_일위대가!J108 -> 0 | H18: =E18+F18+G18 -> 16083 | I18: 호표 15 | M18: 전기 4-37
A19: 56D721037238540E9C28625D5C9B1D | B19: 러그단자 | C19: 동관단자 1H 50㎟ | D19: 개 | E19: =신규_일위대가!F114 -> 1530 | F19: =신규_일위대가!H114 -> 30647 | G19: =신규_일위대가!J114 -> 0 | H19: =E19+F19+G19 -> 32177 | I19: 호표 16 | M19: 전기 4-37
A20: 56D721037238540E9C28625D5C9A70 | B20: 러그단자 | C20: 동관단자 2H 185㎟ | D20: 개 | E20: =신규_일위대가!F120 -> 6574 | F20: =신규_일위대가!H120 -> 52100 | G20: =신규_일위대가!J120 -> 0 | H20: =E20+F20+G20 -> 58674 | I20: 호표 17 | M20: 전기 4-37
A21: 56D72103703DD43A1ED2B005ADF627 | B21: 핸드홀(수공1호) | C21: 950*450*700 | D21: 조 | E21: =신규_일위대가!F134 -> 750497 | F21: =신규_일위대가!H134 -> 436033 | G21: =신규_일위대가!J134 -> 11085 | H21: =E21+F21+G21 -> 1197615 | I21: 호표 18 | M21: 전기 4-43-3
A22: 56D72103723894E92CAB35A83F0DCD | B22: 접지공사(접지봉매설) | D22: 개소 | E22: 52854 | F22: 126539 | G22: 2838 | H22: =E22+F22+G22 -> 182231 | I22: 호표 19 | M22: 전기 3-38
A23: 56D721037238446715351CA32E7F48 | B23: 파상형 폴리에틸렌 전선관 | C23: 30mm | D23: M | E23: 487 | F23: 6535 | G23: =신규_일위대가!J155 -> 0 | H23: =E23+F23+G23 -> 7022 | I23: 호표 20 | M23: 전기 4-31
A24: 56D721037238446715351CA32E7EA0 | B24: 합성수지 파형관(ELP)설치 | C24: 40mm | D24: M | E24: 638 | F24: 7996 | G24: =신규_일위대가!J164 -> 0 | H24: =E24+F24+G24 -> 8634 | I24: 호표 21 | M24: 전기 4-31
A25: 56D721037238446715351CA32E7EA3 | B25: 합성수지 파형관(ELP)설치 | C25: 50mm | D25: M | E25: =신규_일위대가!F173 -> 927 | F25: =신규_일위대가!H173 -> 4965 | G25: =신규_일위대가!J173 -> 0 | H25: =E25+F25+G25 -> 5892 | I25: 호표 22 | M25: 전기 4-31
A26: 56D721037238446715351CA32E793E | B26: 합성수지 파형관(ELP)설치 | C26: 65mm | D26: M | E26: =신규_일위대가!F182 -> 1117 | F26: =신규_일위대가!H182 -> 6225 | G26: =신규_일위대가!J182 -> 0 | H26: =E26+F26+G26 -> 7342 | I26: 호표 23 | M26: 전기 4-31
A27: 56D721037238446715351CA32E7819 | B27: 합성수지 파형관(ELP)설치 | C27: 100mm | D27: M | E27: =신규_일위대가!F191 -> 2389 | F27: =신규_일위대가!H191 -> 9227 | G27: =신규_일위대가!J191 -> 0 | H27: =E27+F27+G27 -> 11616 | I27: 호표 24 | M27: 전기 4-31
A28: 56D72103723894E928313793BD42CF | B28: 자립형 함체 기초 | C28: 1,000x1,000x500 | D28: 식 | E28: =신규_일위대가!F197 -> 72386 | F28: =신규_일위대가!H197 -> 105831 | G28: =신규_일위대가!J197 -> 891 | H28: =E28+F28+G28 -> 179108 | I28: 호표 25 | M28: 단가산출
A29: 56D721037238540E9D307EF2D93456 | B29: 계량기함 설치 | D29: 면 | E29: =신규_일위대가!F203 -> 6697 | F29: =신규_일위대가!H203 -> 223248 | G29: =신규_일위대가!J203 -> 0 | H29: =E29+F29+G29 -> 229945 | I29: 호표 26 | M29: 전기 5-21
A30: 56D721037238540E9D307EF2DBEACF | B30: 분전반 신설(LP-M) | C30: 옥외벽부자립형 | D30: 면 | E30: =신규_일위대가!F209 -> 8671 | F30: =신규_일위대가!H209 -> 289048 | G30: =신규_일위대가!J209 -> 0 | H30: =E30+F30+G30 -> 297719 | I30: 호표 27 | M30: 전기 5-4
A31: 56D721037238540E9D307EF2DBEBE9 | B31: 역전력 보호계전기 분전반 신설 | C31: 550*780*250 | D31: 면 | E31: =신규_일위대가!F215 -> 3105702 | F31: =신규_일위대가!H215 -> 223248 | G31: =신규_일위대가!J215 -> 0 | H31: =E31+F31+G31 -> 3328950 | I31: 호표 28 | M31: 전기 5-4
A32: 56D721037238540E9D307EF2DBEBEC | B32: 분전반 신설(LP-O1) | C32: 옥외 자립형 | D32: 면 | E32: =신규_일위대가!F221 -> 7190 | F32: =신규_일위대가!H221 -> 239698 | G32: =신규_일위대가!J221 -> 0 | H32: =E32+F32+G32 -> 246888 | I32: 호표 29 | M32: 전기 5-18-2
A33: 56D721037238540E9D307CC4DD9E9E | B33: 엔트런스 캡 | C33: 2 1/4" (54mm)초과-104C | D33: 개 | E33: =신규_일위대가!F227 -> 53440 | F33: =신규_일위대가!H227 -> 28199 | G33: =신규_일위대가!J227 -> 0 | H33: =E33+F33+G33 -> 81639 | I33: 호표 30 | M33: 전기 5-29
A34: 569DE103C338D485C142AB2FBA6AB2 | B34: 터파기(기계 9:1) | C34: 보통토사. 백호 90%+인력 10% | D34: ㎥ | E34: =신규_일위대가!F231 -> 600 | F34: =신규_일위대가!H231 -> 6909 | G34: =신규_일위대가!J231 -> 785 | H34: =E34+F34+G34 -> 8294 | I34: 호표 31 | M34: 단가산출 319P
A35: 569DE103C53B84CC97FB4DEFFA0997 | B35: 되메우고 다지기(백호+래머) | C35: 토사, T=15cm | D35: M3 | E35: =신규_일위대가!F235 -> 6606 | F35: =신규_일위대가!H235 -> 525 | G35: =신규_일위대가!J235 -> 419 | H35: =E35+F35+G35 -> 7550 | I35: 호표 32 | M35: 단가산출 74P
A36: 56D72103723894E92F608073667515 | B36: 맨홀(저압) | C36: 1,500*1,500*1,500 | D36: 개소 | E36: =신규_일위대가!F253 -> 835710 | F36: =신규_일위대가!H253 -> 893392 | G36: =신규_일위대가!J253 -> 118141 | H36: =E36+F36+G36 -> 1847243 | I36: 호표 33 | M36: 전기 4-38,4-43-3
A37: 56D721037238540E9FFE4D14B82D67 | B37: 풀박스 | C37: 100X100X50 | D37: 개 | E37: =신규_일위대가!F259 -> 2663 | F37: =신규_일위대가!H259 -> 9399 | G37: =신규_일위대가!J259 -> 0 | H37: =E37+F37+G37 -> 12062 | I37: 호표 34 | M37: 전기 5-4
A38: 56D721037238E46A4237DB110EC84B | B38: 난연 비닐 절연 접지용전선(F-GV) | C38: 0.6/1kV 4㎟ | D38: m | E38: =신규_일위대가!F266 -> 964 | F38: =신규_일위대가!H266 -> 2114 | G38: =신규_일위대가!J266 -> 0 | H38: =E38+F38+G38 -> 3078 | I38: 호표 35 | M38: 전기 3-38
A39: 56D721037238F471B0B317F58E4080 | B39: 0.6/1kV 난연 전력 케이블(F-CV) | C39: 2C 6㎟ | D39: m | E39: 2275 | F39: 3685 | G39: =신규_일위대가!J273 -> 0 | H39: =E39+F39+G39 -> 5960 | I39: 호표 36 | M39: 전기 5-13
A40: 56D72103723894E928313793BD474E | B40: 누전차단기 | C40: ELB 2P 30AF | D40: 개 | E40: =신규_일위대가!F279 -> 40781 | F40: =신규_일위대가!H279 -> 31254 | G40: =신규_일위대가!J279 -> 0 | H40: =E40+F40+G40 -> 72035 | I40: 호표 37 | M40: 전기 5-19
A41: 56D721037238F471B15A9EE9FA6830 | B41: AL DUCT 신설 | C41: W:50 | D41: m | E41: =신규_일위대가!F285 -> 5007 | F41: =신규_일위대가!H285 -> 30549 | G41: =신규_일위대가!J285 -> 0 | H41: =E41+F41+G41 -> 35556 | I41: 호표 38 | M41: 전기 5-7
A42: 56D721037238540E9D307EF2DEBCF5 | B42: 옥외 조명기구(라인조명) | C42: LED 18W | D42: 개 | E42: =신규_일위대가!F291 -> 972 | F42: =신규_일위대가!H291 -> 32429 | G42: =신규_일위대가!J291 -> 0 | H42: =E42+F42+G42 -> 33401 | I42: 호표 39 | M42: 전기 5-25-3
A43: 56D721037238540E9D307EF2DEBCF4 | B43: 옥외 조명기구(투광등) | C43: LED 54W | D43: 개 | E43: =신규_일위대가!F297 -> 1466 | F43: =신규_일위대가!H297 -> 48879 | G43: =신규_일위대가!J297 -> 0 | H43: =E43+F43+G43 -> 50345 | I43: 호표 40 | M43: 전기 5-26-4
A44: 56D72103723894E928313793BD43D0 | B44: 투광등 기초 기성품설치 | D44: 개소 | E44: =신규_일위대가!F305 -> 48217 | F44: =신규_일위대가!H305 -> 63909 | G44: =신규_일위대가!J305 -> 3703 | H44: =E44+F44+G44 -> 115829 | I44: 호표 41 | M44: 전기 5-27-1
A45: 56D721037238540E9D307EF2DBEBED | B45: SMPS함-1 신설 | C45: 옥외 자립형 | D45: 면 | E45: =신규_일위대가!F314 -> 1380760 | F45: =신규_일위대가!H314 -> 369651 | G45: =신규_일위대가!J314 -> 0 | H45: =E45+F45+G45 -> 1750411 | I45: 호표 42 | M45: 전기 5-18-2
A46: 56D721037238540E9D307EF2DBEBE8 | B46: SMPS함-2 신설 | C46: 옥외 자립형 | D46: 면 | E46: =신규_일위대가!F323 -> 1355677 | F46: =신규_일위대가!H323 -> 419001 | G46: =신규_일위대가!J323 -> 0 | H46: =E46+F46+G46 -> 1774678 | I46: 호표 43 | M46: 전기 5-18-2
A47: 56D72103723894E928313793BD42CE | B47: SMPS함 기초 | C47: SMPS함 기초 | D47: 식 | E47: =신규_일위대가!F329 -> 72386 | F47: =신규_일위대가!H329 -> 105831 | G47: =신규_일위대가!J329 -> 891 | H47: =E47+F47+G47 -> 179108 | I47: 호표 44 | M47: 단가산출
A48: 56D72103723894E928313793BD43D6 | B48: 가로등 기초 기성품설치 | D48: 개소 | E48: =신규_일위대가!F337 -> 76728 | F48: =신규_일위대가!H337 -> 63909 | G48: =신규_일위대가!J337 -> 3703 | H48: =E48+F48+G48 -> 144340 | I48: 호표 45 | M48: 전기 5-27-1
A49: 56D721037238540E9D307EF2DAC10C | B49: 보안등기구 | C49: LED 보안등기구 50W | D49: 등 | E49: =신규_일위대가!F343 -> 1290 | F49: =신규_일위대가!H343 -> 43004 | G49: =신규_일위대가!J343 -> 0 | H49: =E49+F49+G49 -> 44294 | I49: 호표 46 | M49: 전기 5-26-3
A50: 56D721037238540E9D307DEBE760FE | B50: POLE LIGHT 기계설치(등기구설치 제외) | C50: 5m~7m | D50: 본 | E50: =신규_일위대가!F350 -> 5913 | F50: =신규_일위대가!H350 -> 96750 | G50: =신규_일위대가!J350 -> 4736 | H50: =E50+F50+G50 -> 107399 | I50: 호표 47 | M50: 전기 5-27.2
A51: 56D721037238540E9D307DEBE760FC | B51: 볼라드등 설치 | C51: 볼라드등 설치 | D51: EA | E51: =신규_일위대가!F357 -> 5913 | F51: =신규_일위대가!H357 -> 96750 | G51: =신규_일위대가!J357 -> 4736 | H51: =E51+F51+G51 -> 107399 | I51: 호표 48 | M51: 전기 5-27.2
A52: 56D721037238540E9D307DEBE760FD | B52: 지중등 설치 | C52: 지중등 설치 | D52: EA | E52: =신규_일위대가!F363 -> 1706 | F52: =신규_일위대가!H363 -> 56869 | G52: =신규_일위대가!J363 -> 0 | H52: =E52+F52+G52 -> 58575 | I52: 호표 49 | M52: 전기 5-25-3
A53: 56D72103723894E928313793BD43D1 | B53: 볼라드등 기초 설치 | C53: 볼라드등 기초 | D53: 개소 | E53: =신규_일위대가!F371 -> 48217 | F53: =신규_일위대가!H371 -> 63909 | G53: =신규_일위대가!J371 -> 3703 | H53: =E53+F53+G53 -> 115829 | I53: 호표 50 | M53: 전기 5-27-1
A54: 56D72103723894E92CAB35A83F0DCE | B54: 접지봉 | C54: 18Φ*2400 mm | D54: 개 | E54: =신규_일위대가!F378 -> 15718 | F54: =신규_일위대가!H378 -> 36975 | G54: =신규_일위대가!J378 -> 0 | H54: =E54+F54+G54 -> 52693 | I54: 호표 51 | M54: 전기 3-38
A55: 56D721037238D443B9948C99B0D45B | B55: 경질비닐전선관 | C55: HI 36 mm | D55: M | E55: 1411 | F55: =신규_일위대가!H386 -> 25891 | G55: =신규_일위대가!J386 -> 0 | H55: =E55+F55+G55 -> 27302 | I55: 호표 52 | M55: 전기 5-1
A56: 56D721037238D443B9948C99B0D608 | B56: 경질비닐PVC전선관-매입 | C56: HI 54 mm | D56: M | E56: =신규_일위대가!F394 -> 2371 | F56: =신규_일위대가!H394 -> 44649 | G56: =신규_일위대가!J394 -> 0 | H56: =E56+F56+G56 -> 47020 | I56: 호표 53 | M56: 전기 5-1
A57: 56D721037238D443B9948C99B1F891 | B57: 경질비닐전선관 | C57: HI 104 mm | D57: M | E57: 6707 | F57: 119101 | G57: =신규_일위대가!J402 -> 0 | H57: =E57+F57+G57 -> 125808 | I57: 호표 54 | M57: 전기 5-1
A58: 56D721037238E46A4237DB110ECFFD | B58: 난연 비닐 절연 접지용전선(F-GV)-옥외 | C58: 0.6/1kV 95㎟ | D58: m | E58: =신규_일위대가!F409 -> 9583 | F58: =신규_일위대가!H409 -> 2819 | G58: =신규_일위대가!J409 -> 0 | H58: =E58+F58+G58 -> 12402 | I58: 호표 55 | M58: 전기 3-38
A59: 56D721037238F471B0B314204849F6 | B59: 0.6/1kV 난연 전력 케이블(F-CV) | C59: 1C 150㎟-4열동시 | D59: m | E59: =신규_일위대가!F416 -> 16796 | F59: =신규_일위대가!H416 -> 21044 | G59: =신규_일위대가!J416 -> 0 | H59: =E59+F59+G59 -> 37840 | I59: 호표 56 | M59: 전기 5-11
A60: 56D721037238F471B0B3116C824BA9 | B60: 0.6/1kV 난연 전력 케이블(F-CV) | C60: 4C 25㎟ | D60: m | E60: =신규_일위대가!F423 -> 17184 | F60: =신규_일위대가!H423 -> 19920 | G60: =신규_일위대가!J423 -> 0 | H60: =E60+F60+G60 -> 37104 | I60: 호표 57 | M60: 전기 5-11
A61: 56D721037238540E9C28625D5C9B10 | B61: 러그단자 | C61: 동관단자 1H 95㎟ | D61: 개 | E61: =신규_일위대가!F429 -> 2521 | F61: =신규_일위대가!H429 -> 38309 | G61: =신규_일위대가!J429 -> 0 | H61: =E61+F61+G61 -> 40830 | I61: 호표 58 | M61: 전기 4-37
A62: 56D721037238540E9C28625D5C9A76 | B62: 러그단자 | C62: 동관단자 2H 150㎟ | D62: 개 | E62: 4253 | F62: 52169 | G62: =신규_일위대가!J435 -> 0 | H62: =E62+F62+G62 -> 56422 | I62: 호표 59 | M62: 전기 4-37
A63: 56D72103713E442CD0A2B4891C2293 | B63: 분전반 설치(신설) | C63: LP-1 | D63: 면 | E63: =신규_일위대가!F441 -> 8671 | F63: =신규_일위대가!H441 -> 289048 | G63: =신규_일위대가!J441 -> 0 | H63: =E63+F63+G63 -> 297719 | I63: 호표 60 | M63: 전기 5-4
A64: 56D72103713E442CD0A2B4891C244D | B64: 분전반 설치(신설) | C64: LP-2 | D64: 면 | E64: =신규_일위대가!F447 -> 8671 | F64: =신규_일위대가!H447 -> 289048 | G64: =신규_일위대가!J447 -> 0 | H64: =E64+F64+G64 -> 297719 | I64: 호표 61 | M64: 전기 5-4
A65: 56D72103713E442CD0A2B4891C244C | B65: 분전반 설치(신설) | C65: LP-3 | D65: 면 | E65: =신규_일위대가!F453 -> 8671 | F65: =신규_일위대가!H453 -> 289048 | G65: =신규_일위대가!J453 -> 0 | H65: =E65+F65+G65 -> 297719 | I65: 호표 62 | M65: 전기 5-4
A66: 56D72103713E442CD0A2B4891C244F | B66: 분전반 설치(신설) | C66: PP-ELEV | D66: 면 | E66: =신규_일위대가!F459 -> 6697 | F66: =신규_일위대가!H459 -> 223248 | G66: =신규_일위대가!J459 -> 0 | H66: =E66+F66+G66 -> 229945 | I66: 호표 63 | M66: 전기 5-4
A67: 56D72103713E442CD0A2B4891C244E | B67: 분전반 설치(신설) | C67: PP-OAC | D67: 면 | E67: =신규_일위대가!F465 -> 8671 | F67: =신규_일위대가!H465 -> 289048 | G67: =신규_일위대가!J465 -> 0 | H67: =E67+F67+G67 -> 297719 | I67: 호표 64 | M67: 전기 5-4
A68: 56D721037238D443BABB9662C14F9A | B68: 합성수지제 가요전선관-매입 | C68: (난연성), 16㎜ | D68: M | E68: =신규_일위대가!F473 -> 516 | F68: =신규_일위대가!H473 -> 9399 | G68: =신규_일위대가!J473 -> 0 | H68: =E68+F68+G68 -> 9915 | I68: 호표 65 | M68: 전기 5-1
A69: 56D72103703DA466B9C9A6134B41D3 | B69: 아우트렛박스 | C69: 중형4각 54㎜ | D69: 개 | E69: =신규_일위대가!F480 -> 2477 | F69: =신규_일위대가!H480 -> 46999 | G69: =신규_일위대가!J480 -> 0 | H69: =E69+F69+G69 -> 49476 | I69: 호표 66 | M69: 전기 5-3
A70: 56D721037238E46A400B8D6C8BEB92 | B70: 450/750V 내열비닐절연전선 | C70: HFIX 2.25mm(4㎟) | D70: m | E70: 764 | F70: 2589 | G70: =신규_일위대가!J486 -> 0 | H70: =E70+F70+G70 -> 3353 | I70: 호표 67 | M70: 전기 5-10
A71: 56D721037238F471B0B3116C82409F | B71: 0.6/1kV 난연 전력 케이블(F-CV) | C71: 4C 4㎟ | D71: m | E71: =신규_일위대가!F493 -> 3373 | F71: =신규_일위대가!H493 -> 7406 | G71: =신규_일위대가!J493 -> 0 | H71: =E71+F71+G71 -> 10779 | I71: 호표 68 | M71: 전기 5-13
A72: 56D721037238540E9D307970DE8BAA | B72: 콘센트 설치(매입) | C72: 접지형, 15A 250V, 2구 | D72: 개 | E72: 1759 | F72: 20713 | G72: =신규_일위대가!J499 -> 0 | H72: =E72+F72+G72 -> 22472 | I72: 호표 69 | M72: 전기 5-23.1
A73: 56D721037238540E9D307970DE847D | B73: 콘센트 설치(매입) | C73: 방우형, 15A 250V, 2구 | D73: 개 | E73: 2854 | F73: 20713 | G73: =신규_일위대가!J505 -> 0 | H73: =E73+F73+G73 -> 23567 | I73: 호표 70 | M73: 전기 5-23.1
A74: 56D721037238540E9D307970DE8BA9 | B74: 대기전력차단콘센트 설치(매입) | C74: 3구, 16A 250V | D74: 개 | E74: =신규_일위대가!F511 -> 53352 | F74: =신규_일위대가!H511 -> 22324 | G74: =신규_일위대가!J511 -> 0 | H74: =E74+F74+G74 -> 75676 | I74: 호표 71 | M74: 전기 5-23.1
A75: 56D721037238D443BD0FD4A2004080 | B75: 1종금속제가요전선관 | C75: 16 mm 비방수 | D75: M | E75: 649 | F75: 11392 | G75: =신규_일위대가!J519 -> 0 | H75: =E75+F75+G75 -> 12041 | I75: 호표 72 | M75: 전기 5-1
A76: 56D721037238540E9FFE4C0D47DAB6 | B76: 아우트렛박스 | C76: 8각 54mm | D76: 개 | E76: =신규_일위대가!F526 -> 1365 | F76: =신규_일위대가!H526 -> 31070 | G76: =신규_일위대가!J526 -> 0 | H76: =E76+F76+G76 -> 32435 | I76: 호표 73 | M76: 전기 5-3
A77: 56D721037238540E9FFE4C0D47DB5D | B77: 아우트렛박스 | C77: 중형4각 54㎜ | D77: 개 | E77: =신규_일위대가!F533 -> 1592 | F77: =신규_일위대가!H533 -> 31070 | G77: =신규_일위대가!J533 -> 0 | H77: =E77+F77+G77 -> 32662 | I77: 호표 74 | M77: 전기 5-3
A78: 56D721037238540E9FFE4C0D46353C | B78: 스위치박스-매입 | C78: 1 개용 54 mm | D78: 개 | E78: =신규_일위대가!F540 -> 1905 | F78: =신규_일위대가!H540 -> 51783 | G78: =신규_일위대가!J540 -> 0 | H78: =E78+F78+G78 -> 53688 | I78: 호표 75 | M78: 전기 5-3
A79: 56D721037238E46A400B8D6C8BEA8A | B79: 450/750V 내열비닐절연전선 | C79: HFIX 1.78mm(2.5㎟) | D79: m | E79: 514 | F79: 2589 | G79: =신규_일위대가!J546 -> 0 | H79: =E79+F79+G79 -> 3103 | I79: 호표 76 | M79: 전기 5-10
A80: 56D721037238540E9D307970DCD225 | B80: 와이드 스위치 | C80: 1로 1구 | D80: 개 | E80: 2110 | F80: 22007 | G80: =신규_일위대가!J552 -> 0 | H80: =E80+F80+G80 -> 24117 | I80: 호표 77 | M80: 전기 5-23.2
A81: 56D721037238540E9D307970DCD224 | B81: 와이드 스위치 | C81: 1로 2구 | D81: 개 | E81: 2920 | F81: 22007 | G81: =신규_일위대가!J558 -> 0 | H81: =E81+F81+G81 -> 24927 | I81: 호표 78 | M81: 전기 5-23.2
A82: 56D721037238540E9D307970DCD227 | B82: 와이드 스위치 | C82: 1로 3구 | D82: 개 | E82: 3640 | F82: 22007 | G82: =신규_일위대가!J564 -> 0 | H82: =E82+F82+G82 -> 25647 | I82: 호표 79 | M82: 전기 5-23.2
A83: 56D721037238540E9D307970DCD226 | B83: 와이드 스위치 | C83: 1로 4구 | D83: 개 | E83: =신규_일위대가!F570 -> 5833 | F83: =신규_일위대가!H570 -> 19974 | G83: =신규_일위대가!J570 -> 0 | H83: =E83+F83+G83 -> 25807 | I83: 호표 80 | M83: 전기 5-23.2
A84: 56D721037238540E9D307EF2DBEACE | B84: 레일 설치 | C84: 레일 1M | D84: 개 | E84: =신규_일위대가!F576 -> 9636 | F84: =신규_일위대가!H576 -> 26084 | G84: =신규_일위대가!J576 -> 0 | H84: =E84+F84+G84 -> 35720 | I84: 호표 81 | M84: 전기 5-25-3
A85: 56D721037238540E9D307EF2DEBCF6 | B85: 조명기구(TYPE"A") | C85: LED 라인조명 22W | D85: 개 | E85: =신규_일위대가!F582 -> 972 | F85: =신규_일위대가!H582 -> 32429 | G85: =신규_일위대가!J582 -> 0 | H85: =E85+F85+G85 -> 33401 | I85: 호표 82 | M85: 전기 5-25-3
A86: 56D721037238540E9D307EF2DEBCFE | B86: 조명기구(TYPE"B") | C86: LED 샹들리애 40W | D86: 개 | E86: =신규_일위대가!F588 -> 1755 | F86: =신규_일위대가!H588 -> 58514 | G86: =신규_일위대가!J588 -> 0 | H86: =E86+F86+G86 -> 60269 | I86: 호표 83 | M86: 전기 5-25-3
A87: 56D721037238540E9D307EF2DEBD9E | B87: 조명기구(TYPE"C") | C87: LED 팬던트등 10W | D87: 개 | E87: =신규_일위대가!F594 -> 1113 | F87: =신규_일위대가!H594 -> 37129 | G87: =신규_일위대가!J594 -> 0 | H87: =E87+F87+G87 -> 38242 | I87: 호표 84 | M87: 전기 5-25-3
A88: 56D721037238540E9D307EF2DEBD9F | B88: 조명기구(TYPE"D") | C88: LED 직부등 40W | D88: 개 | E88: 1029 | F88: 51498 | G88: =신규_일위대가!J600 -> 0 | H88: =E88+F88+G88 -> 52527 | I88: 호표 85 | M88: 전기 5-25-3
A89: 56D721037238540E9D307EF2DEBD9C | B89: 조명기구(TYPE"E") | C89: LED 직부등 25W | D89: 개 | E89: =신규_일위대가!F606 -> 972 | F89: =신규_일위대가!H606 -> 32429 | G89: =신규_일위대가!J606 -> 0 | H89: =E89+F89+G89 -> 33401 | I89: 호표 86 | M89: 전기 5-25-3
A90: 56D721037238540E9D307EF2DEBD9D | B90: 조명기구(TYPE"F") | C90: LED 스포트라이트 10W | D90: 개 | E90: =신규_일위대가!F612 -> 824 | F90: =신규_일위대가!H612 -> 27494 | G90: =신규_일위대가!J612 -> 0 | H90: =E90+F90+G90 -> 28318 | I90: 호표 87 | M90: 전기 5-25-3
A91: 56D721037238540E9D307EF2DEBD9A | B91: 조명기구(TYPE"G") | C91: LED 다운라이트 10W | D91: 개 | E91: =신규_일위대가!F618 -> 1092 | F91: =신규_일위대가!H618 -> 36424 | G91: =신규_일위대가!J618 -> 0 | H91: =E91+F91+G91 -> 37516 | I91: 호표 88 | M91: 전기 5-25-3
A92: 56D721037238540E9D307EF2DEBD9B | B92: 조명기구(TYPE"H") | C92: LED 벽부등 10W | D92: 개 | E92: =신규_일위대가!F624 -> 824 | F92: =신규_일위대가!H624 -> 27494 | G92: =신규_일위대가!J624 -> 0 | H92: =E92+F92+G92 -> 28318 | I92: 호표 89 | M92: 전기 5-25-3
A93: 56D721037238540E9D307EF2DEBD98 | B93: 조명기구(TYPE"I") | C93: LED 벽부등 15W | D93: 개 | E93: =신규_일위대가!F630 -> 824 | F93: =신규_일위대가!H630 -> 27494 | G93: =신규_일위대가!J630 -> 0 | H93: =E93+F93+G93 -> 28318 | I93: 호표 90 | M93: 전기 5-25-3
A94: 56D721037238D443BD0FD4A2004BAB | B94: 1종금속제가요전선관 | C94: 54 mm 방수 | D94: M | E94: =신규_일위대가!F638 -> 13537 | F94: =신규_일위대가!H638 -> 38304 | G94: =신규_일위대가!J638 -> 0 | H94: =E94+F94+G94 -> 51841 | I94: 호표 91 | M94: 전기 5-1
A95: 56D721037238D443BD0FD4A2004500 | B95: 1종금속제가요전선관 | C95: 36 mm 방수 | D95: M | E95: =신규_일위대가!F646 -> 1879 | F95: =신규_일위대가!H646 -> 22525 | G95: =신규_일위대가!J646 -> 0 | H95: =E95+F95+G95 -> 24404 | I95: 호표 92 | M95: 전기 5-1
A96: 56D721037238E46A400B8D6C8BEB90 | B96: 450/75OV 저독성난연가교폴리올레핀절연전선(HFIX) | C96: 4㎟ | D96: m | E96: =신규_일위대가!F652 -> 751 | F96: =신규_일위대가!H652 -> 2349 | G96: =신규_일위대가!J652 -> 0 | H96: =E96+F96+G96 -> 3100 | I96: 호표 93 | M96: 전기 5-10
A97: 56D721037238E46A4237DB110ECFFC | B97: 난연 비닐 절연 접지용전선(F-GV) | C97: 0.6/1kV 16㎟ | D97: m | E97: 1976 | F97: 1812 | G97: =신규_일위대가!J659 -> 0 | H97: =E97+F97+G97 -> 3788 | I97: 호표 94 | M97: 전기 3-38
A98: 569DE103C338D485C0BEAD2F683454 | B98: 터파기(기계) | C98: 보통토사, 백호0.7m3 | D98: M3 | E98: =신규_일위대가!F663 -> 411 | F98: =신규_일위대가!H663 -> 1034 | G98: =신규_일위대가!J663 -> 77 | H98: =E98+F98+G98 -> 1522 | I98: 호표 95 | M98: 토목 9-3
A99: 569DE103C53B84CC97FB42C5A3863F | B99: 되메우고 다지기(백호+래머) | C99: 토사, T=30cm | D99: M3 | E99: =신규_일위대가!F667 -> 476 | F99: =신규_일위대가!H667 -> 5689 | G99: =신규_일위대가!J667 -> 74 | H99: =E99+F99+G99 -> 6239 | I99: 호표 96 | M99: 토목 9-3, 9-11.3
A100: 518A9103013724F1685F75AD9C0F34D01EE432AF | B100: 트럭탑재형 크레인 | C100: 10ton | D100: HR | E100: =신규_일위대가!F674 -> 19393 | F100: =신규_일위대가!H674 -> 49416 | G100: =신규_일위대가!J674 -> 4618 | H100: =E100+F100+G100 -> 73427 | I100: 호표 97 | K100: A | M100: 토목 11-5.9 | N100: T
...

Sheet 일위대가
B1: 705 | D1: [ 평창 에코랜드 조성사업(전기) ] - 일위대가표 | W1: 노임 계산 정보 | AA1: 부속재 및 손료
A2: 번호 | B2: 목차코드 | C2: 코드 | D2: 명 칭 | E2: 규 격 | F2: 단위 | G2: 수량 | H2: 재료비 | J2: 노무비 | M2: 경비 | P2: 계 | Q2: 비고 | W2: 노임계 | X2: 전체(%) | Y2: 공종별(%) | Z2: 노임 소수 | AA2: CD배관재 | AB2: 일반배관재 | AC2: 소모재 | AD2: 자재계 | AE2: 노임계
H3: 단가 | I3: 금액 | J3: 수량 | K3: 단가 | L3: 금액 | M3: 단가 | N3: 금액 | O3: 단가 | AD3: 1 | AE3: 1
A4: 56950120022 | B4: 일목줄 | C4: EAA110120000 | D4: [제 1호] 파이프행가 22 C [개소]
A5: 59759017112 | B5: 제 1호 | C5: 59759017112 | D5: 강재전선관용 부품 | E5: 파이프행거, 22 C | F5: 개 | G5: 1 | H5: =합산자재!H44 -> 301.0462 | I5: =IF(G5*H5<>0, TRUNC(G5*H5, 1), "") -> 301 | J5: 1 | K5: =합산자재!I44 -> 0 | L5: =IF(G5*K5<>0, TRUNC(G5*K5, 1), "") | M5: =합산자재!J44 -> 0 | N5: =IF(G5*M5<>0, TRUNC(G5*M5, 1), "") | O5: =IF((H5+K5+M5)=0, "", (H5+K5+M5)) -> 301.0462 | P5: =IF(SUM(I5,L5,N5)<>0,SUM(I5,L5,N5),"") -> 301
A6: 53060327011 | B6: 제 1호 | C6: 53060327011 | D6: 행거볼트 | E6: ∮9×1000㎜ | F6: 개 | G6: 1 | H6: =합산자재!H48 -> 900.48231 | I6: =IF(G6*H6<>0, TRUNC(G6*H6, 1), "") -> 900.4 | J6: 1 | K6: =합산자재!I48 -> 0 | L6: =IF(G6*K6<>0, TRUNC(G6*K6, 1), "") | M6: =합산자재!J48 -> 0 | N6: =IF(G6*M6<>0, TRUNC(G6*M6, 1), "") | O6: =IF((H6+K6+M6)=0, "", (H6+K6+M6)) -> 900.48231 | P6: =IF(SUM(I6,L6,N6)<>0,SUM(I6,L6,N6),"") -> 900.4
A7: 53060807001 | B7: 제 1호 | C7: 53060807001 | D7: 스트롱앵커 | E7: 3/8 | F7: 개 | G7: 1 | H7: =합산자재!H47 -> 88.543 | I7: =IF(G7*H7<>0, TRUNC(G7*H7, 1), "") -> 88.5 | J7: 1 | K7: =합산자재!I47 -> 0 | L7: =IF(G7*K7<>0, TRUNC(G7*K7, 1), "") | M7: =합산자재!J47 -> 0 | N7: =IF(G7*M7<>0, TRUNC(G7*M7, 1), "") | O7: =IF((H7+K7+M7)=0, "", (H7+K7+M7)) -> 88.543 | P7: =IF(SUM(I7,L7,N7)<>0,SUM(I7,L7,N7),"") -> 88.5
A8: 53100027003 | B8: 제 1호 | C8: 53100027003 | D8: 6각너트 | E8: M10 | F8: 개 | G8: 2 | H8: =합산자재!H75 -> 22.13575 | I8: =IF(G8*H8<>0, TRUNC(G8*H8, 1), "") -> 44.2 | J8: 2 | K8: =합산자재!I75 -> 0 | L8: =IF(G8*K8<>0, TRUNC(G8*K8, 1), "") | M8: =합산자재!J75 -> 0 | N8: =IF(G8*M8<>0, TRUNC(G8*M8, 1), "") | O8: =IF((H8+K8+M8)=0, "", (H8+K8+M8)) -> 22.13575 | P8: =IF(SUM(I8,L8,N8)<>0,SUM(I8,L8,N8),"") -> 44.2
A9: 52100327001 | B9: 제 1호 | C9: 52100327001 | D9: 스프링와샤 | E9: D10 | F9: EA | G9: 2 | H9: =합산자재!H76 -> 7.96887 | I9: =IF(G9*H9<>0, TRUNC(G9*H9, 1), "") -> 15.9 | J9: 2 | K9: =합산자재!I76 -> 0 | L9: =IF(G9*K9<>0, TRUNC(G9*K9, 1), "") | M9: =합산자재!J76 -> 0 | N9: =IF(G9*M9<>0, TRUNC(G9*M9, 1), "") | O9: =IF((H9+K9+M9)=0, "", (H9+K9+M9)) -> 7.96887 | P9: =IF(SUM(I9,L9,N9)<>0,SUM(I9,L9,N9),"") -> 15.9
A10: 56900017016 | B10: 제 1호 | C10: 56900017016 | D10: 노 무 비 | E10: 내선전공 | F10: 인 | G10: =일위노임!G6 -> 0.036 | H10: =합산자재!H120 -> 0 | I10: =IF(G10*H10<>0, TRUNC(G10*H10, 1), "") | J10: 0.036 | K10: =합산자재!I120 -> 229252.88 | L10: =IF(G10*K10<>0, TRUNC(G10*K10, 1), "") -> 8253.1 | M10: =합산자재!J120 -> 0 | N10: =IF(G10*M10<>0, TRUNC(G10*M10, 1), "") | O10: =IF((H10+K10+M10)=0, "", (H10+K10+M10)) -> 229252.88 | P10: =IF(SUM(I10,L10,N10)<>0,SUM(I10,L10,N10),"") -> 8253.1 | AE10: =L10 -> 8253.1
A11: A0300000000 | B11: 제 1호 | C11: A0300000000 | D11: [ 공 구 손 료 ] | E11: 노무비의 2 % | F11: 식 | G11: 1 | H11: =IF(TRUNC((AD12+AC12)/$AE$3,1)*$AE$3-AD12 <0, AC12, TRUNC((AD12+AC12)/$AE$3,1)*$AE$3-AD12) -> 165 | I11: =H11 -> 165 | J11: 1 | L11: =IF(G11*K11<>0, TRUNC(G11*K11, 1), "") | N11: =IF(G11*M11<>0, TRUNC(G11*M11, 1), "") | O11: =IF((H11+K11+M11)=0, "", (H11+K11+M11)) -> 165 | P11: =IF(SUM(I11,L11,N11)<>0,SUM(I11,L11,N11),"") -> 165
B12: 합계줄 | D12: ( 합 계 ) | I12: =TRUNC(SUM(I4:I11)) -> 1515 | L12: =TRUNC(SUM(L4:L11)) -> 8253 | N12: =TRUNC(SUM(N4:N11)) -> 0 | O12: =IF((H12+K12+M12)=0, "", (H12+K12+M12)) | P12: =IF(SUM(I12,L12,N12)<>0,SUM(I12,L12,N12),"") -> 9768 | AC12: =TRUNC(AE12*옵션!$B$36/100,1) -> 165 | AD12: =TRUNC(SUM(L4:L10)) -> 8253 | AE12: =TRUNC(SUM(AE4:AE11)) -> 8253
A14: 56950120036 | B14: 일목줄 | C14: EAA110140000 | D14: [제 2호] 파이프행가 36 C [개소]
A15: 59759017114 | B15: 제 2호 | C15: 59759017114 | D15: 강재전선관용 부품 | E15: 파이프행거, 36 C | F15: 개 | G15: 1 | H15: =합산자재!H45 -> 334.69254 | I15: =IF(G15*H15<>0, TRUNC(G15*H15, 1), "") -> 334.6 | J15: 1 | K15: =합산자재!I45 -> 0 | L15: =IF(G15*K15<>0, TRUNC(G15*K15, 1), "") | M15: =합산자재!J45 -> 0 | N15: =IF(G15*M15<>0, TRUNC(G15*M15, 1), "") | O15: =IF((H15+K15+M15)=0, "", (H15+K15+M15)) -> 334.69254 | P15: =IF(SUM(I15,L15,N15)<>0,SUM(I15,L15,N15),"") -> 334.6
A16: 53060327011 | B16: 제 2호 | C16: 53060327011 | D16: 행거볼트 | E16: ∮9×1000㎜ | F16: 개 | G16: 1 | H16: =합산자재!H48 -> 900.48231 | I16: =IF(G16*H16<>0, TRUNC(G16*H16, 1), "") -> 900.4 | J16: 1 | K16: =합산자재!I48 -> 0 | L16: =IF(G16*K16<>0, TRUNC(G16*K16, 1), "") | M16: =합산자재!J48 -> 0 | N16: =IF(G16*M16<>0, TRUNC(G16*M16, 1), "") | O16: =IF((H16+K16+M16)=0, "", (H16+K16+M16)) -> 900.48231 | P16: =IF(SUM(I16,L16,N16)<>0,SUM(I16,L16,N16),"") -> 900.4
A17: 53060807001 | B17: 제 2호 | C17: 53060807001 | D17: 스트롱앵커 | E17: 3/8 | F17: 개 | G17: 1 | H17: =합산자재!H47 -> 88.543 | I17: =IF(G17*H17<>0, TRUNC(G17*H17, 1), "") -> 88.5 | J17: 1 | K17: =합산자재!I47 -> 0 | L17: =IF(G17*K17<>0, TRUNC(G17*K17, 1), "") | M17: =합산자재!J47 -> 0 | N17: =IF(G17*M17<>0, TRUNC(G17*M17, 1), "") | O17: =IF((H17+K17+M17)=0, "", (H17+K17+M17)) -> 88.543 | P17: =IF(SUM(I17,L17,N17)<>0,SUM(I17,L17,N17),"") -> 88.5
A18: 53100027003 | B18: 제 2호 | C18: 53100027003 | D18: 6각너트 | E18: M10 | F18: 개 | G18: 2 | H18: =합산자재!H75 -> 22.13575 | I18: =IF(G18*H18<>0, TRUNC(G18*H18, 1), "") -> 44.2 | J18: 2 | K18: =합산자재!I75 -> 0 | L18: =IF(G18*K18<>0, TRUNC(G18*K18, 1), "") | M18: =합산자재!J75 -> 0 | N18: =IF(G18*M18<>0, TRUNC(G18*M18, 1), "") | O18: =IF((H18+K18+M18)=0, "", (H18+K18+M18)) -> 22.13575 | P18: =IF(SUM(I18,L18,N18)<>0,SUM(I18,L18,N18),"") -> 44.2
A19: 52100327001 | B19: 제 2호 | C19: 52100327001 | D19: 스프링와샤 | E19: D10 | F19: EA | G19: 2 | H19: =합산자재!H76 -> 7.96887 | I19: =IF(G19*H19<>0, TRUNC(G19*H19, 1), "") -> 15.9 | J19: 2 | K19: =합산자재!I76 -> 0 | L19: =IF(G19*K19<>0, TRUNC(G19*K19, 1), "") | M19: =합산자재!J76 -> 0 | N19: =IF(G19*M19<>0, TRUNC(G19*M19, 1), "") | O19: =IF((H19+K19+M19)=0, "", (H19+K19+M19)) -> 7.96887 | P19: =IF(SUM(I19,L19,N19)<>0,SUM(I19,L19,N19),"") -> 15.9
A20: 56900017016 | B20: 제 2호 | C20: 56900017016 | D20: 노 무 비 | E20: 내선전공 | F20: 인 | G20: =일위노임!G9 -> 0.036 | H20: =합산자재!H120 -> 0 | I20: =IF(G20*H20<>0, TRUNC(G20*H20, 1), "") | J20: 0.036 | K20: =합산자재!I120 -> 229252.88 | L20: =IF(G20*K20<>0, TRUNC(G20*K20, 1), "") -> 8253.1 | M20: =합산자재!J120 -> 0 | N20: =IF(G20*M20<>0, TRUNC(G20*M20, 1), "") | O20: =IF((H20+K20+M20)=0, "", (H20+K20+M20)) -> 229252.88 | P20: =IF(SUM(I20,L20,N20)<>0,SUM(I20,L20,N20),"") -> 8253.1 | AE20: =L20 -> 8253.1
A21: A0300000000 | B21: 제 2호 | C21: A0300000000 | D21: [ 공 구 손 료 ] | E21: 노무비의 2 % | F21: 식 | G21: 1 | H21: =IF(TRUNC((AD22+AC22)/$AE$3,1)*$AE$3-AD22 <0, AC22, TRUNC((AD22+AC22)/$AE$3,1)*$AE$3-AD22) -> 165 | I21: =H21 -> 165 | J21: 1 | L21: =IF(G21*K21<>0, TRUNC(G21*K21, 1), "") | N21: =IF(G21*M21<>0, TRUNC(G21*M21, 1), "") | O21: =IF((H21+K21+M21)=0, "", (H21+K21+M21)) -> 165 | P21: =IF(SUM(I21,L21,N21)<>0,SUM(I21,L21,N21),"") -> 165
B22: 합계줄 | D22: ( 합 계 ) | I22: =TRUNC(SUM(I14:I21)) -> 1548 | L22: =TRUNC(SUM(L14:L21)) -> 8253 | N22: =TRUNC(SUM(N14:N21)) -> 0 | O22: =IF((H22+K22+M22)=0, "", (H22+K22+M22)) | P22: =IF(SUM(I22,L22,N22)<>0,SUM(I22,L22,N22),"") -> 9801 | AC22: =TRUNC(AE22*옵션!$B$36/100,1) -> 165 | AD22: =TRUNC(SUM(L14:L20)) -> 8253 | AE22: =TRUNC(SUM(AE14:AE21)) -> 8253
A24: 56950120104 | B24: 일목줄 | C24: EAA110200000 | D24: [제 3호] 파이프행가 104 C [개소]
A25: 59759017119 | B25: 제 3호 | C25: 59759017119 | D25: 강재전선관용 부품 | E25: 파이프행거, 104 C | F25: 개 | G25: 1 | H25: =합산자재!H46 -> 1120.9544 | I25: =IF(G25*H25<>0, TRUNC(G25*H25, 1), "") -> 1120.9 | J25: 1 | K25: =합산자재!I46 -> 0 | L25: =IF(G25*K25<>0, TRUNC(G25*K25, 1), "") | M25: =합산자재!J46 -> 0 | N25: =IF(G25*M25<>0, TRUNC(G25*M25, 1), "") | O25: =IF((H25+K25+M25)=0, "", (H25+K25+M25)) -> 1120.9544 | P25: =IF(SUM(I25,L25,N25)<>0,SUM(I25,L25,N25),"") -> 1120.9
A26: 53060327011 | B26: 제 3호 | C26: 53060327011 | D26: 행거볼트 | E26: ∮9×1000㎜ | F26: 개 | G26: 1 | H26: =합산자재!H48 -> 900.48231 | I26: =IF(G26*H26<>0, TRUNC(G26*H26, 1), "") -> 900.4 | J26: 1 | K26: =합산자재!I48 -> 0 | L26: =IF(G26*K26<>0, TRUNC(G26*K26, 1), "") | M26: =합산자재!J48 -> 0 | N26: =IF(G26*M26<>0, TRUNC(G26*M26, 1), "") | O26: =IF((H26+K26+M26)=0, "", (H26+K26+M26)) -> 900.48231 | P26: =IF(SUM(I26,L26,N26)<>0,SUM(I26,L26,N26),"") -> 900.4
A27: 53060807001 | B27: 제 3호 | C27: 53060807001 | D27: 스트롱앵커 | E27: 3/8 | F27: 개 | G27: 1 | H27: =합산자재!H47 -> 88.543 | I27: =IF(G27*H27<>0, TRUNC(G27*H27, 1), "") -> 88.5 | J27: 1 | K27: =합산자재!I47 -> 0 | L27: =IF(G27*K27<>0, TRUNC(G27*K27, 1), "") | M27: =합산자재!J47 -> 0 | N27: =IF(G27*M27<>0, TRUNC(G27*M27, 1), "") | O27: =IF((H27+K27+M27)=0, "", (H27+K27+M27)) -> 88.543 | P27: =IF(SUM(I27,L27,N27)<>0,SUM(I27,L27,N27),"") -> 88.5
A28: 53100027003 | B28: 제 3호 | C28: 53100027003 | D28: 6각너트 | E28: M10 | F28: 개 | G28: 2 | H28: =합산자재!H75 -> 22.13575 | I28: =IF(G28*H28<>0, TRUNC(G28*H28, 1), "") -> 44.2 | J28: 2 | K28: =합산자재!I75 -> 0 | L28: =IF(G28*K28<>0, TRUNC(G28*K28, 1), "") | M28: =합산자재!J75 -> 0 | N28: =IF(G28*M28<>0, TRUNC(G28*M28, 1), "") | O28: =IF((H28+K28+M28)=0, "", (H28+K28+M28)) -> 22.13575 | P28: =IF(SUM(I28,L28,N28)<>0,SUM(I28,L28,N28),"") -> 44.2
A29: 52100327001 | B29: 제 3호 | C29: 52100327001 | D29: 스프링와샤 | E29: D10 | F29: EA | G29: 2 | H29: =합산자재!H76 -> 7.96887 | I29: =IF(G29*H29<>0, TRUNC(G29*H29, 1), "") -> 15.9 | J29: 2 | K29: =합산자재!I76 -> 0 | L29: =IF(G29*K29<>0, TRUNC(G29*K29, 1), "") | M29: =합산자재!J76 -> 0 | N29: =IF(G29*M29<>0, TRUNC(G29*M29, 1), "") | O29: =IF((H29+K29+M29)=0, "", (H29+K29+M29)) -> 7.96887 | P29: =IF(SUM(I29,L29,N29)<>0,SUM(I29,L29,N29),"") -> 15.9
A30: 56900017016 | B30: 제 3호 | C30: 56900017016 | D30: 노 무 비 | E30: 내선전공 | F30: 인 | G30: =일위노임!G12 -> 0.036 | H30: =합산자재!H120 -> 0 | I30: =IF(G30*H30<>0, TRUNC(G30*H30, 1), "") | J30: 0.036 | K30: =합산자재!I120 -> 229252.88 | L30: =IF(G30*K30<>0, TRUNC(G30*K30, 1), "") -> 8253.1 | M30: =합산자재!J120 -> 0 | N30: =IF(G30*M30<>0, TRUNC(G30*M30, 1), "") | O30: =IF((H30+K30+M30)=0, "", (H30+K30+M30)) -> 229252.88 | P30: =IF(SUM(I30,L30,N30)<>0,SUM(I30,L30,N30),"") -> 8253.1 | AE30: =L30 -> 8253.1
A31: A0300000000 | B31: 제 3호 | C31: A0300000000 | D31: [ 공 구 손 료 ] | E31: 노무비의 2 % | F31: 식 | G31: 1 | H31: =IF(TRUNC((AD32+AC32)/$AE$3,1)*$AE$3-AD32 <0, AC32, TRUNC((AD32+AC32)/$AE$3,1)*$AE$3-AD32) -> 165 | I31: =H31 -> 165 | J31: 1 | L31: =IF(G31*K31<>0, TRUNC(G31*K31, 1), "") | N31: =IF(G31*M31<>0, TRUNC(G31*M31, 1), "") | O31: =IF((H31+K31+M31)=0, "", (H31+K31+M31)) -> 165 | P31: =IF(SUM(I31,L31,N31)<>0,SUM(I31,L31,N31),"") -> 165
B32: 합계줄 | D32: ( 합 계 ) | I32: =TRUNC(SUM(I24:I31)) -> 2334 | L32: =TRUNC(SUM(L24:L31)) -> 8253 | N32: =TRUNC(SUM(N24:N31)) -> 0 | O32: =IF((H32+K32+M32)=0, "", (H32+K32+M32)) | P32: =IF(SUM(I32,L32,N32)<>0,SUM(I32,L32,N32),"") -> 10587 | AC32: =TRUNC(AE32*옵션!$B$36/100,1) -> 165 | AD32: =TRUNC(SUM(L24:L30)) -> 8253 | AE32: =TRUNC(SUM(AE24:AE31)) -> 8253
A34: 56950201000 | B34: 일목줄 | C34: E56950201000 | D34: [제 4호] 맨홀 1000x1000x1000 [개소]
A35: MMJ24303809 | B35: 제 4호 | C35: MMJ24303809 | D35: 핸드홀카바 | E35: 주철각형(1120x680x132) | F35: 조 | G35: 1 | H35: =합산자재!H103 -> 327609.1 | I35: =IF(G35*H35<>0, TRUNC(G35*H35, 1), "") -> 327609.1 | J35: 1 | K35: =합산자재!I103 -> 0 | L35: =IF(G35*K35<>0, TRUNC(G35*K35, 1), "") | M35: =합산자재!J103 -> 0 | N35: =IF(G35*M35<>0, TRUNC(G35*M35, 1), "") | O35: =IF((H35+K35+M35)=0, "", (H35+K35+M35)) -> 327609.1 | P35: =IF(SUM(I35,L35,N35)<>0,SUM(I35,L35,N35),"") -> 327609.1
A36: 56300217297 | B36: 제 4호 | C36: 56300217297 | D36: 핸드홀 | E36: 1000x1000x1000 | F36: 조 | G36: 1 | H36: =합산자재!H74 -> 194794.6 | I36: =IF(G36*H36<>0, TRUNC(G36*H36, 1), "") -> 194794.6 | J36: 1 | K36: =합산자재!I74 -> 0 | L36: =IF(G36*K36<>0, TRUNC(G36*K36, 1), "") | M36: =합산자재!J74 -> 0 | N36: =IF(G36*M36<>0, TRUNC(G36*M36, 1), "") | O36: =IF((H36+K36+M36)=0, "", (H36+K36+M36)) -> 194794.6 | P36: =IF(SUM(I36,L36,N36)<>0,SUM(I36,L36,N36),"") -> 194794.6
A37: 59750427102 | B37: 제 4호 | C37: 59750427102 | D37: 접지봉 | E37: 14Φ×1000 mm | F37: 개 | G37: 1 | H37: =합산자재!H64 -> 2789.9899 | I37: =IF(G37*H37<>0, TRUNC(G37*H37, 1), "") -> 2789.9 | J37: 1 | K37: =합산자재!I64 -> 0 | L37: =IF(G37*K37<>0, TRUNC(G37*K37, 1), "") | M37: =합산자재!J64 -> 0 | N37: =IF(G37*M37<>0, TRUNC(G37*M37, 1), "") | O37: =IF((H37+K37+M37)=0, "", (H37+K37+M37)) -> 2789.9899 | P37: =IF(SUM(I37,L37,N37)<>0,SUM(I37,L37,N37),"") -> 2789.9
A38: E1450927209 | B38: 제 4호 | C38: E1450927209 | D38: 접지용난연절연전선(FGV) | E38: 50㎟ | F38: M | G38: 5 | H38: =합산자재!H52 -> 4699.8624 | I38: =IF(G38*H38<>0, TRUNC(G38*H38, 1), "") -> 23499.3 | J38: 5 | K38: =합산자재!I52 -> 0 | L38: =IF(G38*K38<>0, TRUNC(G38*K38, 1), "") | M38: =합산자재!J52 -> 0 | N38: =IF(G38*M38<>0, TRUNC(G38*M38, 1), "") | O38: =IF((H38+K38+M38)=0, "", (H38+K38+M38)) -> 4699.8624 | P38: =IF(SUM(I38,L38,N38)<>0,SUM(I38,L38,N38),"") -> 23499.3 | AC38: =G38*H38 -> 23499.312
A39: CA565826042 | B39: 제 4호 | C39: CA565826042 | D39: 기계터파기 | E39: 보통토사(0.7㎥/43.6) | F39: ㎥ | G39: 6.48 | H39: =합산자재!H114 -> 333.80711 | I39: =IF(G39*H39<>0, TRUNC(G39*H39, 1), "") -> 2163 | J39: 6.48 | K39: =합산자재!I114 -> 804.85587 | L39: =IF(G39*K39<>0, TRUNC(G39*K39, 1), "") -> 5215.4 | M39: =합산자재!J114 -> 418.80839 | N39: =IF(G39*M39<>0, TRUNC(G39*M39, 1), "") -> 2713.8 | O39: =IF((H39+K39+M39)=0, "", (H39+K39+M39)) -> 1557.4714 | P39: =IF(SUM(I39,L39,N39)<>0,SUM(I39,L39,N39),"") -> 10092.2 | Q39: 종합적산68 | R39: ild
A40: CA565826051 | B40: 제 4호 | C40: CA565826051 | D40: 기계되메우기 | E40: 보통토사(0.7㎥/43.6) | F40: ㎥ | G40: 3.344 | H40: =합산자재!H115 -> 333.80711 | I40: =IF(G40*H40<>0, TRUNC(G40*H40, 1), "") -> 1116.2 | J40: 3.344 | K40: =합산자재!I115 -> 804.85587 | L40: =IF(G40*K40<>0, TRUNC(G40*K40, 1), "") -> 2691.4 | M40: =합산자재!J115 -> 418.80839 | N40: =IF(G40*M40<>0, TRUNC(G40*M40, 1), "") -> 1400.4 | O40: =IF((H40+K40+M40)=0, "", (H40+K40+M40)) -> 1557.4714 | P40: =IF(SUM(I40,L40,N40)<>0,SUM(I40,L40,N40),"") -> 5208 | Q40: 종합적산68 | R40: ild
A41: CA565826044 | B41: 제 4호 | C41: CA565826044 | D41: 크레인 | E41: 트럭 탑재형 10 Ton | F41: 분 | G41: 136.8 | H41: =합산자재!H116 -> 240.83696 | I41: =IF(G41*H41<>0, TRUNC(G41*H41, 1), "") -> 32946.4 | J41: 136.8 | K41: =합산자재!I116 -> 512.66397 | L41: =IF(G41*K41<>0, TRUNC(G41*K41, 1), "") -> 70132.4 | M41: =합산자재!J116 -> 302.81706 | N41: =IF(G41*M41<>0, TRUNC(G41*M41, 1), "") -> 41425.3 | O41: =IF((H41+K41+M41)=0, "", (H41+K41+M41)) -> 1056.318 | P41: =IF(SUM(I41,L41,N41)<>0,SUM(I41,L41,N41),"") -> 144504.1 | Q41: 종합적산682 | R41: ILD
A42: A0100000000 | B42: 제 4호 | C42: A0100000000 | D42: [ 소모 잡자재 ] | E42: 전선, 전선관의 2 % | F42: 식 | G42: 1 | H42: =IF(TRUNC((AD42+AC42)/$AD$3,1)*$AD$3-AD42 <0, AC42, TRUNC((AD42+AC42)/$AD$3,1)*$AD$3-AD42) -> 469.9 | I42: =H42 -> 469.9 | J42: 1 | L42: =IF(G42*K42<>0, TRUNC(G42*K42, 1), "") | N42: =IF(G42*M42<>0, TRUNC(G42*M42, 1), "") | O42: =IF((H42+K42+M42)=0, "", (H42+K42+M42)) -> 469.9 | P42: =IF(SUM(I42,L42,N42)<>0,SUM(I42,L42,N42),"") -> 469.9 | AC42: =TRUNC(TRUNC(SUM(AC34:AC41))*옵션!$B$33/100,1) -> 469.9 | AD42: =TRUNC(SUM(I34:I41))+TRUNC(SUM(N34:N41)) -> 630457
A43: 56900017016 | B43: 제 4호 | C43: 56900017016 | D43: 노 무 비 | E43: 내선전공 | F43: 인 | G43: =일위노임!G19 -> 0.17 | H43: =합산자재!H120 -> 0 | I43: =IF(G43*H43<>0, TRUNC(G43*H43, 1), "") | J43: 0.17 | K43: =합산자재!I120 -> 229252.88 | L43: =IF(G43*K43<>0, TRUNC(G43*K43, 1), "") -> 38972.9 | M43: =합산자재!J120 -> 0 | N43: =IF(G43*M43<>0, TRUNC(G43*M43, 1), "") | O43: =IF((H43+K43+M43)=0, "", (H43+K43+M43)) -> 229252.88 | P43: =IF(SUM(I43,L43,N43)<>0,SUM(I43,L43,N43),"") -> 38972.9 | AE43: =L43 -> 38972.9
A44: 56900017041 | B44: 제 4호 | C44: 56900017041 | D44: 노 무 비 | E44: 보통인부 | F44: 인 | G44: =일위노임!G20 -> 0.44 | H44: =합산자재!H125 -> 0 | I44: =IF(G44*H44<>0, TRUNC(G44*H44, 1), "") | J44: 0.44 | K44: =합산자재!I125 -> 131495.21 | L44: =IF(G44*K44<>0, TRUNC(G44*K44, 1), "") -> 57857.8 | M44: =합산자재!J125 -> 0 | N44: =IF(G44*M44<>0, TRUNC(G44*M44, 1), "") | O44: =IF((H44+K44+M44)=0, "", (H44+K44+M44)) -> 131495.21 | P44: =IF(SUM(I44,L44,N44)<>0,SUM(I44,L44,N44),"") -> 57857.8 | AE44: =L44 -> 57857.8
A45: 56900017118 | B45: 제 4호 | C45: 56900017118 | D45: 노 무 비 | E45: 특별인부 | F45: 인 | G45: =일위노임!G21 -> 1.63 | H45: =합산자재!H126 -> 0 | I45: =IF(G45*H45<>0, TRUNC(G45*H45, 1), "") | J45: 1.63 | K45: =합산자재!I126 -> 165960.57 | L45: =IF(G45*K45<>0, TRUNC(G45*K45, 1), "") -> 270515.7 | M45: =합산자재!J126 -> 0 | N45: =IF(G45*M45<>0, TRUNC(G45*M45, 1), "") | O45: =IF((H45+K45+M45)=0, "", (H45+K45+M45)) -> 165960.57 | P45: =IF(SUM(I45,L45,N45)<>0,SUM(I45,L45,N45),"") -> 270515.7 | AE45: =L45 -> 270515.7
A46: A0300000000 | B46: 제 4호 | C46: A0300000000 | D46: [ 공 구 손 료 ] | E46: 노무비의 2 % | F46: 식 | G46: 1 | H46: =IF(TRUNC((AD47+AC47)/$AE$3,1)*$AE$3-AD47 <0, AC47, TRUNC((AD47+AC47)/$AE$3,1)*$AE$3-AD47) -> 7346.9 | I46: =H46 -> 7346.9 | J46: 1 | L46: =IF(G46*K46<>0, TRUNC(G46*K46, 1), "") | N46: =IF(G46*M46<>0, TRUNC(G46*M46, 1), "") | O46: =IF((H46+K46+M46)=0, "", (H46+K46+M46)) -> 7346.9 | P46: =IF(SUM(I46,L46,N46)<>0,SUM(I46,L46,N46),"") -> 7346.9
B47: 합계줄 | D47: ( 합 계 ) | I47: =TRUNC(SUM(I34:I46)) -> 592735 | L47: =TRUNC(SUM(L34:L46)) -> 445385 | N47: =TRUNC(SUM(N34:N46)) -> 45539 | O47: =IF((H47+K47+M47)=0, "", (H47+K47+M47)) | P47: =IF(SUM(I47,L47,N47)<>0,SUM(I47,L47,N47),"") -> 1083659 | AC47: =TRUNC(AE47*옵션!$B$36/100,1) -> 7346.9 | AD47: =TRUNC(SUM(L34:L45)) -> 445385 | AE47: =TRUNC(SUM(AE34:AE46)) -> 367346
A49: 56950220300 | B49: 일목줄 | C49: EAD110120000 | D49: [제 5호] 접지공사 3종 [개소]
A50: 59750427104 | B50: 제 5호 | C50: 59750427104 | D50: 접지봉 | E50: 16Φ×1800 mm | F50: 개 | G50: 3 | H50: =합산자재!H65 -> 4223.5011 | I50: =IF(G50*H50<>0, TRUNC(G50*H50, 1), "") -> 12670.5 | J50: 3 | K50: =합산자재!I65 -> 0 | L50: =IF(G50*K50<>0, TRUNC(G50*K50, 1), "") | M50: =합산자재!J65 -> 0 | N50: =IF(G50*M50<>0, TRUNC(G50*M50, 1), "") | O50: =IF((H50+K50+M50)=0, "", (H50+K50+M50)) -> 4223.5011 | P50: =IF(SUM(I50,L50,N50)<>0,SUM(I50,L50,N50),"") -> 12670.5
A51: 59400077101 | B51: 제 5호 | C51: 59400077101 | D51: 접지봉 콘넥터 | E51: 일반형 Φ16 | F51: 개 | G51: 3 | H51: =합산자재!H66 -> 696.83341 | I51: =IF(G51*H51<>0, TRUNC(G51*H51, 1), "") -> 2090.5 | J51: 3 | K51: =합산자재!I66 -> 0 | L51: =IF(G51*K51<>0, TRUNC(G51*K51, 1), "") | M51: =합산자재!J66 -> 0 | N51: =IF(G51*M51<>0, TRUNC(G51*M51, 1), "") | O51: =IF((H51+K51+M51)=0, "", (H51+K51+M51)) -> 696.83341 | P51: =IF(SUM(I51,L51,N51)<>0,SUM(I51,L51,N51),"") -> 2090.5
A52: CA565826042 | B52: 제 5호 | C52: CA565826042 | D52: 기계터파기 | E52: 보통토사(0.7㎥/43.6) | F52: ㎥ | G52: 3 | H52: =합산자재!H114 -> 333.80711 | I52: =IF(G52*H52<>0, TRUNC(G52*H52, 1), "") -> 1001.4 | J52: 3 | K52: =합산자재!I114 -> 804.85587 | L52: =IF(G52*K52<>0, TRUNC(G52*K52, 1), "") -> 2414.5 | M52: =합산자재!J114 -> 418.80839 | N52: =IF(G52*M52<>0, TRUNC(G52*M52, 1), "") -> 1256.4 | O52: =IF((H52+K52+M52)=0, "", (H52+K52+M52)) -> 1557.4714 | P52: =IF(SUM(I52,L52,N52)<>0,SUM(I52,L52,N52),"") -> 4672.3 | Q52: 종합적산68 | R52: ild
A53: CA565826051 | B53: 제 5호 | C53: CA565826051 | D53: 기계되메우기 | E53: 보통토사(0.7㎥/43.6) | F53: ㎥ | G53: 3 | H53: =합산자재!H115 -> 333.80711 | I53: =IF(G53*H53<>0, TRUNC(G53*H53, 1), "") -> 1001.4 | J53: 3 | K53: =합산자재!I115 -> 804.85587 | L53: =IF(G53*K53<>0, TRUNC(G53*K53, 1), "") -> 2414.5 | M53: =합산자재!J115 -> 418.80839 | N53: =IF(G53*M53<>0, TRUNC(G53*M53, 1), "") -> 1256.4 | O53: =IF((H53+K53+M53)=0, "", (H53+K53+M53)) -> 1557.4714 | P53: =IF(SUM(I53,L53,N53)<>0,SUM(I53,L53,N53),"") -> 4672.3 | Q53: 종합적산68 | R53: ild
A54: 59751777102 | B54: 제 5호 | C54: 59751777102 | D54: 접지첨가제 | E54: 접지저항저감제,아스판,10 Kg | F54: 개 | G54: 3 | H54: =합산자재!H67 -> 9297.015 | I54: =IF(G54*H54<>0, TRUNC(G54*H54, 1), "") -> 27891 | J54: 3 | K54: =합산자재!I67 -> 0 | L54: =IF(G54*K54<>0, TRUNC(G54*K54, 1), "") | M54: =합산자재!J67 -> 0 | N54: =IF(G54*M54<>0, TRUNC(G54*M54, 1), "") | O54: =IF((H54+K54+M54)=0, "", (H54+K54+M54)) -> 9297.015 | P54: =IF(SUM(I54,L54,N54)<>0,SUM(I54,L54,N54),"") -> 27891
A55: 56900017016 | B55: 제 5호 | C55: 56900017016 | D55: 노 무 비 | E55: 내선전공 | F55: 인 | G55: =일위노임!G25 -> 0.33 | H55: =합산자재!H120 -> 0 | I55: =IF(G55*H55<>0, TRUNC(G55*H55, 1), "") | J55: 0.33 | K55: =합산자재!I120 -> 229252.88 | L55: =IF(G55*K55<>0, TRUNC(G55*K55, 1), "") -> 75653.4 | M55: =합산자재!J120 -> 0 | N55: =IF(G55*M55<>0, TRUNC(G55*M55, 1), "") | O55: =IF((H55+K55+M55)=0, "", (H55+K55+M55)) -> 229252.88 | P55: =IF(SUM(I55,L55,N55)<>0,SUM(I55,L55,N55),"") -> 75653.4 | AE55: =L55 -> 75653.4
A56: 56900017041 | B56: 제 5호 | C56: 56900017041 | D56: 노 무 비 | E56: 보통인부 | F56: 인 | G56: =일위노임!G26 -> 0.24 | H56: =합산자재!H125 -> 0 | I56: =IF(G56*H56<>0, TRUNC(G56*H56, 1), "") | J56: 0.24 | K56: =합산자재!I125 -> 131495.21 | L56: =IF(G56*K56<>0, TRUNC(G56*K56, 1), "") -> 31558.8 | M56: =합산자재!J125 -> 0 | N56: =IF(G56*M56<>0, TRUNC(G56*M56, 1), "") | O56: =IF((H56+K56+M56)=0, "", (H56+K56+M56)) -> 131495.21 | P56: =IF(SUM(I56,L56,N56)<>0,SUM(I56,L56,N56),"") -> 31558.8 | AE56: =L56 -> 31558.8
A57: A0300000000 | B57: 제 5호 | C57: A0300000000 | D57: [ 공 구 손 료 ] | E57: 노무비의 2 % | F57: 식 | G57: 1 | H57: =IF(TRUNC((AD58+AC58)/$AE$3,1)*$AE$3-AD58 <0, AC58, TRUNC((AD58+AC58)/$AE$3,1)*$AE$3-AD58) -> 2144.2 | I57: =H57 -> 2144.2 | J57: 1 | L57: =IF(G57*K57<>0, TRUNC(G57*K57, 1), "") | N57: =IF(G57*M57<>0, TRUNC(G57*M57, 1), "") | O57: =IF((H57+K57+M57)=0, "", (H57+K57+M57)) -> 2144.2 | P57: =IF(SUM(I57,L57,N57)<>0,SUM(I57,L57,N57),"") -> 2144.2
B58: 합계줄 | D58: ( 합 계 ) | I58: =TRUNC(SUM(I49:I57)) -> 46799 | L58: =TRUNC(SUM(L49:L57)) -> 112041 | N58: =TRUNC(SUM(N49:N57)) -> 2512 | O58: =IF((H58+K58+M58)=0, "", (H58+K58+M58)) | P58: =IF(SUM(I58,L58,N58)<>0,SUM(I58,L58,N58),"") -> 161352 | AC58: =TRUNC(AE58*옵션!$B$36/100,1) -> 2144.2 | AD58: =TRUNC(SUM(L49:L56)) -> 112041 | AE58: =TRUNC(SUM(AE49:AE57)) -> 107212
A60: 56951004514 | B60: 일목줄 | C60: E56951004514 | D60: [제 6호] 가로등중공기초 접지(유),500*800*700 [개소]
A61: MM599859674 | B61: 제 6호 | C61: MM599859674 | D61: 가로등중공기초(정방형) | E61: 500x800x700 | F61: 개 | G61: 1 | H61: =합산자재!H63 -> 125819.6 | I61: =IF(G61*H61<>0, TRUNC(G61*H61, 1), "") -> 125819.6 | J61: 1 | K61: =합산자재!I63 -> 0 | L61: =IF(G61*K61<>0, TRUNC(G61*K61, 1), "") | M61: =합산자재!J63 -> 0 | N61: =IF(G61*M61<>0, TRUNC(G61*M61, 1), "") | O61: =IF((H61+K61+M61)=0, "", (H61+K61+M61)) -> 125819.6 | P61: =IF(SUM(I61,L61,N61)<>0,SUM(I61,L61,N61),"") -> 125819.6
A62: CA565826048 | B62: 제 6호 | C62: CA565826048 | D62: 굴삭기 | E62: 0.2㎥ | F62: 분 | G62: 25.8 | H62: =합산자재!H118 -> 69.94897 | I62: =IF(G62*H62<>0, TRUNC(G62*H62, 1), "") -> 1804.6 | J62: 25.8 | K62: =합산자재!I118 -> 379.84947 | L62: =IF(G62*K62<>0, TRUNC(G62*K62, 1), "") -> 9800.1 | M62: =합산자재!J118 -> 185.05487 | N62: =IF(G62*M62<>0, TRUNC(G62*M62, 1), "") -> 4774.4 | O62: =IF((H62+K62+M62)=0, "", (H62+K62+M62)) -> 634.85331 | P62: =IF(SUM(I62,L62,N62)<>0,SUM(I62,L62,N62),"") -> 16379.1 | R62: ILD
A63: CA565885400 | B63: 제 6호 | C63: CA565885400 | D63: 래머 | E63: 80kg | F63: 분 | G63: 6.192 | H63: =합산자재!H119 -> 16.82317 | I63: =IF(G63*H63<>0, TRUNC(G63*H63, 1), "") -> 104.1 | J63: 6.192 | K63: =합산자재!I119 -> 326.72367 | L63: =IF(G63*K63<>0, TRUNC(G63*K63, 1), "") -> 2023 | M63: =합산자재!J119 -> 7.08344 | N63: =IF(G63*M63<>0, TRUNC(G63*M63, 1), "") -> 43.8 | O63: =IF((H63+K63+M63)=0, "", (H63+K63+M63)) -> 350.63028 | P63: =IF(SUM(I63,L63,N63)<>0,SUM(I63,L63,N63),"") -> 2170.9 | Q63: 167-하 | R63: ILD
A64: 56900017016 | B64: 제 6호 | C64: 56900017016 | D64: 노 무 비 | E64: 내선전공 | F64: 인 | G64: =일위노임!G30 -> 0.08 | H64: =합산자재!H120 -> 0 | I64: =IF(G64*H64<>0, TRUNC(G64*H64, 1), "") | J64: 0.08 | K64: =합산자재!I120 -> 229252.88 | L64: =IF(G64*K64<>0, TRUNC(G64*K64, 1), "") -> 18340.2 | M64: =합산자재!J120 -> 0 | N64: =IF(G64*M64<>0, TRUNC(G64*M64, 1), "") | O64: =IF((H64+K64+M64)=0, "", (H64+K64+M64)) -> 229252.88 | P64: =IF(SUM(I64,L64,N64)<>0,SUM(I64,L64,N64),"") -> 18340.2 | AE64: =L64 -> 18340.2
A65: 56900017041 | B65: 제 6호 | C65: 56900017041 | D65: 노 무 비 | E65: 보통인부 | F65: 인 | G65: =일위노임!G31 -> 0.19 | H65: =합산자재!H125 -> 0 | I65: =IF(G65*H65<>0, TRUNC(G65*H65, 1), "") | J65: 0.19 | K65: =합산자재!I125 -> 131495.21 | L65: =IF(G65*K65<>0, TRUNC(G65*K65, 1), "") -> 24984 | M65: =합산자재!J125 -> 0 | N65: =IF(G65*M65<>0, TRUNC(G65*M65, 1), "") | O65: =IF((H65+K65+M65)=0, "", (H65+K65+M65)) -> 131495.21 | P65: =IF(SUM(I65,L65,N65)<>0,SUM(I65,L65,N65),"") -> 24984 | AE65: =L65 -> 24984
A66: A0300000000 | B66: 제 6호 | C66: A0300000000 | D66: [ 공 구 손 료 ] | E66: 노무비의 2 % | F66: 식 | G66: 1 | H66: =IF(TRUNC((AD67+AC67)/$AE$3,1)*$AE$3-AD67 <0, AC67, TRUNC((AD67+AC67)/$AE$3,1)*$AE$3-AD67) -> 866.4 | I66: =H66 -> 866.4 | J66: 1 | L66: =IF(G66*K66<>0, TRUNC(G66*K66, 1), "") | N66: =IF(G66*M66<>0, TRUNC(G66*M66, 1), "") | O66: =IF((H66+K66+M66)=0, "", (H66+K66+M66)) -> 866.4 | P66: =IF(SUM(I66,L66,N66)<>0,SUM(I66,L66,N66),"") -> 866.4
B67: 합계줄 | D67: ( 합 계 ) | I67: =TRUNC(SUM(I60:I66)) -> 128594 | L67: =TRUNC(SUM(L60:L66)) -> 55147 | N67: =TRUNC(SUM(N60:N66)) -> 4818 | O67: =IF((H67+K67+M67)=0, "", (H67+K67+M67)) | P67: =IF(SUM(I67,L67,N67)<>0,SUM(I67,L67,N67),"") -> 188559 | AC67: =TRUNC(AE67*옵션!$B$36/100,1) -> 866.4 | AD67: =TRUNC(SUM(L60:L65)) -> 55147 | AE67: =TRUNC(SUM(AE60:AE66)) -> 43324
A69: 56951004517 | B69: 일목줄 | C69: EA1000002000 | D69: [제 7호] 가로등 건주 기계화 시공 일반 5m-7m [개소]
A70: CA565826045 | B70: 제 7호 | C70: CA565826045 | D70: 크레인 | E70: 타이어 30 Ton | F70: 분 | G70: 33 | H70: =합산자재!H117 -> 208.07605 | I70: =IF(G70*H70<>0, TRUNC(G70*H70, 1), "") -> 6866.5 | J70: 33 | K70: =합산자재!I117 -> 585.26923 | L70: =IF(G70*K70<>0, TRUNC(G70*K70, 1), "") -> 19313.8 | M70: =합산자재!J117 -> 757.04265 | N70: =IF(G70*M70<>0, TRUNC(G70*M70, 1), "") -> 24982.4 | O70: =IF((H70+K70+M70)=0, "", (H70+K70+M70)) -> 1550.3879 | P70: =IF(SUM(I70,L70,N70)<>0,SUM(I70,L70,N70),"") -> 51162.7 | Q70: 종합적산680 | R70: ILD
A71: 56900017016 | B71: 제 7호 | C71: 56900017016 | D71: 노 무 비 | E71: 내선전공 | F71: 인 | G71: =일위노임!G34 -> 0.31 | H71: =합산자재!H120 -> 0 | I71: =IF(G71*H71<>0, TRUNC(G71*H71, 1), "") | J71: 0.31 | K71: =합산자재!I120 -> 229252.88 | L71: =IF(G71*K71<>0, TRUNC(G71*K71, 1), "") -> 71068.3 | M71: =합산자재!J120 -> 0 | N71: =IF(G71*M71<>0, TRUNC(G71*M71, 1), "") | O71: =IF((H71+K71+M71)=0, "", (H71+K71+M71)) -> 229252.88 | P71: =IF(SUM(I71,L71,N71)<>0,SUM(I71,L71,N71),"") -> 71068.3 | AE71: =L71 -> 71068.3
A72: A0300000000 | B72: 제 7호 | C72: A0300000000 | D72: [ 공 구 손 료 ] | E72: 노무비의 2 % | F72: 식 | G72: 1 | H72: =IF(TRUNC((AD73+AC73)/$AE$3,1)*$AE$3-AD73 <0, AC73, TRUNC((AD73+AC73)/$AE$3,1)*$AE$3-AD73) -> 1421.3 | I72: =H72 -> 1421.3 | J72: 1 | L72: =IF(G72*K72<>0, TRUNC(G72*K72, 1), "") | N72: =IF(G72*M72<>0, TRUNC(G72*M72, 1), "") | O72: =IF((H72+K72+M72)=0, "", (H72+K72+M72)) -> 1421.3 | P72: =IF(SUM(I72,L72,N72)<>0,SUM(I72,L72,N72),"") -> 1421.3
B73: 합계줄 | D73: ( 합 계 ) | I73: =TRUNC(SUM(I69:I72)) -> 8287 | L73: =TRUNC(SUM(L69:L72)) -> 90382 | N73: =TRUNC(SUM(N69:N72)) -> 24982 | O73: =IF((H73+K73+M73)=0, "", (H73+K73+M73)) | P73: =IF(SUM(I73,L73,N73)<>0,SUM(I73,L73,N73),"") -> 123651 | AC73: =TRUNC(AE73*옵션!$B$36/100,1) -> 1421.3 | AD73: =TRUNC(SUM(L69:L71)) -> 90382 | AE73: =TRUNC(SUM(AE69:AE72)) -> 71068
A75: 56959000166 | B75: 일목줄 | C75: E56959000166 | D75: [제 8호] 정원등중공기초 400x500x565x400 [개소]
A76: MMJ24368104 | B76: 제 8호 | C76: MMJ24368104 | D76: 가로등중공기초(직각형) | E76: 400x500x565x400 | F76: 개 | G76: 1 | H76: =합산자재!H108 -> 88543 | I76: =IF(G76*H76<>0, TRUNC(G76*H76, 1), "") -> 88543 | J76: 1 | K76: =합산자재!I108 -> 0 | L76: =IF(G76*K76<>0, TRUNC(G76*K76, 1), "") | M76: =합산자재!J108 -> 0 | N76: =IF(G76*M76<>0, TRUNC(G76*M76, 1), "") | O76: =IF((H76+K76+M76)=0, "", (H76+K76+M76)) -> 88543 | P76: =IF(SUM(I76,L76,N76)<>0,SUM(I76,L76,N76),"") -> 88543
A77: CA565826048 | B77: 제 8호 | C77: CA565826048 | D77: 굴삭기 | E77: 0.2㎥ | F77: 분 | G77: 25.8 | H77: =합산자재!H118 -> 69.94897 | I77: =IF(G77*H77<>0, TRUNC(G77*H77, 1), "") -> 1804.6 | J77: 25.8 | K77: =합산자재!I118 -> 379.84947 | L77: =IF(G77*K77<>0, TRUNC(G77*K77, 1), "") -> 9800.1 | M77: =합산자재!J118 -> 185.05487 | N77: =IF(G77*M77<>0, TRUNC(G77*M77, 1), "") -> 4774.4 | O77: =IF((H77+K77+M77)=0, "", (H77+K77+M77)) -> 634.85331 | P77: =IF(SUM(I77,L77,N77)<>0,SUM(I77,L77,N77),"") -> 16379.1 | R77: ILD
A78: CA565885400 | B78: 제 8호 | C78: CA565885400 | D78: 래머 | E78: 80kg | F78: 분 | G78: 6.192 | H78: =합산자재!H119 -> 16.82317 | I78: =IF(G78*H78<>0, TRUNC(G78*H78, 1), "") -> 104.1 | J78: 6.192 | K78: =합산자재!I119 -> 326.72367 | L78: =IF(G78*K78<>0, TRUNC(G78*K78, 1), "") -> 2023 | M78: =합산자재!J119 -> 7.08344 | N78: =IF(G78*M78<>0, TRUNC(G78*M78, 1), "") -> 43.8 | O78: =IF((H78+K78+M78)=0, "", (H78+K78+M78)) -> 350.63028 | P78: =IF(SUM(I78,L78,N78)<>0,SUM(I78,L78,N78),"") -> 2170.9 | Q78: 167-하 | R78: ILD
A79: 56900017016 | B79: 제 8호 | C79: 56900017016 | D79: 노 무 비 | E79: 내선전공 | F79: 인 | G79: =일위노임!G38 -> 0.04 | H79: =합산자재!H120 -> 0 | I79: =IF(G79*H79<>0, TRUNC(G79*H79, 1), "") | J79: 0.04 | K79: =합산자재!I120 -> 229252.88 | L79: =IF(G79*K79<>0, TRUNC(G79*K79, 1), "") -> 9170.1 | M79: =합산자재!J120 -> 0 | N79: =IF(G79*M79<>0, TRUNC(G79*M79, 1), "") | O79: =IF((H79+K79+M79)=0, "", (H79+K79+M79)) -> 229252.88 | P79: =IF(SUM(I79,L79,N79)<>0,SUM(I79,L79,N79),"") -> 9170.1 | AE79: =L79 -> 9170.1
A80: 56900017041 | B80: 제 8호 | C80: 56900017041 | D80: 노 무 비 | E80: 보통인부 | F80: 인 | G80: =일위노임!G39 -> 0.095 | H80: =합산자재!H125 -> 0 | I80: =IF(G80*H80<>0, TRUNC(G80*H80, 1), "") | J80: 0.095 | K80: =합산자재!I125 -> 131495.21 | L80: =IF(G80*K80<>0, TRUNC(G80*K80, 1), "") -> 12492 | M80: =합산자재!J125 -> 0 | N80: =IF(G80*M80<>0, TRUNC(G80*M80, 1), "") | O80: =IF((H80+K80+M80)=0, "", (H80+K80+M80)) -> 131495.21 | P80: =IF(SUM(I80,L80,N80)<>0,SUM(I80,L80,N80),"") -> 12492 | AE80: =L80 -> 12492
A81: A0300000000 | B81: 제 8호 | C81: A0300000000 | D81: [ 공 구 손 료 ] | E81: 노무비의 2 % | F81: 식 | G81: 1 | H81: =IF(TRUNC((AD82+AC82)/$AE$3,1)*$AE$3-AD82 <0, AC82, TRUNC((AD82+AC82)/$AE$3,1)*$AE$3-AD82) -> 433.2 | I81: =H81 -> 433.2 | J81: 1 | L81: =IF(G81*K81<>0, TRUNC(G81*K81, 1), "") | N81: =IF(G81*M81<>0, TRUNC(G81*M81, 1), "") | O81: =IF((H81+K81+M81)=0, "", (H81+K81+M81)) -> 433.2 | P81: =IF(SUM(I81,L81,N81)<>0,SUM(I81,L81,N81),"") -> 433.2
B82: 합계줄 | D82: ( 합 계 ) | I82: =TRUNC(SUM(I75:I81)) -> 90884 | L82: =TRUNC(SUM(L75:L81)) -> 33485 | N82: =TRUNC(SUM(N75:N81)) -> 4818 | O82: =IF((H82+K82+M82)=0, "", (H82+K82+M82)) | P82: =IF(SUM(I82,L82,N82)<>0,SUM(I82,L82,N82),"") -> 129187 | AC82: =TRUNC(AE82*옵션!$B$36/100,1) -> 433.2 | AD82: =TRUNC(SUM(L75:L80)) -> 33485 | AE82: =TRUNC(SUM(AE75:AE81)) -> 21662
A84: 5975A337002 | B84: 일목줄 | C84: E59750337002 | D84: [제 9호] 강제전선관 아연도 22 mm [M.]
A85: 59750337002 | B85: 제 9호 | C85: 59750337002 | D85: 강제전선관 | E85: 아연도 22 mm | F85: M | G85: 1 | H85: =합산자재!H4 -> 2106.438 | I85: =IF(G85*H85<>0, TRUNC(G85*H85, 1), "") -> 2106.4 | J85: 1 | K85: =합산자재!I4 -> 0 | L85: =IF(G85*K85<>0, TRUNC(G85*K85, 1), "") | M85: =합산자재!J4 -> 0 | N85: =IF(G85*M85<>0, TRUNC(G85*M85, 1), "") | O85: =IF((H85+K85+M85)=0, "", (H85+K85+M85)) -> 2106.438 | P85: =IF(SUM(I85,L85,N85)<>0,SUM(I85,L85,N85),"") -> 2106.4 | AB85: =I85 -> 2106.4 | AC85: =G85*H85 -> 2106.438
A86: A0500000000 | B86: 제 9호 | C86: A0500000000 | D86: [ 배관 부속재 ] | E86: 전선관의 15 % | F86: 식 | G86: 1 | H86: =TRUNC(AB86*옵션!$B$31/100,1) -> 315.9 | I86: =IF(G86*H86<>0, TRUNC(G86*H86, 1), "") -> 315.9 | J86: 1 | L86: =IF(G86*K86<>0, TRUNC(G86*K86, 1), "") | N86: =IF(G86*M86<>0, TRUNC(G86*M86, 1), "") | O86: =IF((H86+K86+M86)=0, "", (H86+K86+M86)) -> 315.9 | P86: =IF(SUM(I86,L86,N86)<>0,SUM(I86,L86,N86),"") -> 315.9 | AB86: =TRUNC(SUM(AB84:AB85)) -> 2106
A87: A0100000000 | B87: 제 9호 | C87: A0100000000 | D87: [ 소모 잡자재 ] | E87: 전선, 전선관의 2 % | F87: 식 | G87: 1 | H87: =IF(TRUNC((AD87+AC87)/$AD$3,1)*$AD$3-AD87 <0, AC87, TRUNC((AD87+AC87)/$AD$3,1)*$AD$3-AD87) -> 42.1 | I87: =H87 -> 42.1 | J87: 1 | L87: =IF(G87*K87<>0, TRUNC(G87*K87, 1), "") | N87: =IF(G87*M87<>0, TRUNC(G87*M87, 1), "") | O87: =IF((H87+K87+M87)=0, "", (H87+K87+M87)) -> 42.1 | P87: =IF(SUM(I87,L87,N87)<>0,SUM(I87,L87,N87),"") -> 42.1 | AC87: =TRUNC(TRUNC(SUM(AC84:AC86))*옵션!$B$33/100,1) -> 42.1 | AD87: =TRUNC(SUM(I84:I86))+TRUNC(SUM(N84:N86)) -> 2422
A88: 56900017016 | B88: 제 9호 | C88: 56900017016 | D88: 노 무 비 | E88: 내선전공 | F88: 인 | G88: =일위노임!G42 -> 0.11 | H88: =합산자재!H120 -> 0 | I88: =IF(G88*H88<>0, TRUNC(G88*H88, 1), "") | J88: 0.11 | K88: =합산자재!I120 -> 229252.88 | L88: =IF(G88*K88<>0, TRUNC(G88*K88, 1), "") -> 25217.8 | M88: =합산자재!J120 -> 0 | N88: =IF(G88*M88<>0, TRUNC(G88*M88, 1), "") | O88: =IF((H88+K88+M88)=0, "", (H88+K88+M88)) -> 229252.88 | P88: =IF(SUM(I88,L88,N88)<>0,SUM(I88,L88,N88),"") -> 25217.8 | AE88: =L88 -> 25217.8
A89: A0300000000 | B89: 제 9호 | C89: A0300000000 | D89: [ 공 구 손 료 ] | E89: 노무비의 2 % | F89: 식 | G89: 1 | H89: =IF(TRUNC((AD90+AC90)/$AE$3,1)*$AE$3-AD90 <0, AC90, TRUNC((AD90+AC90)/$AE$3,1)*$AE$3-AD90) -> 504.3 | I89: =H89 -> 504.3 | J89: 1 | L89: =IF(G89*K89<>0, TRUNC(G89*K89, 1), "") | N89: =IF(G89*M89<>0, TRUNC(G89*M89, 1), "") | O89: =IF((H89+K89+M89)=0, "", (H89+K89+M89)) -> 504.3 | P89: =IF(SUM(I89,L89,N89)<>0,SUM(I89,L89,N89),"") -> 504.3
B90: 합계줄 | D90: ( 합 계 ) | I90: =TRUNC(SUM(I84:I89)) -> 2968 | L90: =TRUNC(SUM(L84:L89)) -> 25217 | N90: =TRUNC(SUM(N84:N89)) -> 0 | O90: =IF((H90+K90+M90)=0, "", (H90+K90+M90)) | P90: =IF(SUM(I90,L90,N90)<>0,SUM(I90,L90,N90),"") -> 28185 | AC90: =TRUNC(AE90*옵션!$B$36/100,1) -> 504.3 | AD90: =TRUNC(SUM(L84:L88)) -> 25217 | AE90: =TRUNC(SUM(AE84:AE89)) -> 25217
A92: 5975A337004 | B92: 일목줄 | C92: E59750337004 | D92: [제 10호] 강제전선관 아연도 36 mm [M.]
A93: 59750337004 | B93: 제 10호 | C93: 59750337004 | D93: 강제전선관 | E93: 아연도 36 mm | F93: M | G93: 1 | H93: =합산자재!H5 -> 3488.5942 | I93: =IF(G93*H93<>0, TRUNC(G93*H93, 1), "") -> 3488.5 | J93: 1 | K93: =합산자재!I5 -> 0 | L93: =IF(G93*K93<>0, TRUNC(G93*K93, 1), "") | M93: =합산자재!J5 -> 0 | N93: =IF(G93*M93<>0, TRUNC(G93*M93, 1), "") | O93: =IF((H93+K93+M93)=0, "", (H93+K93+M93)) -> 3488.5942 | P93: =IF(SUM(I93,L93,N93)<>0,SUM(I93,L93,N93),"") -> 3488.5 | AB93: =I93 -> 3488.5 | AC93: =G93*H93 -> 3488.5942
